timestamp,sport,marche,selection,prob_modele,prob_marche_novig,cote_prise,book,edge,mise_u,cote_fermeture,resultat,version_modele,id,date,event_id,match,commence_time,joueur,ligne,k,prob_brute,prob_calibree,statut,cote_juste,fermeture_novig,clv,source,cote_reference,book_reference,selectionne,clv_reference,prob_finale,legs,player_id,ligne_reference
2026-09-23,mlb,props_k,Reid Detmers Over 5.5 K,0.524,,,,,0,,VOID,historique-results.json,2026-09-23|mlb|props_k|Reid Detmers Over 5.5 K|hist,2026-09-23,,Los Angeles Angels @ Athletics,,Reid Detmers,5.5,6,,,,,,,import results.json,,,1,,,,,
2026-09-22,mlb,props_k,Payton Tolle Over 5.5 K,0.523,,,,,0,,L,historique-results.json,2026-09-22|mlb|props_k|Payton Tolle Over 5.5 K|hist,2026-09-22,,Cleveland Guardians @ Boston Red Sox,,Payton Tolle,5.5,6,,,,,,,import results.json,2.35,,1,,,,,
2026-09-22,mlb,props_k,Reid Detmers Over 5.5 K,0.526,,,,,0,,VOID,historique-results.json,2026-09-22|mlb|props_k|Reid Detmers Over 5.5 K|hist,2026-09-22,,Los Angeles Angels @ Athletics,,Reid Detmers,5.5,6,,,,,,,import results.json,,,1,,,,,
2026-09-22,mlb,mlb_ml,Cincinnati Reds ML,0.344,,,,,0,,W,historique-results.json,2026-09-22|mlb|mlb_ml|Cincinnati Reds ML|hist,2026-09-22,,Cincinnati Reds @ Atlanta Braves,,,,,,,,,,,import results.json,3.13,,1,,,,,
2026-09-22,mlb,mlb_ml,San Francisco Giants ML,0.48,,,,,0,,L,historique-results.json,2026-09-22|mlb|mlb_ml|San Francisco Giants ML|hist,2026-09-22,,Minnesota Twins @ San Francisco Giants,,,,,,,,,,,import results.json,2.23,,1,,,,,
2026-09-22,mlb,mlb_ml,Milwaukee Brewers ML,0.48,,,,,0,,L,historique-results.json,2026-09-22|mlb|mlb_ml|Milwaukee Brewers ML|hist,2026-09-22,,Milwaukee Brewers @ Philadelphia Phillies,,,,,,,,,,,import results.json,2.23,,1,,,,,
2026-09-22,mlb,mlb_ml,Miami Marlins ML,0.377,,,,,0,,W,historique-results.json,2026-09-22|mlb|mlb_ml|Miami Marlins ML|hist,2026-09-22,,Miami Marlins @ Chicago Cubs,,,,,,,,,,,import results.json,2.81,,1,,,,,
2026-09-22,mlb,mlb_ml,Texas Rangers ML,0.57,,,,,0,,L,historique-results.json,2026-09-22|mlb|mlb_ml|Texas Rangers ML|hist,2026-09-22,,New York Mets @ Texas Rangers,,,,,,,,,,,import results.json,1.84,,1,,,,,
2026-09-22,mlb,mlb_rl,Texas Rangers -1.5,0.407,,,,,0,,L,historique-results.json,2026-09-22|mlb|mlb_rl|Texas Rangers -1.5|hist,2026-09-22,,New York Mets @ Texas Rangers,,,,,,,,,,,import results.json,2.73,,1,,,,,
2026-09-22,mlb,mlb_rl,Boston Red Sox -1.5,0.369,,,,,0,,L,historique-results.json,2026-09-22|mlb|mlb_rl|Boston Red Sox -1.5|hist,2026-09-22,,Cleveland Guardians @ Boston Red Sox,,,,,,,,,,,import results.json,2.85,,1,,,,,
2026-09-22,mlb,mlb_ml,Boston Red Sox ML,0.551,,,,,0,,L,historique-results.json,2026-09-22|mlb|mlb_ml|Boston Red Sox ML|hist,2026-09-22,,Cleveland Guardians @ Boston Red Sox,,,,,,,,,,,import results.json,1.85,,1,,,,,
2026-09-22,mlb,mlb_ml,Athletics ML,0.524,,,,,0,,W,historique-results.json,2026-09-22|mlb|mlb_ml|Athletics ML|hist,2026-09-22,,Los Angeles Angels @ Athletics,,,,,,,,,,,import results.json,1.95,,1,,,,,
2026-09-22,mlb,mlb_ml,Chicago White Sox ML,0.535,,,,,0,,W,historique-results.json,2026-09-22|mlb|mlb_ml|Chicago White Sox ML|hist,2026-09-22,,Chicago White Sox @ Kansas City Royals,,,,,,,,,,,import results.json,1.88,,1,,,,,
2026-09-22,mlb,mlb_ml,Arizona Diamondbacks ML,0.645,,,,,0,,W,historique-results.json,2026-09-22|mlb|mlb_ml|Arizona Diamondbacks ML|hist,2026-09-22,,Arizona Diamondbacks @ Colorado Rockies,,,,,,,,,,,import results.json,1.55,,1,,,,,
2026-09-22,mlb,mlb_ml,Pittsburgh Pirates ML,0.63,,,,,0,,W,historique-results.json,2026-09-22|mlb|mlb_ml|Pittsburgh Pirates ML|hist,2026-09-22,,St. Louis Cardinals @ Pittsburgh Pirates,,,,,,,,,,,import results.json,1.65,,1,,,,,
2026-09-22,mlb,mlb_ml,St. Louis Cardinals ML,0.37,,,,,0,,L,historique-results.json,2026-09-22|mlb|mlb_ml|St. Louis Cardinals ML|hist,2026-09-22,,St. Louis Cardinals @ Pittsburgh Pirates,,,,,,,,,,,import results.json,2.76,,1,,,,,
2026-09-22,mlb,mlb_ml,Washington Nationals ML,0.383,,,,,0,,W,historique-results.json,2026-09-22|mlb|mlb_ml|Washington Nationals ML|hist,2026-09-22,,Washington Nationals @ Detroit Tigers,,,,,,,,,,,import results.json,2.8,,1,,,,,
2026-09-22,mlb,mlb_ml,Detroit Tigers ML,0.617,,,,,0,,L,historique-results.json,2026-09-22|mlb|mlb_ml|Detroit Tigers ML|hist,2026-09-22,,Washington Nationals @ Detroit Tigers,,,,,,,,,,,import results.json,1.69,,1,,,,,
2026-09-21,mlb,props_k,Trey Yesavage Over 3.5 K,0.601,,,,,0,,L,historique-results.json,2026-09-21|mlb|props_k|Trey Yesavage Over 3.5 K|hist,2026-09-21,,Toronto Blue Jays @ Baltimore Orioles,,Trey Yesavage,3.5,4,,,,,,,import results.json,2.12,,1,,,,,
2026-09-21,mlb,mlb_ml,Baltimore Orioles ML,0.522,,,,,0,,W,historique-results.json,2026-09-21|mlb|mlb_ml|Baltimore Orioles ML|hist,2026-09-21,,Toronto Blue Jays @ Baltimore Orioles,,,,,,,,,,,import results.json,1.95,,1,,,,,
2026-09-20,mlb,props_k,Tanner Bibee Over 3.5 K,0.525,,,,,0,,VOID,historique-results.json,2026-09-20|mlb|props_k|Tanner Bibee Over 3.5 K|hist,2026-09-20,,Athletics @ Cleveland Guardians,,Tanner Bibee,3.5,4,,,,,,,import results.json,,,1,,,,,
2026-09-20,mlb,props_k,Gavin Williams Over 7.5 K,0.481,,,,,0,,W,historique-results.json,2026-09-20|mlb|props_k|Gavin Williams Over 7.5 K|hist,2026-09-20,,Athletics @ Cleveland Guardians,,Gavin Williams,7.5,8,,,,,,,import results.json,,,1,,,,,
2026-09-20,mlb,props_k,Parker Messick Over 5.5 K,0.525,,,,,0,,VOID,historique-results.json,2026-09-20|mlb|props_k|Parker Messick Over 5.5 K|hist,2026-09-20,,Athletics @ Cleveland Guardians,,Parker Messick,5.5,6,,,,,,,import results.json,,,1,,,,,
2026-09-20,mlb,props_k,Ian Seymour Over 6.5 K,0.469,,,,,0,,VOID,historique-results.json,2026-09-20|mlb|props_k|Ian Seymour Over 6.5 K|hist,2026-09-20,,Boston Red Sox @ Tampa Bay Rays,,Ian Seymour,6.5,7,,,,,,,import results.json,2.4,,1,,,,,
2026-09-20,mlb,props_k,Bryan Woo Over 5.5 K,0.512,,,,,0,,VOID,historique-results.json,2026-09-20|mlb|props_k|Bryan Woo Over 5.5 K|hist,2026-09-20,,Seattle Mariners @ Colorado Rockies,,Bryan Woo,5.5,6,,,,,,,import results.json,2.25,,1,,,,,
2026-09-20,mlb,props_k,Cade Cavalli Over 6.5 K,0.492,,,,,0,,VOID,historique-results.json,2026-09-20|mlb|props_k|Cade Cavalli Over 6.5 K|hist,2026-09-20,,Washington Nationals @ St. Louis Cardinals,,Cade Cavalli,6.5,7,,,,,,,import results.json,2.5,,1,,,,,
2026-09-19,mlb,props_k,Tanner Bibee Over 3.5 K,0.525,,,,,0,,L,historique-results.json,2026-09-19|mlb|props_k|Tanner Bibee Over 3.5 K|hist,2026-09-19,,Athletics @ Cleveland Guardians,,Tanner Bibee,3.5,4,,,,,,,import results.json,,,1,,,,,
2026-09-19,mlb,props_k,Gavin Williams Over 7.5 K,0.481,,,,,0,,VOID,historique-results.json,2026-09-19|mlb|props_k|Gavin Williams Over 7.5 K|hist,2026-09-19,,Athletics @ Cleveland Guardians,,Gavin Williams,7.5,8,,,,,,,import results.json,,,1,,,,,
2026-09-19,mlb,props_k,Parker Messick Over 5.5 K,0.525,,,,,0,,VOID,historique-results.json,2026-09-19|mlb|props_k|Parker Messick Over 5.5 K|hist,2026-09-19,,Athletics @ Cleveland Guardians,,Parker Messick,5.5,6,,,,,,,import results.json,,,1,,,,,
2026-09-19,mlb,props_k,Ian Seymour Over 6.5 K,0.469,,,,,0,,VOID,historique-results.json,2026-09-19|mlb|props_k|Ian Seymour Over 6.5 K|hist,2026-09-19,,Boston Red Sox @ Tampa Bay Rays,,Ian Seymour,6.5,7,,,,,,,import results.json,2.4,,1,,,,,
2026-09-19,mlb,props_k,Bryan Woo Over 5.5 K,0.512,,,,,0,,VOID,historique-results.json,2026-09-19|mlb|props_k|Bryan Woo Over 5.5 K|hist,2026-09-19,,Seattle Mariners @ Colorado Rockies,,Bryan Woo,5.5,6,,,,,,,import results.json,2.25,,1,,,,,
2026-09-19,mlb,props_k,Cade Cavalli Over 6.5 K,0.492,,,,,0,,VOID,historique-results.json,2026-09-19|mlb|props_k|Cade Cavalli Over 6.5 K|hist,2026-09-19,,Washington Nationals @ St. Louis Cardinals,,Cade Cavalli,6.5,7,,,,,,,import results.json,2.5,,1,,,,,
2026-09-18,mlb,props_k,Tanner Bibee Over 3.5 K,0.525,,,,,0,,VOID,historique-results.json,2026-09-18|mlb|props_k|Tanner Bibee Over 3.5 K|hist,2026-09-18,,Athletics @ Cleveland Guardians,,Tanner Bibee,3.5,4,,,,,,,import results.json,,,1,,,,,
2026-09-18,mlb,props_k,Gavin Williams Over 7.5 K,0.481,,,,,0,,VOID,historique-results.json,2026-09-18|mlb|props_k|Gavin Williams Over 7.5 K|hist,2026-09-18,,Athletics @ Cleveland Guardians,,Gavin Williams,7.5,8,,,,,,,import results.json,,,1,,,,,
2026-09-18,mlb,props_k,Parker Messick Over 5.5 K,0.525,,,,,0,,VOID,historique-results.json,2026-09-18|mlb|props_k|Parker Messick Over 5.5 K|hist,2026-09-18,,Athletics @ Cleveland Guardians,,Parker Messick,5.5,6,,,,,,,import results.json,,,1,,,,,
2026-09-18,mlb,props_k,Ian Seymour Over 6.5 K,0.469,,,,,0,,L,historique-results.json,2026-09-18|mlb|props_k|Ian Seymour Over 6.5 K|hist,2026-09-18,,Boston Red Sox @ Tampa Bay Rays,,Ian Seymour,6.5,7,,,,,,,import results.json,2.4,,1,,,,,
2026-09-18,mlb,props_k,Bryan Woo Over 5.5 K,0.512,,,,,0,,L,historique-results.json,2026-09-18|mlb|props_k|Bryan Woo Over 5.5 K|hist,2026-09-18,,Seattle Mariners @ Colorado Rockies,,Bryan Woo,5.5,6,,,,,,,import results.json,2.25,,1,,,,,
2026-09-18,mlb,props_k,Cade Cavalli Over 6.5 K,0.492,,,,,0,,L,historique-results.json,2026-09-18|mlb|props_k|Cade Cavalli Over 6.5 K|hist,2026-09-18,,Washington Nationals @ St. Louis Cardinals,,Cade Cavalli,6.5,7,,,,,,,import results.json,2.5,,1,,,,,
2026-09-18,mlb,mlb_ml,Boston Red Sox ML,0.494,,,,,0,,W,historique-results.json,2026-09-18|mlb|mlb_ml|Boston Red Sox ML|hist,2026-09-18,,Boston Red Sox @ Tampa Bay Rays,,,,,,,,,,,import results.json,2.22,,1,,,,,
2026-09-18,mlb,mlb_ml,Toronto Blue Jays ML,0.575,,,,,0,,L,historique-results.json,2026-09-18|mlb|mlb_ml|Toronto Blue Jays ML|hist,2026-09-18,,Toronto Blue Jays @ Texas Rangers,,,,,,,,,,,import results.json,1.76,,1,,,,,
2026-09-18,mlb,mlb_ml,San Francisco Giants ML,0.311,,,,,0,,L,historique-results.json,2026-09-18|mlb|mlb_ml|San Francisco Giants ML|hist,2026-09-18,,San Francisco Giants @ Los Angeles Dodgers,,,,,,,,,,,import results.json,3.65,,1,,,,,
2026-09-18,mlb,mlb_ml,Philadelphia Phillies ML,0.509,,,,,0,,L,historique-results.json,2026-09-18|mlb|mlb_ml|Philadelphia Phillies ML|hist,2026-09-18,,Philadelphia Phillies @ New York Mets,,,,,,,,,,,import results.json,2.12,,1,,,,,
2026-09-18,mlb,mlb_ml,Colorado Rockies ML,0.401,,,,,0,,L,historique-results.json,2026-09-18|mlb|mlb_ml|Colorado Rockies ML|hist,2026-09-18,,Seattle Mariners @ Colorado Rockies,,,,,,,,,,,import results.json,2.65,,1,,,,,
2026-09-18,mlb,mlb_ml,St. Louis Cardinals ML,0.512,,,,,0,,L,historique-results.json,2026-09-18|mlb|mlb_ml|St. Louis Cardinals ML|hist,2026-09-18,,Washington Nationals @ St. Louis Cardinals,,,,,,,,,,,import results.json,2,,1,,,,,
2026-09-18,mlb,mlb_ml,Kansas City Royals ML,0.384,,,,,0,,L,historique-results.json,2026-09-18|mlb|mlb_ml|Kansas City Royals ML|hist,2026-09-18,,Kansas City Royals @ Pittsburgh Pirates,,,,,,,,,,,import results.json,2.63,,1,,,,,
2026-09-18,mlb,mlb_ml,Houston Astros ML,0.478,,,,,0,,L,historique-results.json,2026-09-18|mlb|mlb_ml|Houston Astros ML|hist,2026-09-18,,Atlanta Braves @ Houston Astros,,,,,,,,,,,import results.json,2.1,,1,,,,,
2026-09-18,mlb,mlb_ml,Detroit Tigers ML,0.459,,,,,0,,W,historique-results.json,2026-09-18|mlb|mlb_ml|Detroit Tigers ML|hist,2026-09-18,,Detroit Tigers @ Chicago White Sox,,,,,,,,,,,import results.json,2.18,,1,,,,,
2026-09-17,mlb,props_k,Griffin Jax Over 5.5 K,0.488,,,,,0,,VOID,historique-results.json,2026-09-17|mlb|props_k|Griffin Jax Over 5.5 K|hist,2026-09-17,,Athletics @ Tampa Bay Rays,,Griffin Jax,5.5,6,,,,,,,import results.json,,,1,,,,,
2026-09-17,mlb,props_k,Jake Bennett Over 4.5 K,0.554,,,,,0,,VOID,historique-results.json,2026-09-17|mlb|props_k|Jake Bennett Over 4.5 K|hist,2026-09-17,,Boston Red Sox @ Texas Rangers,,Jake Bennett,4.5,5,,,,,,,import results.json,2.16,,1,,,,,
2026-09-17,mlb,props_k,Mason Adams Over 3.5 K,0.605,,,,,0,,VOID,historique-results.json,2026-09-17|mlb|props_k|Mason Adams Over 3.5 K|hist,2026-09-17,,San Diego Padres @ Colorado Rockies,,Mason Adams,3.5,4,,,,,,,import results.json,1.96,,1,,,,,
2026-09-17,mlb,props_k,Jared Jones Over 5.5 K,0.473,,,,,0,,VOID,historique-results.json,2026-09-17|mlb|props_k|Jared Jones Over 5.5 K|hist,2026-09-17,,Milwaukee Brewers @ Pittsburgh Pirates,,Jared Jones,5.5,6,,,,,,,import results.json,,,1,,,,,
2026-09-16,mlb,props_k,Parker Messick Over 5.5 K,0.514,,,,,0,,W,historique-results.json,2026-09-16|mlb|props_k|Parker Messick Over 5.5 K|hist,2026-09-16,,Chicago White Sox @ Cleveland Guardians,,Parker Messick,5.5,6,,,,,,,import results.json,,,1,,,,,
2026-09-16,mlb,props_k,Matthew Liberatore Over 6.5 K,0.462,,,,,0,,L,historique-results.json,2026-09-16|mlb|props_k|Matthew Liberatore Over 6.5 K|hist,2026-09-16,,San Francisco Giants @ St. Louis Cardinals,,Matthew Liberatore,6.5,7,,,,,,,import results.json,,,1,,,,,
2026-09-16,mlb,props_k,Griffin Jax Over 5.5 K,0.488,,,,,0,,VOID,historique-results.json,2026-09-16|mlb|props_k|Griffin Jax Over 5.5 K|hist,2026-09-16,,Athletics @ Tampa Bay Rays,,Griffin Jax,5.5,6,,,,,,,import results.json,,,1,,,,,
2026-09-16,mlb,props_k,Jared Jones Over 5.5 K,0.473,,,,,0,,W,historique-results.json,2026-09-16|mlb|props_k|Jared Jones Over 5.5 K|hist,2026-09-16,,Milwaukee Brewers @ Pittsburgh Pirates,,Jared Jones,5.5,6,,,,,,,import results.json,,,1,,,,,
2026-09-16,mlb,props_k,Zack Wheeler Over 5.5 K,0.489,,,,,0,,L,historique-results.json,2026-09-16|mlb|props_k|Zack Wheeler Over 5.5 K|hist,2026-09-16,,Philadelphia Phillies @ Washington Nationals,,Zack Wheeler,5.5,6,,,,,,,import results.json,,,1,,,,,
2026-09-16,mlb,props_k,Shota Imanaga Over 4.5 K,0.469,,,,,0,,W,historique-results.json,2026-09-16|mlb|props_k|Shota Imanaga Over 4.5 K|hist,2026-09-16,,Atlanta Braves @ Chicago Cubs,,Shota Imanaga,4.5,5,,,,,,,import results.json,,,1,,,,,
2026-09-16,mlb,mlb_ml,San Francisco Giants ML,0.441,,,,,0,,W,historique-results.json,2026-09-16|mlb|mlb_ml|San Francisco Giants ML|hist,2026-09-16,,San Francisco Giants @ St. Louis Cardinals,,,,,,,,,,,import results.json,2.44,,1,,,,,
2026-09-16,mlb,mlb_ml,Miami Marlins ML,0.494,,,,,0,,W,historique-results.json,2026-09-16|mlb|mlb_ml|Miami Marlins ML|hist,2026-09-16,,Miami Marlins @ Arizona Diamondbacks,,,,,,,,,,,import results.json,2.18,,1,,,,,
2026-09-16,mlb,mlb_ml,Athletics ML,0.408,,,,,0,,L,historique-results.json,2026-09-16|mlb|mlb_ml|Athletics ML|hist,2026-09-16,,Athletics @ Tampa Bay Rays,,,,,,,,,,,import results.json,2.61,,1,,,,,
2026-09-16,mlb,mlb_ml,Colorado Rockies ML,0.425,,,,,0,,L,historique-results.json,2026-09-16|mlb|mlb_ml|Colorado Rockies ML|hist,2026-09-16,,San Diego Padres @ Colorado Rockies,,,,,,,,,,,import results.json,2.49,,1,,,,,
2026-09-16,mlb,mlb_ml,Detroit Tigers ML,0.488,,,,,0,,L,historique-results.json,2026-09-16|mlb|mlb_ml|Detroit Tigers ML|hist,2026-09-16,,Detroit Tigers @ Toronto Blue Jays,,,,,,,,,,,import results.json,2.11,,1,,,,,
2026-09-16,mlb,mlb_ml,Los Angeles Angels ML,0.47,,,,,0,,L,historique-results.json,2026-09-16|mlb|mlb_ml|Los Angeles Angels ML|hist,2026-09-16,,Seattle Mariners @ Los Angeles Angels,,,,,,,,,,,import results.json,2.18,,1,,,,,
2026-09-16,mlb,mlb_ml,Los Angeles Dodgers ML,0.667,,,,,0,,L,historique-results.json,2026-09-16|mlb|mlb_ml|Los Angeles Dodgers ML|hist,2026-09-16,,Los Angeles Dodgers @ Cincinnati Reds,,,,,,,,,,,import results.json,1.53,,1,,,,,
2026-09-16,mlb,mlb_ml,New York Mets ML,0.579,,,,,0,,L,historique-results.json,2026-09-16|mlb|mlb_ml|New York Mets ML|hist,2026-09-16,,Baltimore Orioles @ New York Mets,,,,,,,,,,,import results.json,1.75,,1,,,,,
2026-09-16,mlb,mlb_ml,Chicago White Sox ML,0.395,,,,,0,,L,historique-results.json,2026-09-16|mlb|mlb_ml|Chicago White Sox ML|hist,2026-09-16,,Chicago White Sox @ Cleveland Guardians,,,,,,,,,,,import results.json,2.54,,1,,,,,
2026-09-16,mlb,mlb_ml,Milwaukee Brewers ML,0.566,,,,,0,,W,historique-results.json,2026-09-16|mlb|mlb_ml|Milwaukee Brewers ML|hist,2026-09-16,,Milwaukee Brewers @ Pittsburgh Pirates,,,,,,,,,,,import results.json,1.77,,1,,,,,
2026-09-16,mlb,mlb_ml,Texas Rangers ML,0.513,,,,,0,,W,historique-results.json,2026-09-16|mlb|mlb_ml|Texas Rangers ML|hist,2026-09-16,,Boston Red Sox @ Texas Rangers,,,,,,,,,,,import results.json,1.95,,1,,,,,
2026-09-16,mlb,props_k,Matthew Liberatore Over 5.5 K,0.527,,,,,0,,L,historique-results.json,2026-09-16|mlb|props_k|Matthew Liberatore Over 5.5 K|hist,2026-09-16,,San Francisco Giants @ St. Louis Cardinals,,Matthew Liberatore,5.5,6,,,,,,,import results.json,2.3,,1,,,,,
2026-09-16,mlb,props_k,Carlos Rodón Over 5.5 K,0.45,,,,,0,,L,historique-results.json,2026-09-16|mlb|props_k|Carlos Rodón Over 5.5 K|hist,2026-09-16,,New York Yankees @ Minnesota Twins,,Carlos Rodón,5.5,6,,,,,,,import results.json,,,1,,,,,
2026-09-16,mlb,props_k,Jake Bennett Over 4.5 K,0.554,,,,,0,,W,historique-results.json,2026-09-16|mlb|props_k|Jake Bennett Over 4.5 K|hist,2026-09-16,,Boston Red Sox @ Texas Rangers,,Jake Bennett,4.5,5,,,,,,,import results.json,2.26,,1,,,,,
2026-09-16,mlb,props_k,Mason Adams Over 3.5 K,0.605,,,,,0,,L,historique-results.json,2026-09-16|mlb|props_k|Mason Adams Over 3.5 K|hist,2026-09-16,,San Diego Padres @ Colorado Rockies,,Mason Adams,3.5,4,,,,,,,import results.json,1.96,,1,,,,,
2026-09-16,mlb,mlb_ml,Kansas City Royals ML,0.421,,,,,0,,W,historique-results.json,2026-09-16|mlb|mlb_ml|Kansas City Royals ML|hist,2026-09-16,,Kansas City Royals @ Houston Astros,,,,,,,,,,,import results.json,2.42,,1,,,,,
2026-09-16,mlb,props_k,Parker Messick Over 6.5 K,0.454,,,,,0,,W,historique-results.json,2026-09-16|mlb|props_k|Parker Messick Over 6.5 K|hist,2026-09-16,,Chicago White Sox @ Cleveland Guardians,,Parker Messick,6.5,7,,,,,,,import results.json,,,1,,,,,
2026-09-16,mlb,props_k,Anthony Molina Over 4.5 K,0.443,,,,,0,,W,historique-results.json,2026-09-16|mlb|props_k|Anthony Molina Over 4.5 K|hist,2026-09-16,,San Francisco Giants @ St. Louis Cardinals,,Anthony Molina,4.5,5,,,,,,,import results.json,,,1,,,,,
2026-09-16,mlb,props_k,Carlos Rodón Over 4.5 K,0.498,,,,,0,,W,historique-results.json,2026-09-16|mlb|props_k|Carlos Rodón Over 4.5 K|hist,2026-09-16,,New York Yankees @ Minnesota Twins,,Carlos Rodón,4.5,5,,,,,,,import results.json,,,1,,,,,
2026-09-16,mlb,mlb_ml,New York Yankees ML,0.334,,,,,0,,L,historique-results.json,2026-09-16|mlb|mlb_ml|New York Yankees ML|hist,2026-09-16,,New York Yankees @ Minnesota Twins,,,,,,,,,,,import results.json,5.1,,1,,,,,
2026-09-16,mlb,mlb_ml,St. Louis Cardinals ML,0.361,,,,,0,,L,historique-results.json,2026-09-16|mlb|mlb_ml|St. Louis Cardinals ML|hist,2026-09-16,,San Francisco Giants @ St. Louis Cardinals,,,,,,,,,,,import results.json,3.5,,1,,,,,
2026-09-16,mlb,mlb_ml,Atlanta Braves ML,0.413,,,,,0,,L,historique-results.json,2026-09-16|mlb|mlb_ml|Atlanta Braves ML|hist,2026-09-16,,Atlanta Braves @ Chicago Cubs,,,,,,,,,,,import results.json,2.43,,1,,,,,
2026-09-16,mlb,props_k,Zebby Matthews Over 4.5 K,0.493,,,,,0,,W,historique-results.json,2026-09-16|mlb|props_k|Zebby Matthews Over 4.5 K|hist,2026-09-16,,New York Yankees @ Minnesota Twins,,Zebby Matthews,4.5,5,,,,,,,import results.json,,,1,,,,,
2026-09-16,mlb,mlb_rl,New York Yankees -1.5,0.301,,,,,0,,L,historique-results.json,2026-09-16|mlb|mlb_rl|New York Yankees -1.5|hist,2026-09-16,,New York Yankees @ Minnesota Twins,,,,,,,,,,,import results.json,4.18,,1,,,,,
2026-09-16,mlb,mlb_ml,Minnesota Twins ML,0.541,,,,,0,,W,historique-results.json,2026-09-16|mlb|mlb_ml|Minnesota Twins ML|hist,2026-09-16,,New York Yankees @ Minnesota Twins,,,,,,,,,,,import results.json,1.85,,1,,,,,
2026-09-15,mlb,props_k,Cristopher Sánchez Over 5.5 K,0.5,,,,,0,,L,historique-results.json,2026-09-15|mlb|props_k|Cristopher Sánchez Over 5.5 K|hist,2026-09-15,,Philadelphia Phillies @ Washington Nationals,,Cristopher Sánchez,5.5,6,,,,,,,import results.json,,,1,,,,,
2026-09-15,mlb,mlb_rl,Texas Rangers -1.5,0.405,,,,,0,,W,historique-results.json,2026-09-15|mlb|mlb_rl|Texas Rangers -1.5|hist,2026-09-15,,Boston Red Sox @ Texas Rangers,,,,,,,,,,,import results.json,2.7,,1,,,,,
2026-09-15,mlb,mlb_ml,Texas Rangers ML,0.576,,,,,0,1.95,W,historique-results.json,2026-09-15|mlb|mlb_ml|Texas Rangers ML|hist,2026-09-15,,Boston Red Sox @ Texas Rangers,,,,,,,,,0.5128,,import results.json,1.82,,1,-0.0667,,,,
2026-09-15,mlb,mlb_ml,Colorado Rockies ML,0.419,,,,,0,2.563,W,historique-results.json,2026-09-15|mlb|mlb_ml|Colorado Rockies ML|hist,2026-09-15,,San Diego Padres @ Colorado Rockies,,,,,,,,,0.3902,,import results.json,2.67,,1,0.0418,,,,
2026-09-15,mlb,mlb_ml,Washington Nationals ML,0.375,,,,,0,2.219,W,historique-results.json,2026-09-15|mlb|mlb_ml|Washington Nationals ML|hist,2026-09-15,,Philadelphia Phillies @ Washington Nationals,,,,,,,,,0.4506,,import results.json,2.91,,1,0.3112,,,,
2026-09-15,mlb,mlb_ml,Baltimore Orioles ML,0.473,,,,,0,2.328,W,historique-results.json,2026-09-15|mlb|mlb_ml|Baltimore Orioles ML|hist,2026-09-15,,Baltimore Orioles @ New York Mets,,,,,,,,,0.4296,,import results.json,2.17,,1,-0.0678,,,,
2026-09-15,mlb,mlb_ml,Kansas City Royals ML,0.412,,,,,0,2.308,L,historique-results.json,2026-09-15|mlb|mlb_ml|Kansas City Royals ML|hist,2026-09-15,,Kansas City Royals @ Houston Astros,,,,,,,,,0.4332,,import results.json,2.46,,1,0.0657,,,,
2026-09-15,mlb,mlb_ml,Detroit Tigers ML,0.458,,,,,0,2.114,W,historique-results.json,2026-09-15|mlb|mlb_ml|Detroit Tigers ML|hist,2026-09-15,,Detroit Tigers @ Toronto Blue Jays,,,,,,,,,0.4731,,import results.json,2.21,,1,0.0456,,,,
2026-09-15,mlb,mlb_ml,Chicago Cubs ML,0.578,,,,,0,1.778,L,historique-results.json,2026-09-15|mlb|mlb_ml|Chicago Cubs ML|hist,2026-09-15,,Atlanta Braves @ Chicago Cubs,,,,,,,,,0.5625,,import results.json,1.74,,1,-0.0212,,,,
2026-09-15,mlb,mlb_ml,Miami Marlins ML,0.434,,,,,0,2.201,W,historique-results.json,2026-09-15|mlb|mlb_ml|Miami Marlins ML|hist,2026-09-15,,Miami Marlins @ Arizona Diamondbacks,,,,,,,,,0.4543,,import results.json,2.31,,1,0.0494,,,,
2026-09-15,mlb,mlb_ml,Los Angeles Angels ML,0.402,,,,,0,2.244,W,historique-results.json,2026-09-15|mlb|mlb_ml|Los Angeles Angels ML|hist,2026-09-15,,Seattle Mariners @ Los Angeles Angels,,,,,,,,,0.4456,,import results.json,2.49,,1,0.1095,,,,
2026-09-15,mlb,mlb_ml,Pittsburgh Pirates ML,0.353,,,,,0,2.239,L,historique-results.json,2026-09-15|mlb|mlb_ml|Pittsburgh Pirates ML|hist,2026-09-15,,Milwaukee Brewers @ Pittsburgh Pirates,,,,,,,,,0.4467,,import results.json,2.83,,1,0.2642,,,,
2026-09-15,mlb,mlb_ml,Minnesota Twins ML,0.39,,,,,0,2.328,L,historique-results.json,2026-09-15|mlb|mlb_ml|Minnesota Twins ML|hist,2026-09-15,,New York Yankees @ Minnesota Twins,,,,,,,,,0.4296,,import results.json,2.57,,1,0.1041,,,,
2026-09-15,mlb,mlb_ml,Los Angeles Dodgers ML,0.694,,,,,0,1.542,W,historique-results.json,2026-09-15|mlb|mlb_ml|Los Angeles Dodgers ML|hist,2026-09-15,,Los Angeles Dodgers @ Cincinnati Reds,,,,,,,,,0.6487,,import results.json,1.48,,1,-0.0399,,,,
2026-09-15,mlb,props_k,Griffin Jax Over 5.5 K,0.487,,,,,0,,W,historique-results.json,2026-09-15|mlb|props_k|Griffin Jax Over 5.5 K|hist,2026-09-15,,Athletics @ Tampa Bay Rays,,Griffin Jax,5.5,6,,,,,,,import results.json,,,1,,,,,
2026-09-15,mlb,props_k,Yoshinobu Yamamoto Over 7.5 K,0.511,,,,,0,,L,historique-results.json,2026-09-15|mlb|props_k|Yoshinobu Yamamoto Over 7.5 K|hist,2026-09-15,,Los Angeles Dodgers @ Cincinnati Reds,,Yoshinobu Yamamoto,7.5,8,,,,,,,import results.json,,,1,,,,,
2026-09-15,mlb,props_k,Jacob Misiorowski Over 5.5 K,0.526,,,,,0,,W,historique-results.json,2026-09-15|mlb|props_k|Jacob Misiorowski Over 5.5 K|hist,2026-09-15,,Milwaukee Brewers @ Pittsburgh Pirates,,Jacob Misiorowski,5.5,6,,,,,,,import results.json,,,1,,,,,
2026-09-15,mlb,props_k,Shane Baz Over 4.5 K,0.445,,,,,0,,L,historique-results.json,2026-09-15|mlb|props_k|Shane Baz Over 4.5 K|hist,2026-09-15,,Baltimore Orioles @ New York Mets,,Shane Baz,4.5,5,,,,,,,import results.json,,,1,,,,,
2026-09-15,mlb,props_k,Jacob Degrom Over 7.5 K,0.482,,,,,0,,W,historique-results.json,2026-09-15|mlb|props_k|Jacob Degrom Over 7.5 K|hist,2026-09-15,,Boston Red Sox @ Texas Rangers,,Jacob Degrom,7.5,8,,,,,,,import results.json,2.25,,1,,,,,
2026-09-15,mlb,mlb_rl,Tampa Bay Rays -1.5,0.277,,,,,0,,L,historique-results.json,2026-09-15|mlb|mlb_rl|Tampa Bay Rays -1.5|hist,2026-09-15,,Athletics @ Tampa Bay Rays,,,,,,,,,,,import results.json,7,,1,,,,,
2026-09-15,mlb,mlb_ml,Athletics ML,0.32,,,,,0,,L,historique-results.json,2026-09-15|mlb|mlb_ml|Athletics ML|hist,2026-09-15,,Athletics @ Tampa Bay Rays,,,,,,,,,,,import results.json,3.2,,1,,,,,
2026-09-15,mlb,mlb_ml,Tampa Bay Rays ML,0.68,,,,,0,,W,historique-results.json,2026-09-15|mlb|mlb_ml|Tampa Bay Rays ML|hist,2026-09-15,,Athletics @ Tampa Bay Rays,,,,,,,,,,,import results.json,1.48,,1,,,,,
2026-09-15,mlb,mlb_ml,Toronto Blue Jays ML,0.197,,,,,0,,L,historique-results.json,2026-09-15|mlb|mlb_ml|Toronto Blue Jays ML|hist,2026-09-15,,Detroit Tigers @ Toronto Blue Jays,,,,,,,,,,,import results.json,29,,1,,,,,
2026-09-15,mlb,mlb_ml,Philadelphia Phillies ML,0.238,,,,,0,,L,historique-results.json,2026-09-15|mlb|mlb_ml|Philadelphia Phillies ML|hist,2026-09-15,,Philadelphia Phillies @ Washington Nationals,,,,,,,,,,,import results.json,15.5,,1,,,,,
2026-09-15,mlb,mlb_ml,St. Louis Cardinals ML,0.28,,,,,0,,L,historique-results.json,2026-09-15|mlb|mlb_ml|St. Louis Cardinals ML|hist,2026-09-15,,San Francisco Giants @ St. Louis Cardinals,,,,,,,,,,,import results.json,9.6,,1,,,,,
2026-09-15,mlb,mlb_ml,Boston Red Sox ML,0.208,,,,,0,,L,historique-results.json,2026-09-15|mlb|mlb_ml|Boston Red Sox ML|hist,2026-09-15,,Boston Red Sox @ Texas Rangers,,,,,,,,,,,import results.json,9,,1,,,,,
2026-09-15,mlb,mlb_ml,Atlanta Braves ML,0.212,,,,,0,,W,historique-results.json,2026-09-15|mlb|mlb_ml|Atlanta Braves ML|hist,2026-09-15,,Atlanta Braves @ Chicago Cubs,,,,,,,,,,,import results.json,8,,1,,,,,
2026-09-14,mlb,props_k,Gavin Williams Over 8.5 K,0.473,,,,,0,,L,historique-results.json,2026-09-14|mlb|props_k|Gavin Williams Over 8.5 K|hist,2026-09-14,,Chicago White Sox @ Cleveland Guardians,,Gavin Williams,8.5,9,,,,,,,import results.json,,,1,,,,,
2026-09-14,mlb,props_k,Nick Lodolo Over 4.5 K,0.46,,,,,0,,L,historique-results.json,2026-09-14|mlb|props_k|Nick Lodolo Over 4.5 K|hist,2026-09-14,,Los Angeles Dodgers @ Cincinnati Reds,,Nick Lodolo,4.5,5,,,,,,,import results.json,,,1,,,,,
2026-09-14,mlb,props_k,Reid Detmers Over 6.5 K,0.496,,,,,0,,W,historique-results.json,2026-09-14|mlb|props_k|Reid Detmers Over 6.5 K|hist,2026-09-14,,Seattle Mariners @ Los Angeles Angels,,Reid Detmers,6.5,7,,,,,,,import results.json,,,1,,,,,
2026-09-14,mlb,mlb_ml,Los Angeles Angels ML,0.555,,,,,0,2.534,W,historique-results.json,2026-09-14|mlb|mlb_ml|Los Angeles Angels ML|hist,2026-09-14,,Seattle Mariners @ Los Angeles Angels,,,,,,,,,0.3946,,import results.json,2,,1,-0.2108,,,,
2026-09-14,mlb,mlb_ml,Colorado Rockies ML,0.409,,,,,0,2.993,L,historique-results.json,2026-09-14|mlb|mlb_ml|Colorado Rockies ML|hist,2026-09-14,,San Diego Padres @ Colorado Rockies,,,,,,,,,0.3341,,import results.json,2.58,,1,-0.138,,,,
2026-09-14,mlb,mlb_ml,New York Mets ML,0.566,,,,,0,1.824,L,historique-results.json,2026-09-14|mlb|mlb_ml|New York Mets ML|hist,2026-09-14,,Baltimore Orioles @ New York Mets,,,,,,,,,0.5482,,import results.json,1.85,,1,0.0142,,,,
2026-09-14,mlb,mlb_rl,New York Mets -1.5,0.395,,,,,0,,L,historique-results.json,2026-09-14|mlb|mlb_rl|New York Mets -1.5|hist,2026-09-14,,Baltimore Orioles @ New York Mets,,,,,,,,,,,import results.json,2.79,,1,,,,,
2026-09-14,mlb,mlb_ml,Minnesota Twins ML,0.478,,,,,0,2.608,L,historique-results.json,2026-09-14|mlb|mlb_ml|Minnesota Twins ML|hist,2026-09-14,,New York Yankees @ Minnesota Twins,,,,,,,,,0.3835,,import results.json,2.19,,1,-0.1601,,,,
2026-09-14,mlb,mlb_ml,Chicago White Sox ML,0.447,,,,,0,2.148,W,historique-results.json,2026-09-14|mlb|mlb_ml|Chicago White Sox ML|hist,2026-09-14,,Chicago White Sox @ Cleveland Guardians,,,,,,,,,0.4656,,import results.json,2.32,,1,0.0802,,,,
2026-09-14,mlb,mlb_ml,Detroit Tigers ML,0.461,,,,,0,2.442,W,historique-results.json,2026-09-14|mlb|mlb_ml|Detroit Tigers ML|hist,2026-09-14,,Detroit Tigers @ Toronto Blue Jays,,,,,,,,,0.4095,,import results.json,2.23,,1,-0.0868,,,,
2026-09-14,mlb,mlb_ml,Los Angeles Dodgers ML,0.694,,,,,0,1.488,W,historique-results.json,2026-09-14|mlb|mlb_ml|Los Angeles Dodgers ML|hist,2026-09-14,,Los Angeles Dodgers @ Cincinnati Reds,,,,,,,,,0.6719,,import results.json,1.48,,1,-0.0056,,,,
2026-09-14,mlb,props_k,Reynaldo López Over 4.5 K,0.468,,,,,0,,L,historique-results.json,2026-09-14|mlb|props_k|Reynaldo López Over 4.5 K|hist,2026-09-14,,Atlanta Braves @ Chicago Cubs,,Reynaldo López,4.5,5,,,,,,,import results.json,,,1,,,,,
2026-09-14,mlb,props_k,Will Warren Over 4.5 K,0.491,,,,,0,,W,historique-results.json,2026-09-14|mlb|props_k|Will Warren Over 4.5 K|hist,2026-09-14,,New York Yankees @ Minnesota Twins,,Will Warren,4.5,5,,,,,,,import results.json,2.22,,1,,,,,
2026-09-14,mlb,props_k,Casey Mize Over 4.5 K,0.503,,,,,0,,L,historique-results.json,2026-09-14|mlb|props_k|Casey Mize Over 4.5 K|hist,2026-09-14,,San Diego Padres @ Colorado Rockies,,Casey Mize,4.5,5,,,,,,,import results.json,2.45,,1,,,,,
2026-09-14,mlb,mlb_ml,Cincinnati Reds ML,0.129,,,,,0,3.048,L,historique-results.json,2026-09-14|mlb|mlb_ml|Cincinnati Reds ML|hist,2026-09-14,,Los Angeles Dodgers @ Cincinnati Reds,,,,,,,,,0.3281,,import results.json,13,,1,3.2653,,,,
2026-09-14,mlb,mlb_ml,San Francisco Giants ML,0.375,,,,,0,2.484,L,historique-results.json,2026-09-14|mlb|mlb_ml|San Francisco Giants ML|hist,2026-09-14,,San Francisco Giants @ St. Louis Cardinals,,,,,,,,,0.4025,,import results.json,3.1,,1,0.2478,,,,
2026-09-14,mlb,mlb_ml,Atlanta Braves ML,0.362,,,,,0,2.263,L,historique-results.json,2026-09-14|mlb|mlb_ml|Atlanta Braves ML|hist,2026-09-14,,Atlanta Braves @ Chicago Cubs,,,,,,,,,0.4419,,import results.json,3.07,,1,0.3566,,,,
2026-09-14,mlb,mlb_ml,New York Yankees ML,0.515,,,,,0,1.622,W,historique-results.json,2026-09-14|mlb|mlb_ml|New York Yankees ML|hist,2026-09-14,,New York Yankees @ Minnesota Twins,,,,,,,,,0.6165,,import results.json,1.95,,1,0.2022,,,,
2026-09-13,mlb,props_k,Andrew Painter Over 4.5 K,0.5,,,,,0,,L,historique-results.json,2026-09-13|mlb|props_k|Andrew Painter Over 4.5 K|hist,2026-09-13,,Philadelphia Phillies @ Atlanta Braves,,Andrew Painter,4.5,5,,,,,,,import results.json,,,1,,,,,
2026-09-13,mlb,props_k,Christian Scott Over 5.5 K,0.5,,,,,0,,W,historique-results.json,2026-09-13|mlb|props_k|Christian Scott Over 5.5 K|hist,2026-09-13,,New York Mets @ New York Yankees,,Christian Scott,5.5,6,,,,,,,import results.json,,,1,,,,,
2026-09-13,mlb,props_k,Dylan Cease Over 6.5 K,0.472,,,,,0,,W,historique-results.json,2026-09-13|mlb|props_k|Dylan Cease Over 6.5 K|hist,2026-09-13,,Baltimore Orioles @ Toronto Blue Jays,,Dylan Cease,6.5,7,,,,,,,import results.json,,,1,,,,,
2026-09-13,mlb,props_k,Trevor Rogers Over 5.5 K,0.465,,,,,0,,L,historique-results.json,2026-09-13|mlb|props_k|Trevor Rogers Over 5.5 K|hist,2026-09-13,,Baltimore Orioles @ Toronto Blue Jays,,Trevor Rogers,5.5,6,,,,,,,import results.json,,,1,,,,,
2026-09-13,mlb,props_k,Logan Gilbert Over 6.5 K,0.455,,,,,0,,VOID,historique-results.json,2026-09-13|mlb|props_k|Logan Gilbert Over 6.5 K|hist,2026-09-13,,Seattle Mariners @ Athletics,,Logan Gilbert,6.5,7,,,,,,,import results.json,,,1,,,,,
2026-09-13,mlb,props_k,Bryan Woo Over 4.5 K,0.523,,,,,0,,VOID,historique-results.json,2026-09-13|mlb|props_k|Bryan Woo Over 4.5 K|hist,2026-09-13,,Seattle Mariners @ Athletics,,Bryan Woo,4.5,5,,,,,,,import results.json,,,1,,,,,
2026-09-13,mlb,props_k,Bryce Miller Over 4.5 K,0.465,,,,,0,,W,historique-results.json,2026-09-13|mlb|props_k|Bryce Miller Over 4.5 K|hist,2026-09-13,,Seattle Mariners @ Athletics,,Bryce Miller,4.5,5,,,,,,,import results.json,,,1,,,,,
2026-09-13,mlb,props_k,Logan Webb Over 4.5 K,0.488,,,,,0,,W,historique-results.json,2026-09-13|mlb|props_k|Logan Webb Over 4.5 K|hist,2026-09-13,,San Diego Padres @ San Francisco Giants,,Logan Webb,4.5,5,,,,,,,import results.json,,,1,,,,,
2026-09-13,mlb,mlb_ml,Texas Rangers ML,0.487,,,,,0,,W,historique-results.json,2026-09-13|mlb|mlb_ml|Texas Rangers ML|hist,2026-09-13,,Texas Rangers @ Arizona Diamondbacks,,,,,,,,,,,import results.json,2.25,,1,,,,,
2026-09-13,mlb,mlb_ml,Cincinnati Reds ML,0.405,,,,,0,2.886,W,historique-results.json,2026-09-13|mlb|mlb_ml|Cincinnati Reds ML|hist,2026-09-13,,Cincinnati Reds @ Milwaukee Brewers,,,,,,,,,0.3465,,import results.json,2.7,,1,-0.0645,,,,
2026-09-13,mlb,mlb_rl,Boston Red Sox -1.5,0.46,,,,,0,,W,historique-results.json,2026-09-13|mlb|mlb_rl|Boston Red Sox -1.5|hist,2026-09-13,,Kansas City Royals @ Boston Red Sox,,,,,,,,,,,import results.json,2.3,,1,,,,,
2026-09-13,mlb,mlb_ml,Boston Red Sox ML,0.645,,,,,0,,W,historique-results.json,2026-09-13|mlb|mlb_ml|Boston Red Sox ML|hist,2026-09-13,,Kansas City Royals @ Boston Red Sox,,,,,,,,,,,import results.json,1.56,,1,,,,,
2026-09-13,mlb,mlb_ml,Athletics ML,0.473,,,,,0,,W,historique-results.json,2026-09-13|mlb|mlb_ml|Athletics ML|hist,2026-09-13,,Seattle Mariners @ Athletics,,,,,,,,,,,import results.json,2.29,,1,,,,,
2026-09-13,mlb,mlb_ml,Colorado Rockies ML,0.457,,,,,0,,L,historique-results.json,2026-09-13|mlb|mlb_ml|Colorado Rockies ML|hist,2026-09-13,,Colorado Rockies @ Detroit Tigers,,,,,,,,,,,import results.json,2.31,,1,,,,,
2026-09-13,mlb,mlb_ml,Baltimore Orioles ML,0.436,,,,,0,2.13,L,historique-results.json,2026-09-13|mlb|mlb_ml|Baltimore Orioles ML|hist,2026-09-13,,Baltimore Orioles @ Toronto Blue Jays,,,,,,,,,0.4694,,import results.json,2.37,,1,0.1125,,,,
2026-09-13,mlb,mlb_ml,Miami Marlins ML,0.437,,,,,0,2.257,W,historique-results.json,2026-09-13|mlb|mlb_ml|Miami Marlins ML|hist,2026-09-13,,Los Angeles Dodgers @ Miami Marlins,,,,,,,,,0.443,,import results.json,2.34,,1,0.0366,,,,
2026-09-13,mlb,mlb_ml,Houston Astros ML,0.462,,,,,0,,L,historique-results.json,2026-09-13|mlb|mlb_ml|Houston Astros ML|hist,2026-09-13,,Houston Astros @ Tampa Bay Rays,,,,,,,,,,,import results.json,2.19,,1,,,,,
2026-09-13,mlb,mlb_ml,Atlanta Braves ML,0.557,,,,,0,2.244,L,historique-results.json,2026-09-13|mlb|mlb_ml|Atlanta Braves ML|hist,2026-09-13,,Philadelphia Phillies @ Atlanta Braves,,,,,,,,,0.4456,,import results.json,1.8,,1,-0.1979,,,,
2026-09-13,mlb,mlb_ml,New York Mets ML,0.385,,,,,0,1.885,L,historique-results.json,2026-09-13|mlb|mlb_ml|New York Mets ML|hist,2026-09-13,,New York Mets @ New York Yankees,,,,,,,,,0.5306,,import results.json,2.6,,1,0.3796,,,,
2026-09-13,mlb,mlb_ml,San Francisco Giants ML,0.457,,,,,0,9.268,L,historique-results.json,2026-09-13|mlb|mlb_ml|San Francisco Giants ML|hist,2026-09-13,,San Diego Padres @ San Francisco Giants,,,,,,,,,0.1079,,import results.json,2.19,,1,-0.7637,,,,
2026-09-13,mlb,props_k,Eury Pérez Over 3.5 K,0.512,,,,,0,,W,historique-results.json,2026-09-13|mlb|props_k|Eury Pérez Over 3.5 K|hist,2026-09-13,,Los Angeles Dodgers @ Miami Marlins,,Eury Pérez,3.5,4,,,,,,,import results.json,,,1,,,,,
2026-09-13,mlb,props_k,Joe Ryan Over 4.5 K,0.522,,,,,0,,L,historique-results.json,2026-09-13|mlb|props_k|Joe Ryan Over 4.5 K|hist,2026-09-13,,Cleveland Guardians @ Minnesota Twins,,Joe Ryan,4.5,5,,,,,,,import results.json,2.26,,1,,,,,
2026-09-13,mlb,props_k,Cal Quantrill Over 4.5 K,0.44,,,,,0,,L,historique-results.json,2026-09-13|mlb|props_k|Cal Quantrill Over 4.5 K|hist,2026-09-13,,Texas Rangers @ Arizona Diamondbacks,,Cal Quantrill,4.5,5,,,,,,,import results.json,2.61,,1,,,,,
2026-09-13,mlb,mlb_rl,Minnesota Twins -1.5,0.389,,,,,0,,L,historique-results.json,2026-09-13|mlb|mlb_rl|Minnesota Twins -1.5|hist,2026-09-13,,Cleveland Guardians @ Minnesota Twins,,,,,,,,,,,import results.json,2.72,,1,,,,,
2026-09-13,mlb,mlb_ml,Minnesota Twins ML,0.558,,,,,0,2.244,L,historique-results.json,2026-09-13|mlb|mlb_ml|Minnesota Twins ML|hist,2026-09-13,,Cleveland Guardians @ Minnesota Twins,,,,,,,,,0.4456,,import results.json,1.83,,1,-0.1846,,,,
2026-09-13,mlb,mlb_ml,Tampa Bay Rays ML,0.616,,,,,0,,W,historique-results.json,2026-09-13|mlb|mlb_ml|Tampa Bay Rays ML|hist,2026-09-13,,Houston Astros @ Tampa Bay Rays,,,,,,,,,,,import results.json,1.7,,1,,,,,
2026-09-13,mlb,mlb_ml,Philadelphia Phillies ML,0.387,,,,,0,,W,historique-results.json,2026-09-13|mlb|mlb_ml|Philadelphia Phillies ML|hist,2026-09-13,,Philadelphia Phillies @ Atlanta Braves,,,,,,,,,,,import results.json,2.95,,1,,,,,
2026-09-13,mlb,mlb_ml,Toronto Blue Jays ML,0.571,,,,,0,1.82,W,historique-results.json,2026-09-13|mlb|mlb_ml|Toronto Blue Jays ML|hist,2026-09-13,,Baltimore Orioles @ Toronto Blue Jays,,,,,,,,,0.5494,,import results.json,1.77,,1,-0.0276,,,,
2026-09-13,mlb,mlb_ml,St. Louis Cardinals ML,0.504,,,,,0,1.833,W,historique-results.json,2026-09-13|mlb|mlb_ml|St. Louis Cardinals ML|hist,2026-09-13,,Chicago White Sox @ St. Louis Cardinals,,,,,,,,,0.5455,,import results.json,2.05,,1,0.1183,,,,
2026-09-13,mlb,mlb_ml,Pittsburgh Pirates ML,0.412,,,,,0,,W,historique-results.json,2026-09-13|mlb|mlb_ml|Pittsburgh Pirates ML|hist,2026-09-13,,Pittsburgh Pirates @ Chicago Cubs,,,,,,,,,,,import results.json,2.49,,1,,,,,
2026-09-13,mlb,props_k,Emmet Sheehan Over 4.5 K,0.504,,,,,0,,W,historique-results.json,2026-09-13|mlb|props_k|Emmet Sheehan Over 4.5 K|hist,2026-09-13,,Los Angeles Dodgers @ Miami Marlins,,Emmet Sheehan,4.5,5,,,,,,,import results.json,,,1,,,,,
2026-09-13,mlb,props_k,Cam Schlittler Over 6.5 K,0.49,,,,,0,,W,historique-results.json,2026-09-13|mlb|props_k|Cam Schlittler Over 6.5 K|hist,2026-09-13,,New York Mets @ New York Yankees,,Cam Schlittler,6.5,7,,,,,,,import results.json,,,1,,,,,
2026-09-13,mlb,props_k,Chase Burns Over 4.5 K,0.504,,,,,0,,W,historique-results.json,2026-09-13|mlb|props_k|Chase Burns Over 4.5 K|hist,2026-09-13,,Cincinnati Reds @ Milwaukee Brewers,,Chase Burns,4.5,5,,,,,,,import results.json,,,1,,,,,
2026-09-13,mlb,props_k,Joe Ryan Over 3.5 K,0.525,,,,,0,,L,historique-results.json,2026-09-13|mlb|props_k|Joe Ryan Over 3.5 K|hist,2026-09-13,,Cleveland Guardians @ Minnesota Twins,,Joe Ryan,3.5,4,,,,,,,import results.json,,,1,,,,,
2026-09-13,mlb,props_k,Bubba Chandler Over 4.5 K,0.494,,,,,0,,L,historique-results.json,2026-09-13|mlb|props_k|Bubba Chandler Over 4.5 K|hist,2026-09-13,,Pittsburgh Pirates @ Chicago Cubs,,Bubba Chandler,4.5,5,,,,,,,import results.json,,,1,,,,,
2026-09-13,mlb,mlb_ml,Chicago White Sox ML,0.264,,,,,0,2.317,L,historique-results.json,2026-09-13|mlb|mlb_ml|Chicago White Sox ML|hist,2026-09-13,,Chicago White Sox @ St. Louis Cardinals,,,,,,,,,0.4315,,import results.json,6.5,,1,1.8047,,,,
2026-09-13,mlb,mlb_ml,Chicago Cubs ML,0.472,,,,,0,1.804,L,historique-results.json,2026-09-13|mlb|mlb_ml|Chicago Cubs ML|hist,2026-09-13,,Pittsburgh Pirates @ Chicago Cubs,,,,,,,,,0.5544,,import results.json,2.6,,1,0.4414,,,,
2026-09-13,mlb,mlb_ml,Milwaukee Brewers ML,0.553,,,,,0,,L,historique-results.json,2026-09-13|mlb|mlb_ml|Milwaukee Brewers ML|hist,2026-09-13,,Cincinnati Reds @ Milwaukee Brewers,,,,,,,,,,,import results.json,1.87,,1,,,,,
2026-09-13,mlb,mlb_ml,Los Angeles Angels ML,0.214,,,,,0,,L,historique-results.json,2026-09-13|mlb|mlb_ml|Los Angeles Angels ML|hist,2026-09-13,,Los Angeles Angels @ Washington Nationals,,,,,,,,,,,import results.json,8.75,,1,,,,,
2026-09-13,mlb,props_k,Payton Tolle Over 5.5 K,0.526,,,,,0,,W,historique-results.json,2026-09-13|mlb|props_k|Payton Tolle Over 5.5 K|hist,2026-09-13,,Kansas City Royals @ Boston Red Sox,,Payton Tolle,5.5,6,,,,,,,import results.json,,,1,,,,,
2026-09-13,mlb,props_k,Noah Cameron Over 4.5 K,0.469,,,,,0,,L,historique-results.json,2026-09-13|mlb|props_k|Noah Cameron Over 4.5 K|hist,2026-09-13,,Kansas City Royals @ Boston Red Sox,,Noah Cameron,4.5,5,,,,,,,import results.json,,,1,,,,,
2026-09-13,mlb,mlb_ml,Arizona Diamondbacks ML,0.34,,,,,0,1.795,L,historique-results.json,2026-09-13|mlb|mlb_ml|Arizona Diamondbacks ML|hist,2026-09-13,,Texas Rangers @ Arizona Diamondbacks,,,,,,,,,0.557,,import results.json,4.9,,1,1.7293,,,,
2026-09-12,mlb,props_k,Gerrit Cole Over 5.5 K,0.443,,,,,0,,L,historique-results.json,2026-09-12|mlb|props_k|Gerrit Cole Over 5.5 K|hist,2026-09-12,,New York Mets @ New York Yankees,,Gerrit Cole,5.5,6,,,,,,,import results.json,,,1,,,,,
2026-09-12,mlb,props_k,Paul Skenes Over 4.5 K,0.447,,,,,0,,L,historique-results.json,2026-09-12|mlb|props_k|Paul Skenes Over 4.5 K|hist,2026-09-12,,Pittsburgh Pirates @ Chicago Cubs,,Paul Skenes,4.5,5,,,,,,,import results.json,,,1,,,,,
2026-09-12,mlb,props_k,Michael King Over 3.5 K,0.512,,,,,0,,W,historique-results.json,2026-09-12|mlb|props_k|Michael King Over 3.5 K|hist,2026-09-12,,San Diego Padres @ San Francisco Giants,,Michael King,3.5,4,,,,,,,import results.json,,,1,,,,,
2026-09-12,mlb,props_k,Tyler Glasnow Over 5.5 K,0.518,,,,,0,,W,historique-results.json,2026-09-12|mlb|props_k|Tyler Glasnow Over 5.5 K|hist,2026-09-12,,Los Angeles Dodgers @ Miami Marlins,,Tyler Glasnow,5.5,6,,,,,,,import results.json,,,1,,,,,
2026-09-12,mlb,props_k,Logan Gilbert Over 6.5 K,0.454,,,,,0,,VOID,historique-results.json,2026-09-12|mlb|props_k|Logan Gilbert Over 6.5 K|hist,2026-09-12,,Seattle Mariners @ Athletics,,Logan Gilbert,6.5,7,,,,,,,import results.json,,,1,,,,,
2026-09-12,mlb,props_k,Bryan Woo Over 5.5 K,0.455,,,,,0,,L,historique-results.json,2026-09-12|mlb|props_k|Bryan Woo Over 5.5 K|hist,2026-09-12,,Seattle Mariners @ Athletics,,Bryan Woo,5.5,6,,,,,,,import results.json,,,1,,,,,
2026-09-12,mlb,props_k,Bryce Miller Over 4.5 K,0.465,,,,,0,,VOID,historique-results.json,2026-09-12|mlb|props_k|Bryce Miller Over 4.5 K|hist,2026-09-12,,Seattle Mariners @ Athletics,,Bryce Miller,4.5,5,,,,,,,import results.json,,,1,,,,,
2026-09-12,mlb,mlb_ml,Athletics ML,0.449,,,,,0,2.308,L,historique-results.json,2026-09-12|mlb|mlb_ml|Athletics ML|hist,2026-09-12,,Seattle Mariners @ Athletics,,,,,,,,,0.4332,,import results.json,2.52,,1,0.0917,,,,
2026-09-12,mlb,mlb_ml,San Francisco Giants ML,0.46,,,,,0,2.183,L,historique-results.json,2026-09-12|mlb|mlb_ml|San Francisco Giants ML|hist,2026-09-12,,San Diego Padres @ San Francisco Giants,,,,,,,,,0.458,,import results.json,2.39,,1,0.0946,,,,
2026-09-12,mlb,mlb_rl,St. Louis Cardinals -1.5,0.373,,,,,0,,L,historique-results.json,2026-09-12|mlb|mlb_rl|St. Louis Cardinals -1.5|hist,2026-09-12,,Chicago White Sox @ St. Louis Cardinals,,,,,,,,,,,import results.json,2.85,,1,,,,,
2026-09-12,mlb,mlb_ml,St. Louis Cardinals ML,0.542,,,,,0,1.199,L,historique-results.json,2026-09-12|mlb|mlb_ml|St. Louis Cardinals ML|hist,2026-09-12,,Chicago White Sox @ St. Louis Cardinals,,,,,,,,,0.8341,,import results.json,1.89,,1,0.5764,,,,
2026-09-12,mlb,mlb_ml,Toronto Blue Jays ML,0.523,,,,,0,1.724,W,historique-results.json,2026-09-12|mlb|mlb_ml|Toronto Blue Jays ML|hist,2026-09-12,,Baltimore Orioles @ Toronto Blue Jays,,,,,,,,,0.58,,import results.json,1.96,,1,0.1368,,,,
2026-09-12,mlb,mlb_ml,Colorado Rockies ML,0.403,,,,,0,2.393,L,historique-results.json,2026-09-12|mlb|mlb_ml|Colorado Rockies ML|hist,2026-09-12,,Colorado Rockies @ Detroit Tigers,,,,,,,,,0.4179,,import results.json,2.52,,1,0.0531,,,,
2026-09-12,mlb,mlb_ml,Houston Astros ML,0.447,,,,,0,2.282,L,historique-results.json,2026-09-12|mlb|mlb_ml|Houston Astros ML|hist,2026-09-12,,Houston Astros @ Tampa Bay Rays,,,,,,,,,0.4383,,import results.json,2.27,,1,-0.0051,,,,
2026-09-12,mlb,mlb_ml,Miami Marlins ML,0.373,,,,,0,2.393,W,historique-results.json,2026-09-12|mlb|mlb_ml|Miami Marlins ML|hist,2026-09-12,,Los Angeles Dodgers @ Miami Marlins,,,,,,,,,0.4179,,import results.json,2.71,,1,0.1325,,,,
2026-09-12,mlb,mlb_ml,Texas Rangers ML,0.446,,,,,0,2.182,W,historique-results.json,2026-09-12|mlb|mlb_ml|Texas Rangers ML|hist,2026-09-12,,Texas Rangers @ Arizona Diamondbacks,,,,,,,,,0.4583,,import results.json,2.24,,1,0.0266,,,,
2026-09-12,mlb,mlb_ml,Kansas City Royals ML,0.373,,,,,0,2.608,L,historique-results.json,2026-09-12|mlb|mlb_ml|Kansas City Royals ML|hist,2026-09-12,,Kansas City Royals @ Boston Red Sox,,,,,,,,,0.3835,,import results.json,2.8,,1,0.0738,,,,
2026-09-12,mlb,props_k,Walbert Ureña Over 4.5 K,0.476,,,,,0,,W,historique-results.json,2026-09-12|mlb|props_k|Walbert Ureña Over 4.5 K|hist,2026-09-12,,Los Angeles Angels @ Washington Nationals,,Walbert Ureña,4.5,5,,,,,,,import results.json,,,1,,,,,
2026-09-12,mlb,props_k,Connor Prielipp Over 4.5 K,0.489,,,,,0,,L,historique-results.json,2026-09-12|mlb|props_k|Connor Prielipp Over 4.5 K|hist,2026-09-12,,Cleveland Guardians @ Minnesota Twins,,Connor Prielipp,4.5,5,,,,,,,import results.json,2.24,,1,,,,,
2026-09-12,mlb,props_k,Kyle Leahy Over 3.5 K,0.548,,,,,0,,W,historique-results.json,2026-09-12|mlb|props_k|Kyle Leahy Over 3.5 K|hist,2026-09-12,,Chicago White Sox @ St. Louis Cardinals,,Kyle Leahy,3.5,4,,,,,,,import results.json,2.28,,1,,,,,
2026-09-12,mlb,mlb_ml,Los Angeles Angels ML,0.477,,,,,0,2.137,L,historique-results.json,2026-09-12|mlb|mlb_ml|Los Angeles Angels ML|hist,2026-09-12,,Los Angeles Angels @ Washington Nationals,,,,,,,,,0.468,,import results.json,2.14,,1,0.0015,,,,
2026-09-12,mlb,mlb_ml,New York Yankees ML,0.531,,,,,0,1.608,L,historique-results.json,2026-09-12|mlb|mlb_ml|New York Yankees ML|hist,2026-09-12,,New York Mets @ New York Yankees,,,,,,,,,0.6217,,import results.json,1.95,,1,0.2123,,,,
2026-09-12,mlb,props_k,Gerrit Cole Over 4.5 K,0.477,,,,,0,,L,historique-results.json,2026-09-12|mlb|props_k|Gerrit Cole Over 4.5 K|hist,2026-09-12,,New York Mets @ New York Yankees,,Gerrit Cole,4.5,5,,,,,,,import results.json,,,1,,,,,
2026-09-12,mlb,mlb_ml,Baltimore Orioles ML,0.179,,,,,0,2.381,L,historique-results.json,2026-09-12|mlb|mlb_ml|Baltimore Orioles ML|hist,2026-09-12,,Baltimore Orioles @ Toronto Blue Jays,,,,,,,,,0.42,,import results.json,15.5,,1,5.51,,,,
2026-09-12,mlb,mlb_ml,Chicago Cubs ML,0.46,,,,,0,1.75,W,historique-results.json,2026-09-12|mlb|mlb_ml|Chicago Cubs ML|hist,2026-09-12,,Pittsburgh Pirates @ Chicago Cubs,,,,,,,,,0.5714,,import results.json,2.5,,1,0.4285,,,,
2026-09-12,mlb,mlb_ml,Philadelphia Phillies ML,0.466,,,,,0,2.148,L,historique-results.json,2026-09-12|mlb|mlb_ml|Philadelphia Phillies ML|hist,2026-09-12,,Philadelphia Phillies @ Atlanta Braves,,,,,,,,,0.4656,,import results.json,2.22,,1,0.0336,,,,
2026-09-12,mlb,mlb_ml,Milwaukee Brewers ML,0.642,,,,,0,1.135,W,historique-results.json,2026-09-12|mlb|mlb_ml|Milwaukee Brewers ML|hist,2026-09-12,,Cincinnati Reds @ Milwaukee Brewers,,,,,,,,,0.8811,,import results.json,1.56,,1,0.3745,,,,
2026-09-12,mlb,props_k,Andrew Alvarez Over 4.5 K,0.503,,,,,0,,W,historique-results.json,2026-09-12|mlb|props_k|Andrew Alvarez Over 4.5 K|hist,2026-09-12,,Los Angeles Angels @ Washington Nationals,,Andrew Alvarez,4.5,5,,,,,,,import results.json,,,1,,,,,
2026-09-12,mlb,mlb_ml,Los Angeles Dodgers ML,0.397,,,,,0,1.718,L,historique-results.json,2026-09-12|mlb|mlb_ml|Los Angeles Dodgers ML|hist,2026-09-12,,Los Angeles Dodgers @ Miami Marlins,,,,,,,,,0.5821,,import results.json,4.35,,1,1.5321,,,,
2026-09-12,mlb,props_k,Ian Seymour Over 5.5 K,0.522,,,,,0,,W,historique-results.json,2026-09-12|mlb|props_k|Ian Seymour Over 5.5 K|hist,2026-09-12,,Houston Astros @ Tampa Bay Rays,,Ian Seymour,5.5,6,,,,,,,import results.json,,,1,,,,,
2026-09-12,mlb,props_k,Peter Lambert Over 3.5 K,0.516,,,,,0,,W,historique-results.json,2026-09-12|mlb|props_k|Peter Lambert Over 3.5 K|hist,2026-09-12,,Houston Astros @ Tampa Bay Rays,,Peter Lambert,3.5,4,,,,,,,import results.json,,,1,,,,,
2026-09-12,mlb,mlb_ml,Chicago White Sox ML,0.266,,,,,0,,W,historique-results.json,2026-09-12|mlb|mlb_ml|Chicago White Sox ML|hist,2026-09-12,,Chicago White Sox @ St. Louis Cardinals,,,,,,,,,,,import results.json,6.25,,1,,,,,
2026-09-12,mlb,mlb_ml,Cincinnati Reds ML,0.185,,,,,0,,L,historique-results.json,2026-09-12|mlb|mlb_ml|Cincinnati Reds ML|hist,2026-09-12,,Cincinnati Reds @ Milwaukee Brewers,,,,,,,,,,,import results.json,9,,1,,,,,
2026-09-11,mlb,props_k,Carlos Rodón Over 4.5 K,0.499,,,,,0,,W,historique-results.json,2026-09-11|mlb|props_k|Carlos Rodón Over 4.5 K|hist,2026-09-11,,New York Mets @ New York Yankees,,Carlos Rodón,4.5,5,,,,,,,import results.json,,,1,,,,,
2026-09-11,mlb,props_k,Parker Messick Over 5.5 K,0.53,,,,,0,,L,historique-results.json,2026-09-11|mlb|props_k|Parker Messick Over 5.5 K|hist,2026-09-11,,Cleveland Guardians @ Minnesota Twins,,Parker Messick,5.5,6,,,,,,,import results.json,2.28,,1,,,,,
2026-09-11,mlb,props_k,Logan Gilbert Over 6.5 K,0.455,,,,,0,,VOID,historique-results.json,2026-09-11|mlb|props_k|Logan Gilbert Over 6.5 K|hist,2026-09-11,,Seattle Mariners @ Athletics,,Logan Gilbert,6.5,7,,,,,,,import results.json,,,1,,,,,
2026-09-11,mlb,props_k,Bryan Woo Over 5.5 K,0.455,,,,,0,,VOID,historique-results.json,2026-09-11|mlb|props_k|Bryan Woo Over 5.5 K|hist,2026-09-11,,Seattle Mariners @ Athletics,,Bryan Woo,5.5,6,,,,,,,import results.json,,,1,,,,,
2026-09-11,mlb,props_k,Bryce Miller Over 4.5 K,0.466,,,,,0,,VOID,historique-results.json,2026-09-11|mlb|props_k|Bryce Miller Over 4.5 K|hist,2026-09-11,,Seattle Mariners @ Athletics,,Bryce Miller,4.5,5,,,,,,,import results.json,,,1,,,,,
2026-09-11,mlb,mlb_rl,Washington Nationals -1.5,0.44,,,,,0,,L,historique-results.json,2026-09-11|mlb|mlb_rl|Washington Nationals -1.5|hist,2026-09-11,,Los Angeles Angels @ Washington Nationals,,,,,,,,,,,import results.json,2.42,,1,,,,,
2026-09-11,mlb,mlb_ml,Washington Nationals ML,0.61,,,,,0,1.95,W,historique-results.json,2026-09-11|mlb|mlb_ml|Washington Nationals ML|hist,2026-09-11,,Los Angeles Angels @ Washington Nationals,,,,,,,,,0.5128,,import results.json,1.68,,1,-0.1385,,,,
2026-09-11,mlb,mlb_ml,Athletics ML,0.44,,,,,0,2.585,W,historique-results.json,2026-09-11|mlb|mlb_ml|Athletics ML|hist,2026-09-11,,Seattle Mariners @ Athletics,,,,,,,,,0.3869,,import results.json,2.43,,1,-0.0598,,,,
2026-09-11,mlb,mlb_ml,San Francisco Giants ML,0.471,,,,,0,2.413,L,historique-results.json,2026-09-11|mlb|mlb_ml|San Francisco Giants ML|hist,2026-09-11,,San Diego Padres @ San Francisco Giants,,,,,,,,,0.4144,,import results.json,2.27,,1,-0.0593,,,,
2026-09-11,mlb,mlb_ml,St. Louis Cardinals ML,0.523,,,,,0,1.975,W,historique-results.json,2026-09-11|mlb|mlb_ml|St. Louis Cardinals ML|hist,2026-09-11,,Chicago White Sox @ St. Louis Cardinals,,,,,,,,,0.5064,,import results.json,1.99,,1,0.0077,,,,
2026-09-11,mlb,mlb_ml,Colorado Rockies ML,0.394,,,,,0,15.848,L,historique-results.json,2026-09-11|mlb|mlb_ml|Colorado Rockies ML|hist,2026-09-11,,Colorado Rockies @ Detroit Tigers,,,,,,,,,0.0631,,import results.json,2.63,,1,-0.834,,,,
2026-09-11,mlb,mlb_ml,Kansas City Royals ML,0.367,,,,,0,2.703,W,historique-results.json,2026-09-11|mlb|mlb_ml|Kansas City Royals ML|hist,2026-09-11,,Kansas City Royals @ Boston Red Sox,,,,,,,,,0.3699,,import results.json,2.8,,1,0.0357,,,,
2026-09-11,mlb,mlb_ml,Baltimore Orioles ML,0.454,,,,,0,2.005,W,historique-results.json,2026-09-11|mlb|mlb_ml|Baltimore Orioles ML|hist,2026-09-11,,Baltimore Orioles @ Toronto Blue Jays,,,,,,,,,0.4987,,import results.json,2.22,,1,0.1071,,,,
2026-09-11,mlb,mlb_ml,Cleveland Guardians ML,0.535,,,,,0,2.218,W,historique-results.json,2026-09-11|mlb|mlb_ml|Cleveland Guardians ML|hist,2026-09-11,,Cleveland Guardians @ Minnesota Twins,,,,,,,,,0.4508,,import results.json,1.87,,1,-0.157,,,,
2026-09-11,mlb,props_k,Matthew Liberatore Over 5.5 K,0.538,,,,,0,2.167,L,historique-results.json,2026-09-11|mlb|props_k|Matthew Liberatore Over 5.5 K|hist,2026-09-11,,Chicago White Sox @ St. Louis Cardinals,,Matthew Liberatore,5.5,6,,,,,0.4615,,import results.json,2.24,,1,0.0338,,,,
2026-09-11,mlb,mlb_rl,St. Louis Cardinals -1.5,0.373,,,,,0,,W,historique-results.json,2026-09-11|mlb|mlb_rl|St. Louis Cardinals -1.5|hist,2026-09-11,,Chicago White Sox @ St. Louis Cardinals,,,,,,,,,,,import results.json,2.85,,1,,,,,
2026-09-11,mlb,mlb_ml,New York Mets ML,0.46,,,,,0,2.654,L,historique-results.json,2026-09-11|mlb|mlb_ml|New York Mets ML|hist,2026-09-11,,New York Mets @ New York Yankees,,,,,,,,,0.3768,,import results.json,2.18,,1,-0.1786,,,,
2026-09-11,mlb,mlb_ml,Milwaukee Brewers ML,0.645,,,,,0,1.044,W,historique-results.json,2026-09-11|mlb|mlb_ml|Milwaukee Brewers ML|hist,2026-09-11,,Cincinnati Reds @ Milwaukee Brewers,,,,,,,,,0.9575,,import results.json,1.55,,1,0.4841,,,,
2026-09-11,mlb,mlb_ml,Boston Red Sox ML,0.422,,,,,0,1.587,L,historique-results.json,2026-09-11|mlb|mlb_ml|Boston Red Sox ML|hist,2026-09-11,,Kansas City Royals @ Boston Red Sox,,,,,,,,,0.6301,,import results.json,3.3,,1,1.0793,,,,
2026-09-11,mlb,mlb_ml,Toronto Blue Jays ML,0.238,,,,,0,1.995,L,historique-results.json,2026-09-11|mlb|mlb_ml|Toronto Blue Jays ML|hist,2026-09-11,,Baltimore Orioles @ Toronto Blue Jays,,,,,,,,,0.5013,,import results.json,10,,1,4.013,,,,
2026-09-11,mlb,mlb_ml,Detroit Tigers ML,0.51,,,,,0,1.052,W,historique-results.json,2026-09-11|mlb|mlb_ml|Detroit Tigers ML|hist,2026-09-11,,Colorado Rockies @ Detroit Tigers,,,,,,,,,0.9507,,import results.json,2.38,,1,1.2627,,,,
2026-09-11,mlb,mlb_ml,Cincinnati Reds ML,0.341,,,,,0,23.529,L,historique-results.json,2026-09-11|mlb|mlb_ml|Cincinnati Reds ML|hist,2026-09-11,,Cincinnati Reds @ Milwaukee Brewers,,,,,,,,,0.0425,,import results.json,3.1,,1,-0.8682,,,,
2026-09-11,mlb,mlb_ml,Miami Marlins ML,0.351,,,,,0,2.706,L,historique-results.json,2026-09-11|mlb|mlb_ml|Miami Marlins ML|hist,2026-09-11,,Los Angeles Dodgers @ Miami Marlins,,,,,,,,,0.3695,,import results.json,2.86,,1,0.0568,,,,
2026-09-11,mlb,mlb_ml,Atlanta Braves ML,0.637,,,,,0,2.183,W,historique-results.json,2026-09-11|mlb|mlb_ml|Atlanta Braves ML|hist,2026-09-11,,Philadelphia Phillies @ Atlanta Braves,,,,,,,,,0.458,,import results.json,1.57,,1,-0.2809,,,,
2026-09-11,mlb,props_k,Chris Sale Over 6.5 K,0.486,,,,,0,,L,historique-results.json,2026-09-11|mlb|props_k|Chris Sale Over 6.5 K|hist,2026-09-11,,Philadelphia Phillies @ Atlanta Braves,,Chris Sale,6.5,7,,,,,,,import results.json,,,1,,,,,
2026-09-11,mlb,props_k,Aaron Nola Over 4.5 K,0.522,,,,,0,,L,historique-results.json,2026-09-11|mlb|props_k|Aaron Nola Over 4.5 K|hist,2026-09-11,,Philadelphia Phillies @ Atlanta Braves,,Aaron Nola,4.5,5,,,,,,,import results.json,,,1,,,,,
2026-09-11,mlb,mlb_ml,Chicago White Sox ML,0.368,,,,,0,,L,historique-results.json,2026-09-11|mlb|mlb_ml|Chicago White Sox ML|hist,2026-09-11,,Chicago White Sox @ St. Louis Cardinals,,,,,,,,,,,import results.json,3.15,,1,,,,,
2026-09-11,mlb,mlb_ml,Minnesota Twins ML,0.46,,,,,0,,L,historique-results.json,2026-09-11|mlb|mlb_ml|Minnesota Twins ML|hist,2026-09-11,,Cleveland Guardians @ Minnesota Twins,,,,,,,,,,,import results.json,2.4,,1,,,,,
2026-09-11,mlb,mlb_ml,San Diego Padres ML,0.457,,,,,0,,W,historique-results.json,2026-09-11|mlb|mlb_ml|San Diego Padres ML|hist,2026-09-11,,San Diego Padres @ San Francisco Giants,,,,,,,,,,,import results.json,2.35,,1,,,,,
2026-09-11,mlb,mlb_ml,Philadelphia Phillies ML,0.323,,,,,0,,L,historique-results.json,2026-09-11|mlb|mlb_ml|Philadelphia Phillies ML|hist,2026-09-11,,Philadelphia Phillies @ Atlanta Braves,,,,,,,,,,,import results.json,3.2,,1,,,,,
2026-09-11,mlb,mlb_ml,Texas Rangers ML,0.484,,,,,0,,L,historique-results.json,2026-09-11|mlb|mlb_ml|Texas Rangers ML|hist,2026-09-11,,Texas Rangers @ Arizona Diamondbacks,,,,,,,,,,,import results.json,2.1,,1,,,,,
2026-09-10,mlb,props_k,Zack Wheeler Over 5.5 K,0.48,,,,,0,,W,historique-results.json,2026-09-10|mlb|props_k|Zack Wheeler Over 5.5 K|hist,2026-09-10,,Houston Astros @ Philadelphia Phillies,,Zack Wheeler,5.5,6,,,,,,,import results.json,,,1,,,,,
2026-09-10,mlb,props_k,Logan Gilbert Over 5.5 K,0.448,,,,,0,,W,historique-results.json,2026-09-10|mlb|props_k|Logan Gilbert Over 5.5 K|hist,2026-09-10,,Texas Rangers @ Seattle Mariners,,Logan Gilbert,5.5,6,,,,,,,import results.json,,,1,,,,,
2026-09-10,mlb,props_k,Jared Jones Over 5.5 K,0.455,,,,,0,,W,historique-results.json,2026-09-10|mlb|props_k|Jared Jones Over 5.5 K|hist,2026-09-10,,Pittsburgh Pirates @ Chicago White Sox,,Jared Jones,5.5,6,,,,,,,import results.json,,,1,,,,,
2026-09-10,mlb,mlb_ml,Colorado Rockies ML,0.281,,,,,0,9.833,L,historique-results.json,2026-09-10|mlb|mlb_ml|Colorado Rockies ML|hist,2026-09-10,,Colorado Rockies @ New York Yankees,,,,,,,,,0.1017,,import results.json,3.75,,1,-0.6186,,,,
2026-09-10,mlb,mlb_ml,Texas Rangers ML,0.486,,,,,0,,L,historique-results.json,2026-09-10|mlb|mlb_ml|Texas Rangers ML|hist,2026-09-10,,Texas Rangers @ Seattle Mariners,,,,,,,,,,,import results.json,2.14,,1,,,,,
2026-09-10,mlb,mlb_ml,Houston Astros ML,0.399,,,,,0,,W,historique-results.json,2026-09-10|mlb|mlb_ml|Houston Astros ML|hist,2026-09-10,,Houston Astros @ Philadelphia Phillies,,,,,,,,,,,import results.json,2.6,,1,,,,,
2026-09-10,mlb,props_k,Cristian Javier Over 4.5 K,0.496,,,,,0,,W,historique-results.json,2026-09-10|mlb|props_k|Cristian Javier Over 4.5 K|hist,2026-09-10,,Houston Astros @ Philadelphia Phillies,,Cristian Javier,4.5,5,,,,,,,import results.json,,,1,,,,,
2026-09-10,mlb,mlb_ml,Tampa Bay Rays ML,0.192,,,,,0,,L,historique-results.json,2026-09-10|mlb|mlb_ml|Tampa Bay Rays ML|hist,2026-09-10,,Tampa Bay Rays @ Atlanta Braves,,,,,,,,,,,import results.json,26,,1,,,,,
2026-09-10,mlb,mlb_ml,Seattle Mariners ML,0.295,,,,,0,1.661,W,historique-results.json,2026-09-10|mlb|mlb_ml|Seattle Mariners ML|hist,2026-09-10,,Texas Rangers @ Seattle Mariners,,,,,,,,,0.602,,import results.json,4.5,,1,1.709,,,,
2026-09-10,mlb,props_k,Jacob Degrom Over 6.5 K,0.513,,,,,0,,W,historique-results.json,2026-09-10|mlb|props_k|Jacob Degrom Over 6.5 K|hist,2026-09-10,,Texas Rangers @ Seattle Mariners,,Jacob Degrom,6.5,7,,,,,,,import results.json,,,1,,,,,
2026-09-10,mlb,props_k,Max Fried Over 4.5 K,0.482,,,,,0,,W,historique-results.json,2026-09-10|mlb|props_k|Max Fried Over 4.5 K|hist,2026-09-10,,Colorado Rockies @ New York Yankees,,Max Fried,4.5,5,,,,,,,import results.json,,,1,,,,,
2026-09-10,mlb,props_k,Jared Jones Over 4.5 K,0.519,,,,,0,,W,historique-results.json,2026-09-10|mlb|props_k|Jared Jones Over 4.5 K|hist,2026-09-10,,Pittsburgh Pirates @ Chicago White Sox,,Jared Jones,4.5,5,,,,,,,import results.json,,,1,,,,,
2026-09-09,mlb,props_k,Hunter Brown Over 5.5 K,0.467,,,,,0,,W,historique-results.json,2026-09-09|mlb|props_k|Hunter Brown Over 5.5 K|hist,2026-09-09,,Houston Astros @ Philadelphia Phillies,,Hunter Brown,5.5,6,,,,,,,import results.json,,,1,,,,,
2026-09-09,mlb,props_k,Griffin Jax Over 5.5 K,0.526,,,,,0,,L,historique-results.json,2026-09-09|mlb|props_k|Griffin Jax Over 5.5 K|hist,2026-09-09,,Tampa Bay Rays @ Atlanta Braves,,Griffin Jax,5.5,6,,,,,,,import results.json,,,1,,,,,
2026-09-09,mlb,props_k,Yoshinobu Yamamoto Over 6.5 K,0.494,,,,,0,,W,historique-results.json,2026-09-09|mlb|props_k|Yoshinobu Yamamoto Over 6.5 K|hist,2026-09-09,,Cincinnati Reds @ Los Angeles Dodgers,,Yoshinobu Yamamoto,6.5,7,,,,,,,import results.json,,,1,,,,,
2026-09-09,mlb,props_k,Dylan Cease Over 5.5 K,0.52,,,,,0,,VOID,historique-results.json,2026-09-09|mlb|props_k|Dylan Cease Over 5.5 K|hist,2026-09-09,,Toronto Blue Jays @ Athletics,,Dylan Cease,5.5,6,,,,,,,import results.json,,,1,,,,,
2026-09-09,mlb,mlb_ml,Texas Rangers ML,0.494,,,,,0,2.201,L,historique-results.json,2026-09-09|mlb|mlb_ml|Texas Rangers ML|hist,2026-09-09,,Texas Rangers @ Seattle Mariners,,,,,,,,,0.4543,,import results.json,2.4,,1,0.0903,,,,
2026-09-09,mlb,mlb_ml,Pittsburgh Pirates ML,0.47,,,,,0,2,W,historique-results.json,2026-09-09|mlb|mlb_ml|Pittsburgh Pirates ML|hist,2026-09-09,,Pittsburgh Pirates @ Chicago White Sox,,,,,,,,,0.5,,import results.json,2.35,,1,0.175,,,,
2026-09-09,mlb,mlb_ml,Colorado Rockies ML,0.368,,,,,0,3.84,L,historique-results.json,2026-09-09|mlb|mlb_ml|Colorado Rockies ML|hist,2026-09-09,,Colorado Rockies @ New York Yankees,,,,,,,,,0.2604,,import results.json,3.1,,1,-0.1928,,,,
2026-09-09,mlb,mlb_ml,Washington Nationals ML,0.401,,,,,0,,L,historique-results.json,2026-09-09|mlb|mlb_ml|Washington Nationals ML|hist,2026-09-09,,Washington Nationals @ San Diego Padres,,,,,,,,,,,import results.json,2.65,,1,,,,,
2026-09-09,mlb,mlb_ml,Baltimore Orioles ML,0.527,,,,,0,1.086,W,historique-results.json,2026-09-09|mlb|mlb_ml|Baltimore Orioles ML|hist,2026-09-09,,Cleveland Guardians @ Baltimore Orioles,,,,,,,,,0.9206,,import results.json,1.98,,1,0.8228,,,,
2026-09-09,mlb,mlb_ml,Minnesota Twins ML,0.476,,,,,0,,L,historique-results.json,2026-09-09|mlb|mlb_ml|Minnesota Twins ML|hist,2026-09-09,,Minnesota Twins @ Detroit Tigers,,,,,,,,,,,import results.json,2.12,,1,,,,,
2026-09-09,mlb,mlb_ml,Philadelphia Phillies ML,0.612,,,,,0,1.657,W,historique-results.json,2026-09-09|mlb|mlb_ml|Philadelphia Phillies ML|hist,2026-09-09,,Houston Astros @ Philadelphia Phillies,,,,,,,,,0.6035,,import results.json,1.65,,1,-0.0042,,,,
2026-09-09,mlb,mlb_ml,Miami Marlins ML,0.547,,,,,0,4.442,L,historique-results.json,2026-09-09|mlb|mlb_ml|Miami Marlins ML|hist,2026-09-09,,New York Mets @ Miami Marlins,,,,,,,,,0.2251,,import results.json,1.83,,1,-0.5881,,,,
2026-09-09,mlb,mlb_ml,Athletics ML,0.443,,,,,0,,W,historique-results.json,2026-09-09|mlb|mlb_ml|Athletics ML|hist,2026-09-09,,Toronto Blue Jays @ Athletics,,,,,,,,,,,import results.json,2.59,,1,,,,,
2026-09-09,mlb,mlb_ml,San Francisco Giants ML,0.471,,,,,0,,W,historique-results.json,2026-09-09|mlb|mlb_ml|San Francisco Giants ML|hist,2026-09-09,,St. Louis Cardinals @ San Francisco Giants,,,,,,,,,,,import results.json,2.15,,1,,,,,
2026-09-09,mlb,props_k,Cristopher Sánchez Over 5.5 K,0.484,,,,,0,,L,historique-results.json,2026-09-09|mlb|props_k|Cristopher Sánchez Over 5.5 K|hist,2026-09-09,,Houston Astros @ Philadelphia Phillies,,Cristopher Sánchez,5.5,6,,,,,,,import results.json,,,1,,,,,
2026-09-09,mlb,props_k,Griffin Jax Over 4.5 K,0.581,,,,,0,,L,historique-results.json,2026-09-09|mlb|props_k|Griffin Jax Over 4.5 K|hist,2026-09-09,,Tampa Bay Rays @ Atlanta Braves,,Griffin Jax,4.5,5,,,,,,,import results.json,1.96,,1,,,,,
2026-09-09,mlb,mlb_ml,Cincinnati Reds ML,0.29,,,,,0,3.537,L,historique-results.json,2026-09-09|mlb|mlb_ml|Cincinnati Reds ML|hist,2026-09-09,,Cincinnati Reds @ Los Angeles Dodgers,,,,,,,,,0.2827,,import results.json,3.5,,1,-0.0105,,,,
2026-09-09,mlb,props_k,Reynaldo López Over 3.5 K,0.506,,,,,0,,W,historique-results.json,2026-09-09|mlb|props_k|Reynaldo López Over 3.5 K|hist,2026-09-09,,Tampa Bay Rays @ Atlanta Braves,,Reynaldo López,3.5,4,,,,,,,import results.json,,,1,,,,,
2026-09-09,mlb,mlb_rl,Texas Rangers -1.5,0.415,,,,,0,,L,historique-results.json,2026-09-09|mlb|mlb_rl|Texas Rangers -1.5|hist,2026-09-09,,Texas Rangers @ Seattle Mariners,,,,,,,,,,,import results.json,2.59,,1,,,,,
2026-09-09,mlb,mlb_ml,Toronto Blue Jays ML,0.329,,,,,0,,L,historique-results.json,2026-09-09|mlb|mlb_ml|Toronto Blue Jays ML|hist,2026-09-09,,Toronto Blue Jays @ Athletics,,,,,,,,,,,import results.json,3.7,,1,,,,,
2026-09-09,mlb,mlb_ml,Tampa Bay Rays ML,0.487,,,,,0,2.096,W,historique-results.json,2026-09-09|mlb|mlb_ml|Tampa Bay Rays ML|hist,2026-09-09,,Tampa Bay Rays @ Atlanta Braves,,,,,,,,,0.477,,import results.json,2.09,,1,-0.0031,,,,
2026-09-09,mlb,mlb_ml,San Diego Padres ML,0.524,,,,,0,,W,historique-results.json,2026-09-09|mlb|mlb_ml|San Diego Padres ML|hist,2026-09-09,,Washington Nationals @ San Diego Padres,,,,,,,,,,,import results.json,1.95,,1,,,,,
2026-09-09,mlb,props_k,Shane Baz Over 3.5 K,0.559,,,,,0,,W,historique-results.json,2026-09-09|mlb|props_k|Shane Baz Over 3.5 K|hist,2026-09-09,,Cleveland Guardians @ Baltimore Orioles,,Shane Baz,3.5,4,,,,,,,import results.json,2.05,,1,,,,,
2026-09-09,mlb,mlb_ml,Los Angeles Angels ML,0.329,,,,,0,1.235,W,historique-results.json,2026-09-09|mlb|mlb_ml|Los Angeles Angels ML|hist,2026-09-09,,Los Angeles Angels @ Boston Red Sox,,,,,,,,,0.8094,,import results.json,3.2,,1,1.5901,,,,
2026-09-09,mlb,mlb_ml,Boston Red Sox ML,0.295,,,,,0,5.247,L,historique-results.json,2026-09-09|mlb|mlb_ml|Boston Red Sox ML|hist,2026-09-09,,Los Angeles Angels @ Boston Red Sox,,,,,,,,,0.1906,,import results.json,9,,1,0.7154,,,,
2026-09-09,mlb,mlb_rl,Philadelphia Phillies -1.5,0.37,,,,,0,,W,historique-results.json,2026-09-09|mlb|mlb_rl|Philadelphia Phillies -1.5|hist,2026-09-09,,Houston Astros @ Philadelphia Phillies,,,,,,,,,,,import results.json,2.94,,1,,,,,
2026-09-09,mlb,mlb_ml,Cleveland Guardians ML,0.203,,,,,0,12.594,L,historique-results.json,2026-09-09|mlb|mlb_ml|Cleveland Guardians ML|hist,2026-09-09,,Cleveland Guardians @ Baltimore Orioles,,,,,,,,,0.0794,,import results.json,15.5,,1,0.2307,,,,
2026-09-09,mlb,mlb_ml,Atlanta Braves ML,0.325,,,,,0,1.912,L,historique-results.json,2026-09-09|mlb|mlb_ml|Atlanta Braves ML|hist,2026-09-09,,Tampa Bay Rays @ Atlanta Braves,,,,,,,,,0.523,,import results.json,4,,1,1.092,,,,
2026-09-09,mlb,mlb_ml,Milwaukee Brewers ML,0.574,,,,,0,1.057,W,historique-results.json,2026-09-09|mlb|mlb_ml|Milwaukee Brewers ML|hist,2026-09-09,,Chicago Cubs @ Milwaukee Brewers,,,,,,,,,0.946,,import results.json,1.8,,1,0.7028,,,,
2026-09-09,mlb,props_k,Logan Henderson Over 4.5 K,0.521,,,,,0,,W,historique-results.json,2026-09-09|mlb|props_k|Logan Henderson Over 4.5 K|hist,2026-09-09,,Chicago Cubs @ Milwaukee Brewers,,Logan Henderson,4.5,5,,,,,,,import results.json,,,1,,,,,
2026-09-09,mlb,mlb_ml,Chicago Cubs ML,0.172,,,,,0,,L,historique-results.json,2026-09-09|mlb|mlb_ml|Chicago Cubs ML|hist,2026-09-09,,Chicago Cubs @ Milwaukee Brewers,,,,,,,,,,,import results.json,20,,1,,,,,
2026-09-09,mlb,mlb_ml,Arizona Diamondbacks ML,0.24,,,,,0,,L,historique-results.json,2026-09-09|mlb|mlb_ml|Arizona Diamondbacks ML|hist,2026-09-09,,Arizona Diamondbacks @ Kansas City Royals,,,,,,,,,,,import results.json,12.5,,1,,,,,
2026-09-09,mlb,mlb_ml,Chicago White Sox ML,0.216,,,,,0,,L,historique-results.json,2026-09-09|mlb|mlb_ml|Chicago White Sox ML|hist,2026-09-09,,Pittsburgh Pirates @ Chicago White Sox,,,,,,,,,,,import results.json,9.5,,1,,,,,
2026-09-08,mlb,props_k,Tanner Bibee Over 4.5 K,0.484,,,,,0,,L,historique-results.json,2026-09-08|mlb|props_k|Tanner Bibee Over 4.5 K|hist,2026-09-08,,Cleveland Guardians @ Baltimore Orioles,,Tanner Bibee,4.5,5,,,,,,,import results.json,,,1,,,,,
2026-09-08,mlb,props_k,Andrew Painter Over 4.5 K,0.488,,,,,0,,W,historique-results.json,2026-09-08|mlb|props_k|Andrew Painter Over 4.5 K|hist,2026-09-08,,Houston Astros @ Philadelphia Phillies,,Andrew Painter,4.5,5,,,,,,,import results.json,,,1,,,,,
2026-09-08,mlb,props_k,Sean Manaea Over 4.5 K,0.462,,,,,0,,L,historique-results.json,2026-09-08|mlb|props_k|Sean Manaea Over 4.5 K|hist,2026-09-08,,New York Mets @ Miami Marlins,,Sean Manaea,4.5,5,,,,,,,import results.json,,,1,,,,,
2026-09-08,mlb,props_k,Reid Detmers Over 5.5 K,0.503,,,,,0,,W,historique-results.json,2026-09-08|mlb|props_k|Reid Detmers Over 5.5 K|hist,2026-09-08,,Los Angeles Angels @ Boston Red Sox,,Reid Detmers,5.5,6,,,,,,,import results.json,,,1,,,,,
2026-09-08,mlb,props_k,Jacob Misiorowski Over 5.5 K,0.488,,,,,0,,W,historique-results.json,2026-09-08|mlb|props_k|Jacob Misiorowski Over 5.5 K|hist,2026-09-08,,Chicago Cubs @ Milwaukee Brewers,,Jacob Misiorowski,5.5,6,,,,,,,import results.json,,,1,,,,,
2026-09-08,mlb,props_k,Dylan Cease Over 5.5 K,0.521,,,,,0,,VOID,historique-results.json,2026-09-08|mlb|props_k|Dylan Cease Over 5.5 K|hist,2026-09-08,,Toronto Blue Jays @ Athletics,,Dylan Cease,5.5,6,,,,,,,import results.json,,,1,,,,,
2026-09-08,mlb,props_k,Logan Gilbert Over 5.5 K,0.447,,,,,0,,VOID,historique-results.json,2026-09-08|mlb|props_k|Logan Gilbert Over 5.5 K|hist,2026-09-08,,Texas Rangers @ Seattle Mariners,,Logan Gilbert,5.5,6,,,,,,,import results.json,,,1,,,,,
2026-09-08,mlb,props_k,Bryan Woo Over 4.5 K,0.519,,,,,0,,VOID,historique-results.json,2026-09-08|mlb|props_k|Bryan Woo Over 4.5 K|hist,2026-09-08,,Texas Rangers @ Seattle Mariners,,Bryan Woo,4.5,5,,,,,,,import results.json,,,1,,,,,
2026-09-08,mlb,mlb_ml,Colorado Rockies ML,0.289,,,,,0,3.12,L,historique-results.json,2026-09-08|mlb|mlb_ml|Colorado Rockies ML|hist,2026-09-08,,Colorado Rockies @ New York Yankees,,,,,,,,,0.3205,,import results.json,3.85,,1,0.2339,,,,
2026-09-08,mlb,mlb_ml,Athletics ML,0.403,,,,,0,2.575,L,historique-results.json,2026-09-08|mlb|mlb_ml|Athletics ML|hist,2026-09-08,,Toronto Blue Jays @ Athletics,,,,,,,,,0.3883,,import results.json,2.63,,1,0.0212,,,,
2026-09-08,mlb,mlb_ml,Minnesota Twins ML,0.468,,,,,0,2.183,W,historique-results.json,2026-09-08|mlb|mlb_ml|Minnesota Twins ML|hist,2026-09-08,,Minnesota Twins @ Detroit Tigers,,,,,,,,,0.458,,import results.json,2.25,,1,0.0305,,,,
2026-09-08,mlb,mlb_ml,Chicago Cubs ML,0.361,,,,,0,2.219,L,historique-results.json,2026-09-08|mlb|mlb_ml|Chicago Cubs ML|hist,2026-09-08,,Chicago Cubs @ Milwaukee Brewers,,,,,,,,,0.4506,,import results.json,2.9,,1,0.3067,,,,
2026-09-08,mlb,mlb_ml,Houston Astros ML,0.454,,,,,0,2.443,W,historique-results.json,2026-09-08|mlb|mlb_ml|Houston Astros ML|hist,2026-09-08,,Houston Astros @ Philadelphia Phillies,,,,,,,,,0.4094,,import results.json,2.3,,1,-0.0584,,,,
2026-09-08,mlb,mlb_ml,Pittsburgh Pirates ML,0.452,,,,,0,1.059,W,historique-results.json,2026-09-08|mlb|mlb_ml|Pittsburgh Pirates ML|hist,2026-09-08,,Pittsburgh Pirates @ Chicago White Sox,,,,,,,,,0.9439,,import results.json,2.31,,1,1.1804,,,,
2026-09-08,mlb,mlb_ml,Cleveland Guardians ML,0.467,,,,,0,2.026,W,historique-results.json,2026-09-08|mlb|mlb_ml|Cleveland Guardians ML|hist,2026-09-08,,Cleveland Guardians @ Baltimore Orioles,,,,,,,,,0.4936,,import results.json,2.15,,1,0.0612,,,,
2026-09-08,mlb,mlb_ml,Miami Marlins ML,0.566,,,,,0,1.885,L,historique-results.json,2026-09-08|mlb|mlb_ml|Miami Marlins ML|hist,2026-09-08,,New York Mets @ Miami Marlins,,,,,,,,,0.5306,,import results.json,1.77,,1,-0.0608,,,,
2026-09-08,mlb,mlb_ml,Atlanta Braves ML,0.521,,,,,0,1.9,L,historique-results.json,2026-09-08|mlb|mlb_ml|Atlanta Braves ML|hist,2026-09-08,,Tampa Bay Rays @ Atlanta Braves,,,,,,,,,0.5262,,import results.json,1.92,,1,0.0103,,,,
2026-09-08,mlb,mlb_ml,Cincinnati Reds ML,0.259,,,,,0,3.453,L,historique-results.json,2026-09-08|mlb|mlb_ml|Cincinnati Reds ML|hist,2026-09-08,,Cincinnati Reds @ Los Angeles Dodgers,,,,,,,,,0.2896,,import results.json,3.9,,1,0.1294,,,,
2026-09-08,mlb,mlb_ml,Los Angeles Angels ML,0.438,,,,,0,2.912,W,historique-results.json,2026-09-08|mlb|mlb_ml|Los Angeles Angels ML|hist,2026-09-08,,Los Angeles Angels @ Boston Red Sox,,,,,,,,,0.3434,,import results.json,2.31,,1,-0.2067,,,,
2026-09-08,mlb,props_k,Michael Wacha Over 4.5 K,0.519,,,,,0,,L,historique-results.json,2026-09-08|mlb|props_k|Michael Wacha Over 4.5 K|hist,2026-09-08,,Arizona Diamondbacks @ Kansas City Royals,,Michael Wacha,4.5,5,,,,,,,import results.json,2.28,,1,,,,,
2026-09-08,mlb,mlb_ml,Texas Rangers ML,0.479,,,,,0,2.437,W,historique-results.json,2026-09-08|mlb|mlb_ml|Texas Rangers ML|hist,2026-09-08,,Texas Rangers @ Seattle Mariners,,,,,,,,,0.4103,,import results.json,2.23,,1,-0.085,,,,
2026-09-08,mlb,mlb_rl,Miami Marlins -1.5,0.375,,,,,0,,L,historique-results.json,2026-09-08|mlb|mlb_rl|Miami Marlins -1.5|hist,2026-09-08,,New York Mets @ Miami Marlins,,,,,,,,,,,import results.json,2.82,,1,,,,,
2026-09-08,mlb,props_k,Reid Detmers Over 6.5 K,0.464,,,,,0,,W,historique-results.json,2026-09-08|mlb|props_k|Reid Detmers Over 6.5 K|hist,2026-09-08,,Los Angeles Angels @ Boston Red Sox,,Reid Detmers,6.5,7,,,,,,,import results.json,,,1,,,,,
2026-09-08,mlb,props_k,Cam Schlittler Over 6.5 K,0.494,,,,,0,,W,historique-results.json,2026-09-08|mlb|props_k|Cam Schlittler Over 6.5 K|hist,2026-09-08,,Colorado Rockies @ New York Yankees,,Cam Schlittler,6.5,7,,,,,,,import results.json,,,1,,,,,
2026-09-08,mlb,props_k,Sean Burke Over 4.5 K,0.46,,,,,0,,L,historique-results.json,2026-09-08|mlb|props_k|Sean Burke Over 4.5 K|hist,2026-09-08,,Pittsburgh Pirates @ Chicago White Sox,,Sean Burke,4.5,5,,,,,,,import results.json,,,1,,,,,
2026-09-08,mlb,mlb_ml,Chicago White Sox ML,0.179,,,,,0,,L,historique-results.json,2026-09-08|mlb|mlb_ml|Chicago White Sox ML|hist,2026-09-08,,Pittsburgh Pirates @ Chicago White Sox,,,,,,,,,,,import results.json,36,,1,,,,,
2026-09-08,mlb,mlb_ml,Baltimore Orioles ML,0.212,,,,,0,,L,historique-results.json,2026-09-08|mlb|mlb_ml|Baltimore Orioles ML|hist,2026-09-08,,Cleveland Guardians @ Baltimore Orioles,,,,,,,,,,,import results.json,23,,1,,,,,
2026-09-08,mlb,mlb_ml,Detroit Tigers ML,0.288,,,,,0,,L,historique-results.json,2026-09-08|mlb|mlb_ml|Detroit Tigers ML|hist,2026-09-08,,Minnesota Twins @ Detroit Tigers,,,,,,,,,,,import results.json,7,,1,,,,,
2026-09-08,mlb,mlb_ml,Boston Red Sox ML,0.371,,,,,0,,L,historique-results.json,2026-09-08|mlb|mlb_ml|Boston Red Sox ML|hist,2026-09-08,,Los Angeles Angels @ Boston Red Sox,,,,,,,,,,,import results.json,5,,1,,,,,
2026-09-08,mlb,mlb_ml,Philadelphia Phillies ML,0.264,,,,,0,,L,historique-results.json,2026-09-08|mlb|mlb_ml|Philadelphia Phillies ML|hist,2026-09-08,,Houston Astros @ Philadelphia Phillies,,,,,,,,,,,import results.json,6.5,,1,,,,,
2026-09-08,mlb,mlb_rl,Milwaukee Brewers -1.5,0.363,,,,,0,,L,historique-results.json,2026-09-08|mlb|mlb_rl|Milwaukee Brewers -1.5|hist,2026-09-08,,Chicago Cubs @ Milwaukee Brewers,,,,,,,,,,,import results.json,3.1,,1,,,,,
2026-09-07,mlb,props_k,Trevor Rogers Over 5.5 K,0.523,,,,,0,,W,historique-results.json,2026-09-07|mlb|props_k|Trevor Rogers Over 5.5 K|hist,2026-09-07,,Cleveland Guardians @ Baltimore Orioles,,Trevor Rogers,5.5,6,,,,,,,import results.json,,,1,,,,,
2026-09-07,mlb,props_k,Jake Irvin Over 3.5 K,0.5,,,,,0,,L,historique-results.json,2026-09-07|mlb|props_k|Jake Irvin Over 3.5 K|hist,2026-09-07,,Washington Nationals @ San Diego Padres,,Jake Irvin,3.5,4,,,,,,,import results.json,,,1,,,,,
2026-09-07,mlb,props_k,Logan Webb Over 4.5 K,0.456,,,,,0,,W,historique-results.json,2026-09-07|mlb|props_k|Logan Webb Over 4.5 K|hist,2026-09-07,,St. Louis Cardinals @ San Francisco Giants,,Logan Webb,4.5,5,,,,,,,import results.json,,,1,,,,,
2026-09-07,mlb,props_k,Dylan Cease Over 6.5 K,0.477,,,,,0,,L,historique-results.json,2026-09-07|mlb|props_k|Dylan Cease Over 6.5 K|hist,2026-09-07,,Toronto Blue Jays @ Athletics,,Dylan Cease,6.5,7,,,,,,,import results.json,,,1,,,,,
2026-09-07,mlb,mlb_ml,Athletics ML,0.398,,,,,0,2.654,W,historique-results.json,2026-09-07|mlb|mlb_ml|Athletics ML|hist,2026-09-07,,Toronto Blue Jays @ Athletics,,,,,,,,,0.3768,,import results.json,2.89,,1,0.089,,,,
2026-09-07,mlb,mlb_ml,Baltimore Orioles ML,0.559,,,,,0,1.824,W,historique-results.json,2026-09-07|mlb|mlb_ml|Baltimore Orioles ML|hist,2026-09-07,,Cleveland Guardians @ Baltimore Orioles,,,,,,,,,0.5482,,import results.json,1.83,,1,0.0032,,,,
2026-09-07,mlb,mlb_ml,Chicago Cubs ML,0.484,,,,,0,2.966,L,historique-results.json,2026-09-07|mlb|mlb_ml|Chicago Cubs ML|hist,2026-09-07,,Chicago Cubs @ Milwaukee Brewers,,,,,,,,,0.3372,,import results.json,2.1,,1,-0.2919,,,,
2026-09-07,mlb,mlb_ml,San Francisco Giants ML,0.56,,,,,0,1.955,W,historique-results.json,2026-09-07|mlb|mlb_ml|San Francisco Giants ML|hist,2026-09-07,,St. Louis Cardinals @ San Francisco Giants,,,,,,,,,0.5115,,import results.json,1.81,,1,-0.0742,,,,
2026-09-07,mlb,props_k,Eury Pérez Over 4.5 K,0.468,,,,,0,,W,historique-results.json,2026-09-07|mlb|props_k|Eury Pérez Over 4.5 K|hist,2026-09-07,,New York Mets @ Miami Marlins,,Eury Pérez,4.5,5,,,,,,,import results.json,,,1,,,,,
2026-09-07,mlb,mlb_ml,Los Angeles Angels ML,0.434,,,,,0,2.367,L,historique-results.json,2026-09-07|mlb|mlb_ml|Los Angeles Angels ML|hist,2026-09-07,,Los Angeles Angels @ Boston Red Sox,,,,,,,,,0.4225,,import results.json,2.59,,1,0.0943,,,,
2026-09-07,mlb,mlb_ml,Minnesota Twins ML,0.499,,,,,0,2.314,L,historique-results.json,2026-09-07|mlb|mlb_ml|Minnesota Twins ML|hist,2026-09-07,,Minnesota Twins @ Detroit Tigers,,,,,,,,,0.4322,,import results.json,2.07,,1,-0.1053,,,,
2026-09-07,mlb,mlb_ml,Atlanta Braves ML,0.375,,,,,0,1.926,L,historique-results.json,2026-09-07|mlb|mlb_ml|Atlanta Braves ML|hist,2026-09-07,,Atlanta Braves @ Philadelphia Phillies,,,,,,,,,0.5192,,import results.json,2.7,,1,0.4018,,,,
2026-09-07,mlb,props_k,Noah Cameron Over 4.5 K,0.462,,,,,0,,W,historique-results.json,2026-09-07|mlb|props_k|Noah Cameron Over 4.5 K|hist,2026-09-07,,Arizona Diamondbacks @ Kansas City Royals,,Noah Cameron,4.5,5,,,,,,,import results.json,,,1,,,,,
2026-09-07,mlb,props_k,Joe Ryan Over 5.5 K,0.462,,,,,0,,W,historique-results.json,2026-09-07|mlb|props_k|Joe Ryan Over 5.5 K|hist,2026-09-07,,Minnesota Twins @ Detroit Tigers,,Joe Ryan,5.5,6,,,,,,,import results.json,,,1,,,,,
2026-09-07,mlb,props_k,Nick Pivetta Over 4.5 K,0.451,,,,,0,,L,historique-results.json,2026-09-07|mlb|props_k|Nick Pivetta Over 4.5 K|hist,2026-09-07,,Washington Nationals @ San Diego Padres,,Nick Pivetta,4.5,5,,,,,,,import results.json,,,1,,,,,
2026-09-07,mlb,mlb_ml,Washington Nationals ML,0.193,,,,,0,2.667,L,historique-results.json,2026-09-07|mlb|mlb_ml|Washington Nationals ML|hist,2026-09-07,,Washington Nationals @ San Diego Padres,,,,,,,,,0.375,,import results.json,10.5,,1,2.9375,,,,
2026-09-07,mlb,mlb_rl,San Diego Padres -1.5,0.288,,,,,0,,L,historique-results.json,2026-09-07|mlb|mlb_rl|San Diego Padres -1.5|hist,2026-09-07,,Washington Nationals @ San Diego Padres,,,,,,,,,,,import results.json,5.3,,1,,,,,
2026-09-07,mlb,mlb_ml,Cincinnati Reds ML,0.411,,,,,0,3.877,L,historique-results.json,2026-09-07|mlb|mlb_ml|Cincinnati Reds ML|hist,2026-09-07,,Cincinnati Reds @ Los Angeles Dodgers,,,,,,,,,0.2579,,import results.json,2.6,,1,-0.3295,,,,
2026-09-07,mlb,props_k,Emmet Sheehan Over 5.5 K,0.46,,,,,0,,W,historique-results.json,2026-09-07|mlb|props_k|Emmet Sheehan Over 5.5 K|hist,2026-09-07,,Cincinnati Reds @ Los Angeles Dodgers,,Emmet Sheehan,5.5,6,,,,,,,import results.json,,,1,,,,,
2026-09-07,mlb,props_k,Chase Burns Over 4.5 K,0.512,,,,,0,,W,historique-results.json,2026-09-07|mlb|props_k|Chase Burns Over 4.5 K|hist,2026-09-07,,Cincinnati Reds @ Los Angeles Dodgers,,Chase Burns,4.5,5,,,,,,,import results.json,,,1,,,,,
2026-09-07,mlb,mlb_ml,St. Louis Cardinals ML,0.246,,,,,0,,L,historique-results.json,2026-09-07|mlb|mlb_ml|St. Louis Cardinals ML|hist,2026-09-07,,St. Louis Cardinals @ San Francisco Giants,,,,,,,,,,,import results.json,8,,1,,,,,
2026-09-07,mlb,mlb_ml,Toronto Blue Jays ML,0.467,,,,,0,,L,historique-results.json,2026-09-07|mlb|mlb_ml|Toronto Blue Jays ML|hist,2026-09-07,,Toronto Blue Jays @ Athletics,,,,,,,,,,,import results.json,2.35,,1,,,,,
2026-09-06,mlb,props_k,Aaron Nola Over 5.5 K,0.472,,,,,0,,L,historique-results.json,2026-09-06|mlb|props_k|Aaron Nola Over 5.5 K|hist,2026-09-06,,Atlanta Braves @ Philadelphia Phillies,,Aaron Nola,5.5,6,,,,,,,import results.json,,,1,,,,,
2026-09-06,mlb,props_k,Paul Skenes Over 4.5 K,0.482,,,,,0,,L,historique-results.json,2026-09-06|mlb|props_k|Paul Skenes Over 4.5 K|hist,2026-09-06,,Los Angeles Angels @ Pittsburgh Pirates,,Paul Skenes,4.5,5,,,,,,,import results.json,,,1,,,,,
2026-09-06,mlb,props_k,Gavin Williams Over 7.5 K,0.504,,,,,0,,W,historique-results.json,2026-09-06|mlb|props_k|Gavin Williams Over 7.5 K|hist,2026-09-06,,Detroit Tigers @ Cleveland Guardians,,Gavin Williams,7.5,8,,,,,,,import results.json,,,1,,,,,
2026-09-06,mlb,props_k,Christian Scott Over 4.5 K,0.518,,,,,0,,W,historique-results.json,2026-09-06|mlb|props_k|Christian Scott Over 4.5 K|hist,2026-09-06,,San Francisco Giants @ New York Mets,,Christian Scott,4.5,5,,,,,,,import results.json,,,1,,,,,
2026-09-06,mlb,props_k,Logan Gilbert Over 4.5 K,0.522,,,,,0,,VOID,historique-results.json,2026-09-06|mlb|props_k|Logan Gilbert Over 4.5 K|hist,2026-09-06,,Athletics @ Seattle Mariners,,Logan Gilbert,4.5,5,,,,,,,import results.json,,,1,,,,,
2026-09-06,mlb,props_k,Bryan Woo Over 4.5 K,0.476,,,,,0,,W,historique-results.json,2026-09-06|mlb|props_k|Bryan Woo Over 4.5 K|hist,2026-09-06,,Athletics @ Seattle Mariners,,Bryan Woo,4.5,5,,,,,,,import results.json,,,1,,,,,
2026-09-06,mlb,props_k,Michael King Over 4.5 K,0.466,,,,,0,,L,historique-results.json,2026-09-06|mlb|props_k|Michael King Over 4.5 K|hist,2026-09-06,,New York Yankees @ San Diego Padres,,Michael King,4.5,5,,,,,,,import results.json,,,1,,,,,
2026-09-06,mlb,props_k,Gerrit Cole Over 4.5 K,0.489,,,,,0,,L,historique-results.json,2026-09-06|mlb|props_k|Gerrit Cole Over 4.5 K|hist,2026-09-06,,New York Yankees @ San Diego Padres,,Gerrit Cole,4.5,5,,,,,,,import results.json,,,1,,,,,
2026-09-06,mlb,mlb_ml,Washington Nationals ML,0.421,,,,,0,2.784,L,historique-results.json,2026-09-06|mlb|mlb_ml|Washington Nationals ML|hist,2026-09-06,,Washington Nationals @ Los Angeles Dodgers,,,,,,,,,0.3592,,import results.json,2.93,,1,0.0525,,,,
2026-09-06,mlb,mlb_ml,Athletics ML,0.422,,,,,0,2.796,L,historique-results.json,2026-09-06|mlb|mlb_ml|Athletics ML|hist,2026-09-06,,Athletics @ Seattle Mariners,,,,,,,,,0.3576,,import results.json,2.72,,1,-0.0273,,,,
2026-09-06,mlb,mlb_ml,Texas Rangers ML,0.555,,,,,0,,W,historique-results.json,2026-09-06|mlb|mlb_ml|Texas Rangers ML|hist,2026-09-06,,Tampa Bay Rays @ Texas Rangers,,,,,,,,,,,import results.json,1.95,,1,,,,,
2026-09-06,mlb,mlb_ml,Kansas City Royals ML,0.52,,,,,0,,W,historique-results.json,2026-09-06|mlb|mlb_ml|Kansas City Royals ML|hist,2026-09-06,,Toronto Blue Jays @ Kansas City Royals,,,,,,,,,,,import results.json,2.05,,1,,,,,
2026-09-06,mlb,mlb_ml,Minnesota Twins ML,0.461,,,,,0,13.514,L,historique-results.json,2026-09-06|mlb|mlb_ml|Minnesota Twins ML|hist,2026-09-06,,Minnesota Twins @ Chicago White Sox,,,,,,,,,0.074,,import results.json,2.25,,1,-0.8335,,,,
2026-09-06,mlb,mlb_ml,New York Yankees ML,0.525,,,,,0,,L,historique-results.json,2026-09-06|mlb|mlb_ml|New York Yankees ML|hist,2026-09-06,,New York Yankees @ San Diego Padres,,,,,,,,,,,import results.json,1.95,,1,,,,,
2026-09-06,mlb,mlb_ml,Detroit Tigers ML,0.412,,,,,0,,L,historique-results.json,2026-09-06|mlb|mlb_ml|Detroit Tigers ML|hist,2026-09-06,,Detroit Tigers @ Cleveland Guardians,,,,,,,,,,,import results.json,2.47,,1,,,,,
2026-09-06,mlb,mlb_ml,Los Angeles Angels ML,0.373,,,,,0,,L,historique-results.json,2026-09-06|mlb|mlb_ml|Los Angeles Angels ML|hist,2026-09-06,,Los Angeles Angels @ Pittsburgh Pirates,,,,,,,,,,,import results.json,2.71,,1,,,,,
2026-09-06,mlb,mlb_ml,Atlanta Braves ML,0.512,,,,,0,,W,historique-results.json,2026-09-06|mlb|mlb_ml|Atlanta Braves ML|hist,2026-09-06,,Atlanta Braves @ Philadelphia Phillies,,,,,,,,,,,import results.json,1.97,,1,,,,,
2026-09-06,mlb,mlb_ml,Cincinnati Reds ML,0.414,,,,,0,,W,historique-results.json,2026-09-06|mlb|mlb_ml|Cincinnati Reds ML|hist,2026-09-06,,Milwaukee Brewers @ Cincinnati Reds,,,,,,,,,,,import results.json,2.43,,1,,,,,
2026-09-06,mlb,mlb_rl,Texas Rangers -1.5,0.395,,,,,0,,W,historique-results.json,2026-09-06|mlb|mlb_rl|Texas Rangers -1.5|hist,2026-09-06,,Tampa Bay Rays @ Texas Rangers,,,,,,,,,,,import results.json,2.89,,1,,,,,
2026-09-06,mlb,mlb_ml,Baltimore Orioles ML,0.446,,,,,0,1.863,L,historique-results.json,2026-09-06|mlb|mlb_ml|Baltimore Orioles ML|hist,2026-09-06,,Boston Red Sox @ Baltimore Orioles,,,,,,,,,0.5369,,import results.json,2.25,,1,0.208,,,,
2026-09-06,mlb,props_k,Kyle Harrison Over 4.5 K,0.52,,,,,0,,L,historique-results.json,2026-09-06|mlb|props_k|Kyle Harrison Over 4.5 K|hist,2026-09-06,,Milwaukee Brewers @ Cincinnati Reds,,Kyle Harrison,4.5,5,,,,,,,import results.json,,,1,,,,,
2026-09-06,mlb,props_k,Tyler Mahle Over 4.5 K,0.569,,,,,0,,L,historique-results.json,2026-09-06|mlb|props_k|Tyler Mahle Over 4.5 K|hist,2026-09-06,,Atlanta Braves @ Philadelphia Phillies,,Tyler Mahle,4.5,5,,,,,,,import results.json,2.06,,1,,,,,
2026-09-06,mlb,props_k,Walbert Ureña Over 5.5 K,0.462,,,,,0,,L,historique-results.json,2026-09-06|mlb|props_k|Walbert Ureña Over 5.5 K|hist,2026-09-06,,Los Angeles Angels @ Pittsburgh Pirates,,Walbert Ureña,5.5,6,,,,,,,import results.json,,,1,,,,,
2026-09-06,mlb,mlb_ml,Milwaukee Brewers ML,0.415,,,,,0,,L,historique-results.json,2026-09-06|mlb|mlb_ml|Milwaukee Brewers ML|hist,2026-09-06,,Milwaukee Brewers @ Cincinnati Reds,,,,,,,,,,,import results.json,3.1,,1,,,,,
2026-09-06,mlb,mlb_ml,Miami Marlins ML,0.425,,,,,0,1.931,W,historique-results.json,2026-09-06|mlb|mlb_ml|Miami Marlins ML|hist,2026-09-06,,Chicago Cubs @ Miami Marlins,,,,,,,,,0.5179,,import results.json,2.38,,1,0.2326,,,,
2026-09-06,mlb,mlb_ml,St. Louis Cardinals ML,0.559,,,,,0,2.229,W,historique-results.json,2026-09-06|mlb|mlb_ml|St. Louis Cardinals ML|hist,2026-09-06,,St. Louis Cardinals @ Colorado Rockies,,,,,,,,,0.4486,,import results.json,1.79,,1,-0.197,,,,
2026-09-06,mlb,props_k,Tyler Mahle Over 5.5 K,0.484,,,,,0,,L,historique-results.json,2026-09-06|mlb|props_k|Tyler Mahle Over 5.5 K|hist,2026-09-06,,Atlanta Braves @ Philadelphia Phillies,,Tyler Mahle,5.5,6,,,,,,,import results.json,,,1,,,,,
2026-09-06,mlb,mlb_ml,Chicago Cubs ML,0.533,,,,,0,2.149,L,historique-results.json,2026-09-06|mlb|mlb_ml|Chicago Cubs ML|hist,2026-09-06,,Chicago Cubs @ Miami Marlins,,,,,,,,,0.4653,,import results.json,2.7,,1,0.2563,,,,
2026-09-06,mlb,mlb_ml,Toronto Blue Jays ML,0.268,,,,,0,1.557,L,historique-results.json,2026-09-06|mlb|mlb_ml|Toronto Blue Jays ML|hist,2026-09-06,,Toronto Blue Jays @ Kansas City Royals,,,,,,,,,0.6424,,import results.json,4.9,,1,2.1478,,,,
2026-09-06,mlb,mlb_ml,Cleveland Guardians ML,0.461,,,,,0,2.159,W,historique-results.json,2026-09-06|mlb|mlb_ml|Cleveland Guardians ML|hist,2026-09-06,,Detroit Tigers @ Cleveland Guardians,,,,,,,,,0.4631,,import results.json,2.58,,1,0.1948,,,,
2026-09-06,mlb,mlb_ml,Arizona Diamondbacks ML,0.466,,,,,0,,W,historique-results.json,2026-09-06|mlb|mlb_ml|Arizona Diamondbacks ML|hist,2026-09-06,,Arizona Diamondbacks @ Houston Astros,,,,,,,,,,,import results.json,2.18,,1,,,,,
2026-09-06,mlb,props_k,Peter Lambert Over 4.5 K,0.466,,,,,0,,W,historique-results.json,2026-09-06|mlb|props_k|Peter Lambert Over 4.5 K|hist,2026-09-06,,Arizona Diamondbacks @ Houston Astros,,Peter Lambert,4.5,5,,,,,,,import results.json,,,1,,,,,
2026-09-06,mlb,props_k,Ian Seymour Over 6.5 K,0.491,,,,,0,,L,historique-results.json,2026-09-06|mlb|props_k|Ian Seymour Over 6.5 K|hist,2026-09-06,,Tampa Bay Rays @ Texas Rangers,,Ian Seymour,6.5,7,,,,,,,import results.json,,,1,,,,,
2026-09-06,mlb,props_k,Kyle Leahy Over 4.5 K,0.515,,,,,0,,W,historique-results.json,2026-09-06|mlb|props_k|Kyle Leahy Over 4.5 K|hist,2026-09-06,,St. Louis Cardinals @ Colorado Rockies,,Kyle Leahy,4.5,5,,,,,,,import results.json,,,1,,,,,
2026-09-06,mlb,mlb_ml,Houston Astros ML,0.273,,,,,0,,L,historique-results.json,2026-09-06|mlb|mlb_ml|Houston Astros ML|hist,2026-09-06,,Arizona Diamondbacks @ Houston Astros,,,,,,,,,,,import results.json,7.5,,1,,,,,
2026-09-06,mlb,mlb_ml,Colorado Rockies ML,0.314,,,,,0,,L,historique-results.json,2026-09-06|mlb|mlb_ml|Colorado Rockies ML|hist,2026-09-06,,St. Louis Cardinals @ Colorado Rockies,,,,,,,,,,,import results.json,5.2,,1,,,,,
2026-09-06,mlb,mlb_ml,Tampa Bay Rays ML,0.253,,,,,0,,L,historique-results.json,2026-09-06|mlb|mlb_ml|Tampa Bay Rays ML|hist,2026-09-06,,Tampa Bay Rays @ Texas Rangers,,,,,,,,,,,import results.json,5.2,,1,,,,,
2026-09-05,mlb,props_k,Zack Wheeler Over 4.5 K,0.512,,,,,0,,W,historique-results.json,2026-09-05|mlb|props_k|Zack Wheeler Over 4.5 K|hist,2026-09-05,,Atlanta Braves @ Philadelphia Phillies,,Zack Wheeler,4.5,5,,,,,,,import results.json,,,1,,,,,
2026-09-05,mlb,props_k,Parker Messick Over 5.5 K,0.449,,,,,0,,W,historique-results.json,2026-09-05|mlb|props_k|Parker Messick Over 5.5 K|hist,2026-09-05,,Detroit Tigers @ Cleveland Guardians,,Parker Messick,5.5,6,,,,,,,import results.json,,,1,,,,,
2026-09-05,mlb,props_k,Matthew Liberatore Over 7.5 K,0.485,,,,,0,,L,historique-results.json,2026-09-05|mlb|props_k|Matthew Liberatore Over 7.5 K|hist,2026-09-05,,St. Louis Cardinals @ Colorado Rockies,,Matthew Liberatore,7.5,8,,,,,,,import results.json,,,1,,,,,
2026-09-05,mlb,props_k,Tyler Glasnow Over 5.5 K,0.506,,,,,0,,W,historique-results.json,2026-09-05|mlb|props_k|Tyler Glasnow Over 5.5 K|hist,2026-09-05,,Washington Nationals @ Los Angeles Dodgers,,Tyler Glasnow,5.5,6,,,,,,,import results.json,,,1,,,,,
2026-09-05,mlb,props_k,Logan Gilbert Over 4.5 K,0.523,,,,,0,,VOID,historique-results.json,2026-09-05|mlb|props_k|Logan Gilbert Over 4.5 K|hist,2026-09-05,,Athletics @ Seattle Mariners,,Logan Gilbert,4.5,5,,,,,,,import results.json,,,1,,,,,
2026-09-05,mlb,props_k,Bryan Woo Over 4.5 K,0.477,,,,,0,,VOID,historique-results.json,2026-09-05|mlb|props_k|Bryan Woo Over 4.5 K|hist,2026-09-05,,Athletics @ Seattle Mariners,,Bryan Woo,4.5,5,,,,,,,import results.json,,,1,,,,,
2026-09-05,mlb,mlb_ml,Atlanta Braves ML,0.445,,,,,0,2,L,historique-results.json,2026-09-05|mlb|mlb_ml|Atlanta Braves ML|hist,2026-09-05,,Atlanta Braves @ Philadelphia Phillies,,,,,,,,,0.5,,import results.json,2.43,,1,0.215,,,,
2026-09-05,mlb,mlb_ml,Athletics ML,0.361,,,,,0,2.752,W,historique-results.json,2026-09-05|mlb|mlb_ml|Athletics ML|hist,2026-09-05,,Athletics @ Seattle Mariners,,,,,,,,,0.3634,,import results.json,3.2,,1,0.1629,,,,
2026-09-05,mlb,mlb_ml,Washington Nationals ML,0.35,,,,,0,2.945,L,historique-results.json,2026-09-05|mlb|mlb_ml|Washington Nationals ML|hist,2026-09-05,,Washington Nationals @ Los Angeles Dodgers,,,,,,,,,0.3396,,import results.json,3.05,,1,0.0358,,,,
2026-09-05,mlb,mlb_ml,San Francisco Giants ML,0.404,,,,,0,2.345,W,historique-results.json,2026-09-05|mlb|mlb_ml|San Francisco Giants ML|hist,2026-09-05,,San Francisco Giants @ New York Mets,,,,,,,,,0.4264,,import results.json,2.62,,1,0.1172,,,,
2026-09-05,mlb,mlb_ml,New York Yankees ML,0.525,,,,,0,1.99,W,historique-results.json,2026-09-05|mlb|mlb_ml|New York Yankees ML|hist,2026-09-05,,New York Yankees @ San Diego Padres,,,,,,,,,0.5026,,import results.json,2.01,,1,0.0102,,,,
2026-09-05,mlb,mlb_ml,Miami Marlins ML,0.468,,,,,0,2.314,L,historique-results.json,2026-09-05|mlb|mlb_ml|Miami Marlins ML|hist,2026-09-05,,Chicago Cubs @ Miami Marlins,,,,,,,,,0.4322,,import results.json,2.2,,1,-0.0492,,,,
2026-09-05,mlb,mlb_ml,Colorado Rockies ML,0.491,,,,,0,2.201,W,historique-results.json,2026-09-05|mlb|mlb_ml|Colorado Rockies ML|hist,2026-09-05,,St. Louis Cardinals @ Colorado Rockies,,,,,,,,,0.4543,,import results.json,2.1,,1,-0.046,,,,
2026-09-05,mlb,mlb_ml,Los Angeles Angels ML,0.397,,,,,0,2.758,W,historique-results.json,2026-09-05|mlb|mlb_ml|Los Angeles Angels ML|hist,2026-09-05,,Los Angeles Angels @ Pittsburgh Pirates,,,,,,,,,0.3626,,import results.json,2.59,,1,-0.0609,,,,
2026-09-05,mlb,mlb_ml,Kansas City Royals ML,0.518,,,,,0,2.086,L,historique-results.json,2026-09-05|mlb|mlb_ml|Kansas City Royals ML|hist,2026-09-05,,Toronto Blue Jays @ Kansas City Royals,,,,,,,,,0.4794,,import results.json,1.95,,1,-0.0652,,,,
2026-09-05,mlb,mlb_ml,Baltimore Orioles ML,0.439,,,,,0,2.244,L,historique-results.json,2026-09-05|mlb|mlb_ml|Baltimore Orioles ML|hist,2026-09-05,,Boston Red Sox @ Baltimore Orioles,,,,,,,,,0.4456,,import results.json,2.3,,1,0.0249,,,,
2026-09-05,mlb,mlb_ml,Cleveland Guardians ML,0.603,,,,,0,1.674,L,historique-results.json,2026-09-05|mlb|mlb_ml|Cleveland Guardians ML|hist,2026-09-05,,Detroit Tigers @ Cleveland Guardians,,,,,,,,,0.5975,,import results.json,1.67,,1,-0.0022,,,,
2026-09-05,mlb,mlb_ml,Cincinnati Reds ML,0.407,,,,,0,2.443,W,historique-results.json,2026-09-05|mlb|mlb_ml|Cincinnati Reds ML|hist,2026-09-05,,Milwaukee Brewers @ Cincinnati Reds,,,,,,,,,0.4094,,import results.json,2.47,,1,0.0112,,,,
2026-09-05,mlb,mlb_ml,Milwaukee Brewers ML,0.591,,,,,0,1.693,L,historique-results.json,2026-09-05|mlb|mlb_ml|Milwaukee Brewers ML|hist,2026-09-05,,Milwaukee Brewers @ Cincinnati Reds,,,,,,,,,0.5906,,import results.json,1.7,,1,0.004,,,,
2026-09-05,mlb,props_k,Carlos Rodón Over 3.5 K,0.518,,,,,0,,W,historique-results.json,2026-09-05|mlb|props_k|Carlos Rodón Over 3.5 K|hist,2026-09-05,,New York Yankees @ San Diego Padres,,Carlos Rodón,3.5,4,,,,,,,import results.json,,,1,,,,,
2026-09-05,mlb,props_k,Matthew Liberatore Over 5.5 K,0.588,,,,,0,2.309,L,historique-results.json,2026-09-05|mlb|props_k|Matthew Liberatore Over 5.5 K|hist,2026-09-05,,St. Louis Cardinals @ Colorado Rockies,,Matthew Liberatore,5.5,6,,,,,0.4331,,import results.json,2.15,,1,-0.0688,,,,
2026-09-05,mlb,mlb_rl,New York Yankees -1.5,0.378,,,,,0,,W,historique-results.json,2026-09-05|mlb|mlb_rl|New York Yankees -1.5|hist,2026-09-05,,New York Yankees @ San Diego Padres,,,,,,,,,,,import results.json,2.8,,1,,,,,
2026-09-05,mlb,mlb_ml,Texas Rangers ML,0.497,,,,,0,1.979,L,historique-results.json,2026-09-05|mlb|mlb_ml|Texas Rangers ML|hist,2026-09-05,,Tampa Bay Rays @ Texas Rangers,,,,,,,,,0.5053,,import results.json,2.02,,1,0.0207,,,,
2026-09-05,mlb,props_k,Anthony Molina Over 4.5 K,0.476,,,,,0,,W,historique-results.json,2026-09-05|mlb|props_k|Anthony Molina Over 4.5 K|hist,2026-09-05,,San Francisco Giants @ New York Mets,,Anthony Molina,4.5,5,,,,,,,import results.json,,,1,,,,,
2026-09-05,mlb,mlb_ml,New York Mets ML,0.192,,,,,0,1.743,L,historique-results.json,2026-09-05|mlb|mlb_ml|New York Mets ML|hist,2026-09-05,,San Francisco Giants @ New York Mets,,,,,,,,,0.5736,,import results.json,36,,1,19.6496,,,,
2026-09-05,mlb,mlb_ml,Minnesota Twins ML,0.475,,,,,0,2.338,W,historique-results.json,2026-09-05|mlb|mlb_ml|Minnesota Twins ML|hist,2026-09-05,,Minnesota Twins @ Chicago White Sox,,,,,,,,,0.4278,,import results.json,2.12,,1,-0.0931,,,,
2026-09-05,mlb,props_k,Zack Wheeler Over 5.5 K,0.482,,,,,0,,W,historique-results.json,2026-09-05|mlb|props_k|Zack Wheeler Over 5.5 K|hist,2026-09-05,,Atlanta Braves @ Philadelphia Phillies,,Zack Wheeler,5.5,6,,,,,,,import results.json,,,1,,,,,
2026-09-05,mlb,props_k,Braxton Ashcraft Over 5.5 K,0.471,,,,,0,,W,historique-results.json,2026-09-05|mlb|props_k|Braxton Ashcraft Over 5.5 K|hist,2026-09-05,,Los Angeles Angels @ Pittsburgh Pirates,,Braxton Ashcraft,5.5,6,,,,,,,import results.json,,,1,,,,,
2026-09-05,mlb,props_k,Jacob Degrom Over 5.5 K,0.516,,,,,0,,W,historique-results.json,2026-09-05|mlb|props_k|Jacob Degrom Over 5.5 K|hist,2026-09-05,,Tampa Bay Rays @ Texas Rangers,,Jacob Degrom,5.5,6,,,,,,,import results.json,,,1,,,,,
2026-09-05,mlb,mlb_ml,Pittsburgh Pirates ML,0.257,,,,,0,,L,historique-results.json,2026-09-05|mlb|mlb_ml|Pittsburgh Pirates ML|hist,2026-09-05,,Los Angeles Angels @ Pittsburgh Pirates,,,,,,,,,,,import results.json,23,,1,,,,,
2026-09-05,mlb,mlb_ml,San Diego Padres ML,0.207,,,,,0,,L,historique-results.json,2026-09-05|mlb|mlb_ml|San Diego Padres ML|hist,2026-09-05,,New York Yankees @ San Diego Padres,,,,,,,,,,,import results.json,10.5,,1,,,,,
2026-09-05,mlb,mlb_ml,Arizona Diamondbacks ML,0.354,,,,,0,,W,historique-results.json,2026-09-05|mlb|mlb_ml|Arizona Diamondbacks ML|hist,2026-09-05,,Arizona Diamondbacks @ Houston Astros,,,,,,,,,,,import results.json,4.1,,1,,,,,
2026-09-05,mlb,mlb_ml,Chicago White Sox ML,0.359,,,,,0,,L,historique-results.json,2026-09-05|mlb|mlb_ml|Chicago White Sox ML|hist,2026-09-05,,Minnesota Twins @ Chicago White Sox,,,,,,,,,,,import results.json,3.8,,1,,,,,
2026-09-05,mlb,mlb_ml,St. Louis Cardinals ML,0.552,,,,,0,,L,historique-results.json,2026-09-05|mlb|mlb_ml|St. Louis Cardinals ML|hist,2026-09-05,,St. Louis Cardinals @ Colorado Rockies,,,,,,,,,,,import results.json,1.91,,1,,,,,
2026-09-05,mlb,mlb_ml,Boston Red Sox ML,0.492,,,,,0,,W,historique-results.json,2026-09-05|mlb|mlb_ml|Boston Red Sox ML|hist,2026-09-05,,Boston Red Sox @ Baltimore Orioles,,,,,,,,,,,import results.json,2.15,,1,,,,,
2026-09-05,mlb,mlb_ml,Toronto Blue Jays ML,0.449,,,,,0,,W,historique-results.json,2026-09-05|mlb|mlb_ml|Toronto Blue Jays ML|hist,2026-09-05,,Toronto Blue Jays @ Kansas City Royals,,,,,,,,,,,import results.json,2.3,,1,,,,,
2026-09-04,mlb,props_k,Chris Sale Over 7.5 K,0.465,,,,,0,,L,historique-results.json,2026-09-04|mlb|props_k|Chris Sale Over 7.5 K|hist,2026-09-04,,Atlanta Braves @ Philadelphia Phillies,,Chris Sale,7.5,8,,,,,,,import results.json,,,1,,,,,
2026-09-04,mlb,props_k,Jared Jones Over 4.5 K,0.493,,,,,0,,W,historique-results.json,2026-09-04|mlb|props_k|Jared Jones Over 4.5 K|hist,2026-09-04,,Los Angeles Angels @ Pittsburgh Pirates,,Jared Jones,4.5,5,,,,,,,import results.json,,,1,,,,,
2026-09-04,mlb,props_k,Shota Imanaga Over 4.5 K,0.504,,,,,0,,L,historique-results.json,2026-09-04|mlb|props_k|Shota Imanaga Over 4.5 K|hist,2026-09-04,,Chicago Cubs @ Miami Marlins,,Shota Imanaga,4.5,5,,,,,,,import results.json,,,1,,,,,
2026-09-04,mlb,props_k,Max Fried Over 3.5 K,0.508,,,,,0,,W,historique-results.json,2026-09-04|mlb|props_k|Max Fried Over 3.5 K|hist,2026-09-04,,New York Yankees @ San Diego Padres,,Max Fried,3.5,4,,,,,,,import results.json,,,1,,,,,
2026-09-04,mlb,mlb_rl,Houston Astros -1.5,0.405,,,,,0,,W,historique-results.json,2026-09-04|mlb|mlb_rl|Houston Astros -1.5|hist,2026-09-04,,Arizona Diamondbacks @ Houston Astros,,,,,,,,,,,import results.json,2.64,,1,,,,,
2026-09-04,mlb,mlb_ml,Houston Astros ML,0.575,,,,,0,1.98,W,historique-results.json,2026-09-04|mlb|mlb_ml|Houston Astros ML|hist,2026-09-04,,Arizona Diamondbacks @ Houston Astros,,,,,,,,,0.5051,,import results.json,1.8,,1,-0.0908,,,,
2026-09-04,mlb,mlb_ml,San Francisco Giants ML,0.419,,,,,0,2.69,L,historique-results.json,2026-09-04|mlb|mlb_ml|San Francisco Giants ML|hist,2026-09-04,,San Francisco Giants @ New York Mets,,,,,,,,,0.3717,,import results.json,2.62,,1,-0.0261,,,,
2026-09-04,mlb,mlb_ml,Washington Nationals ML,0.3,,,,,0,3.035,L,historique-results.json,2026-09-04|mlb|mlb_ml|Washington Nationals ML|hist,2026-09-04,,Washington Nationals @ Los Angeles Dodgers,,,,,,,,,0.3295,,import results.json,3.65,,1,0.2027,,,,
2026-09-04,mlb,mlb_ml,Baltimore Orioles ML,0.513,,,,,0,2.295,L,historique-results.json,2026-09-04|mlb|mlb_ml|Baltimore Orioles ML|hist,2026-09-04,,Boston Red Sox @ Baltimore Orioles,,,,,,,,,0.4358,,import results.json,2.07,,1,-0.0979,,,,
2026-09-04,mlb,mlb_ml,Kansas City Royals ML,0.567,,,,,0,1.99,L,historique-results.json,2026-09-04|mlb|mlb_ml|Kansas City Royals ML|hist,2026-09-04,,Toronto Blue Jays @ Kansas City Royals,,,,,,,,,0.5026,,import results.json,1.87,,1,-0.0601,,,,
2026-09-04,mlb,mlb_rl,Kansas City Royals -1.5,0.412,,,,,0,,L,historique-results.json,2026-09-04|mlb|mlb_rl|Kansas City Royals -1.5|hist,2026-09-04,,Toronto Blue Jays @ Kansas City Royals,,,,,,,,,,,import results.json,2.7,,1,,,,,
2026-09-04,mlb,mlb_ml,Minnesota Twins ML,0.499,,,,,0,2.102,L,historique-results.json,2026-09-04|mlb|mlb_ml|Minnesota Twins ML|hist,2026-09-04,,Minnesota Twins @ Chicago White Sox,,,,,,,,,0.4757,,import results.json,2.1,,1,-0.001,,,,
2026-09-04,mlb,mlb_ml,Miami Marlins ML,0.476,,,,,0,3.18,L,historique-results.json,2026-09-04|mlb|mlb_ml|Miami Marlins ML|hist,2026-09-04,,Chicago Cubs @ Miami Marlins,,,,,,,,,0.3145,,import results.json,2.2,,1,-0.3081,,,,
2026-09-04,mlb,mlb_ml,Cincinnati Reds ML,0.407,,,,,0,2.491,L,historique-results.json,2026-09-04|mlb|mlb_ml|Cincinnati Reds ML|hist,2026-09-04,,Milwaukee Brewers @ Cincinnati Reds,,,,,,,,,0.4015,,import results.json,2.47,,1,-0.0083,,,,
2026-09-04,mlb,props_k,Logan Gilbert Over 4.5 K,0.46,,,,,0,,W,historique-results.json,2026-09-04|mlb|props_k|Logan Gilbert Over 4.5 K|hist,2026-09-04,,Athletics @ Seattle Mariners,,Logan Gilbert,4.5,5,,,,,,,import results.json,,,1,,,,,
2026-09-04,mlb,props_k,Bryan Woo Over 4.5 K,0.475,,,,,0,,VOID,historique-results.json,2026-09-04|mlb|props_k|Bryan Woo Over 4.5 K|hist,2026-09-04,,Athletics @ Seattle Mariners,,Bryan Woo,4.5,5,,,,,,,import results.json,,,1,,,,,
2026-09-04,mlb,mlb_ml,Colorado Rockies ML,0.455,,,,,0,2.119,L,historique-results.json,2026-09-04|mlb|mlb_ml|Colorado Rockies ML|hist,2026-09-04,,St. Louis Cardinals @ Colorado Rockies,,,,,,,,,0.4719,,import results.json,2.2,,1,0.0382,,,,
2026-09-04,mlb,props_k,Cristopher Sánchez Over 5.5 K,0.52,,,,,0,,L,historique-results.json,2026-09-04|mlb|props_k|Cristopher Sánchez Over 5.5 K|hist,2026-09-04,,Atlanta Braves @ Philadelphia Phillies,,Cristopher Sánchez,5.5,6,,,,,,,import results.json,,,1,,,,,
2026-09-04,mlb,mlb_ml,New York Yankees ML,0.536,,,,,0,2.053,L,historique-results.json,2026-09-04|mlb|mlb_ml|New York Yankees ML|hist,2026-09-04,,New York Yankees @ San Diego Padres,,,,,,,,,0.4872,,import results.json,1.91,,1,-0.0694,,,,
2026-09-04,mlb,mlb_ml,Milwaukee Brewers ML,0.588,,,,,0,1.671,W,historique-results.json,2026-09-04|mlb|mlb_ml|Milwaukee Brewers ML|hist,2026-09-04,,Milwaukee Brewers @ Cincinnati Reds,,,,,,,,,0.5985,,import results.json,1.71,,1,0.0234,,,,
2026-09-04,mlb,mlb_ml,Philadelphia Phillies ML,0.528,,,,,0,1.683,L,historique-results.json,2026-09-04|mlb|mlb_ml|Philadelphia Phillies ML|hist,2026-09-04,,Atlanta Braves @ Philadelphia Phillies,,,,,,,,,0.5941,,import results.json,2.05,,1,0.2179,,,,
2026-09-04,mlb,props_k,Chris Sale Over 6.5 K,0.48,,,,,0,,W,historique-results.json,2026-09-04|mlb|props_k|Chris Sale Over 6.5 K|hist,2026-09-04,,Atlanta Braves @ Philadelphia Phillies,,Chris Sale,6.5,7,,,,,,,import results.json,,,1,,,,,
2026-09-04,mlb,props_k,Shane Drohan Over 4.5 K,0.523,,,,,0,,W,historique-results.json,2026-09-04|mlb|props_k|Shane Drohan Over 4.5 K|hist,2026-09-04,,Milwaukee Brewers @ Cincinnati Reds,,Shane Drohan,4.5,5,,,,,,,import results.json,,,1,,,,,
2026-09-04,mlb,props_k,Shane Baz Over 4.5 K,0.501,,,,,0,,W,historique-results.json,2026-09-04|mlb|props_k|Shane Baz Over 4.5 K|hist,2026-09-04,,Boston Red Sox @ Baltimore Orioles,,Shane Baz,4.5,5,,,,,,,import results.json,,,1,,,,,
2026-09-04,mlb,props_k,Nolan Mclean Over 4.5 K,0.471,,,,,0,,W,historique-results.json,2026-09-04|mlb|props_k|Nolan Mclean Over 4.5 K|hist,2026-09-04,,San Francisco Giants @ New York Mets,,Nolan Mclean,4.5,5,,,,,,,import results.json,,,1,,,,,
2026-09-04,mlb,mlb_ml,Los Angeles Angels ML,0.286,,,,,0,,L,historique-results.json,2026-09-04|mlb|mlb_ml|Los Angeles Angels ML|hist,2026-09-04,,Los Angeles Angels @ Pittsburgh Pirates,,,,,,,,,,,import results.json,4.15,,1,,,,,
2026-09-03,mlb,props_k,Hunter Brown Over 5.5 K,0.451,,,,,0,,W,historique-results.json,2026-09-03|mlb|props_k|Hunter Brown Over 5.5 K|hist,2026-09-03,,Chicago White Sox @ Houston Astros,,Hunter Brown,5.5,6,,,,,,,import results.json,,,1,,,,,
2026-09-03,mlb,props_k,Logan Gilbert Over 4.5 K,0.46,,,,,0,,VOID,historique-results.json,2026-09-03|mlb|props_k|Logan Gilbert Over 4.5 K|hist,2026-09-03,,Athletics @ Seattle Mariners,,Logan Gilbert,4.5,5,,,,,,,import results.json,,,1,,,,,
2026-09-03,mlb,props_k,Bryan Woo Over 4.5 K,0.475,,,,,0,,VOID,historique-results.json,2026-09-03|mlb|props_k|Bryan Woo Over 4.5 K|hist,2026-09-03,,Athletics @ Seattle Mariners,,Bryan Woo,4.5,5,,,,,,,import results.json,,,1,,,,,
2026-09-03,mlb,mlb_ml,St. Louis Cardinals ML,0.31,,,,,0,3.504,L,historique-results.json,2026-09-03|mlb|mlb_ml|St. Louis Cardinals ML|hist,2026-09-03,,St. Louis Cardinals @ Los Angeles Dodgers,,,,,,,,,0.2854,,import results.json,3.6,,1,0.0274,,,,
2026-09-03,mlb,mlb_ml,Athletics ML,0.385,,,,,0,2.952,W,historique-results.json,2026-09-03|mlb|mlb_ml|Athletics ML|hist,2026-09-03,,Athletics @ Seattle Mariners,,,,,,,,,0.3387,,import results.json,2.83,,1,-0.0415,,,,
2026-09-03,mlb,mlb_ml,Texas Rangers ML,0.503,,,,,0,2.08,W,historique-results.json,2026-09-03|mlb|mlb_ml|Texas Rangers ML|hist,2026-09-03,,Tampa Bay Rays @ Texas Rangers,,,,,,,,,0.4808,,import results.json,2.11,,1,0.0145,,,,
2026-09-03,mlb,mlb_ml,San Francisco Giants ML,0.411,,,,,0,,L,historique-results.json,2026-09-03|mlb|mlb_ml|San Francisco Giants ML|hist,2026-09-03,,San Francisco Giants @ Pittsburgh Pirates,,,,,,,,,,,import results.json,2.47,,1,,,,,
2026-09-03,mlb,mlb_ml,Miami Marlins ML,0.525,,,,,0,1.486,L,historique-results.json,2026-09-03|mlb|mlb_ml|Miami Marlins ML|hist,2026-09-03,,Miami Marlins @ Kansas City Royals,,,,,,,,,0.6728,,import results.json,1.92,,1,0.2918,,,,
2026-09-03,mlb,mlb_ml,Chicago White Sox ML,0.414,,,,,0,,L,historique-results.json,2026-09-03|mlb|mlb_ml|Chicago White Sox ML|hist,2026-09-03,,Chicago White Sox @ Houston Astros,,,,,,,,,,,import results.json,2.43,,1,,,,,
2026-09-03,mlb,mlb_ml,Chicago Cubs ML,0.495,,,,,0,1.579,W,historique-results.json,2026-09-03|mlb|mlb_ml|Chicago Cubs ML|hist,2026-09-03,,Milwaukee Brewers @ Chicago Cubs,,,,,,,,,0.6335,,import results.json,2.03,,1,0.286,,,,
2026-09-03,mlb,mlb_ml,Cleveland Guardians ML,0.498,,,,,0,,L,historique-results.json,2026-09-03|mlb|mlb_ml|Cleveland Guardians ML|hist,2026-09-03,,Toronto Blue Jays @ Cleveland Guardians,,,,,,,,,,,import results.json,2.01,,1,,,,,
2026-09-03,mlb,props_k,José Soriano Over 4.5 K,0.451,,,,,0,,L,historique-results.json,2026-09-03|mlb|props_k|José Soriano Over 4.5 K|hist,2026-09-03,,Toronto Blue Jays @ Cleveland Guardians,,José Soriano,4.5,5,,,,,,,import results.json,2.53,,1,,,,,
2026-09-03,mlb,props_k,Michael Wacha Over 5.5 K,0.436,,,,,0,,W,historique-results.json,2026-09-03|mlb|props_k|Michael Wacha Over 5.5 K|hist,2026-09-03,,Miami Marlins @ Kansas City Royals,,Michael Wacha,5.5,6,,,,,,,import results.json,2.56,,1,,,,,
2026-09-03,mlb,props_k,Cal Quantrill Over 3.5 K,0.54,,,,,0,2.106,W,historique-results.json,2026-09-03|mlb|props_k|Cal Quantrill Over 3.5 K|hist,2026-09-03,,Tampa Bay Rays @ Texas Rangers,,Cal Quantrill,3.5,4,,,,,0.4748,,import results.json,2.18,,1,0.0351,,,,
2026-09-03,mlb,mlb_ml,Boston Red Sox ML,0.541,,,,,0,1.922,W,historique-results.json,2026-09-03|mlb|mlb_ml|Boston Red Sox ML|hist,2026-09-03,,Boston Red Sox @ Baltimore Orioles,,,,,,,,,0.5204,,import results.json,1.85,,1,-0.0373,,,,
2026-09-03,mlb,mlb_ml,Toronto Blue Jays ML,0.499,,,,,0,,W,historique-results.json,2026-09-03|mlb|mlb_ml|Toronto Blue Jays ML|hist,2026-09-03,,Toronto Blue Jays @ Cleveland Guardians,,,,,,,,,,,import results.json,2.03,,1,,,,,
2026-09-03,mlb,props_k,Tanner Bibee Over 3.5 K,0.499,,,,,0,,W,historique-results.json,2026-09-03|mlb|props_k|Tanner Bibee Over 3.5 K|hist,2026-09-03,,Toronto Blue Jays @ Cleveland Guardians,,Tanner Bibee,3.5,4,,,,,,,import results.json,,,1,,,,,
2026-09-03,mlb,mlb_ml,Milwaukee Brewers ML,0.404,,,,,0,,L,historique-results.json,2026-09-03|mlb|mlb_ml|Milwaukee Brewers ML|hist,2026-09-03,,Milwaukee Brewers @ Chicago Cubs,,,,,,,,,,,import results.json,2.88,,1,,,,,
2026-09-02,mlb,props_k,Kumar Rocker Over 5.5 K,0.49,,,,,0,,VOID,historique-results.json,2026-09-02|mlb|props_k|Kumar Rocker Over 5.5 K|hist,2026-09-02,,Athletics @ Texas Rangers,,Kumar Rocker,5.5,6,,,,,,,import results.json,,,1,,,,,
2026-09-02,mlb,props_k,Trevor Rogers Over 5.5 K,0.434,,,,,0,,W,historique-results.json,2026-09-02|mlb|props_k|Trevor Rogers Over 5.5 K|hist,2026-09-02,,Baltimore Orioles @ Colorado Rockies,,Trevor Rogers,5.5,6,,,,,,,import results.json,,,1,,,,,
2026-09-02,mlb,props_k,Eury Pérez Over 4.5 K,0.461,,,,,0,,L,historique-results.json,2026-09-02|mlb|props_k|Eury Pérez Over 4.5 K|hist,2026-09-02,,Miami Marlins @ Kansas City Royals,,Eury Pérez,4.5,5,,,,,,,import results.json,,,1,,,,,
2026-09-02,mlb,props_k,Reid Detmers Over 6.5 K,0.456,,,,,0,,W,historique-results.json,2026-09-02|mlb|props_k|Reid Detmers Over 6.5 K|hist,2026-09-02,,New York Yankees @ Los Angeles Angels,,Reid Detmers,6.5,7,,,,,,,import results.json,,,1,,,,,
2026-09-02,mlb,props_k,Andrew Painter Over 4.5 K,0.448,,,,,0,,W,historique-results.json,2026-09-02|mlb|props_k|Andrew Painter Over 4.5 K|hist,2026-09-02,,Philadelphia Phillies @ Arizona Diamondbacks,,Andrew Painter,4.5,5,,,,,,,import results.json,,,1,,,,,
2026-09-02,mlb,mlb_rl,Boston Red Sox -1.5,0.418,,,,,0,,L,historique-results.json,2026-09-02|mlb|mlb_rl|Boston Red Sox -1.5|hist,2026-09-02,,Seattle Mariners @ Boston Red Sox,,,,,,,,,,,import results.json,2.62,,1,,,,,
2026-09-02,mlb,mlb_ml,Boston Red Sox ML,0.591,,,,,0,,L,historique-results.json,2026-09-02|mlb|mlb_ml|Boston Red Sox ML|hist,2026-09-02,,Seattle Mariners @ Boston Red Sox,,,,,,,,,,,import results.json,1.77,,1,,,,,
2026-09-02,mlb,mlb_ml,Baltimore Orioles ML,0.607,,,,,0,,L,historique-results.json,2026-09-02|mlb|mlb_ml|Baltimore Orioles ML|hist,2026-09-02,,Baltimore Orioles @ Colorado Rockies,,,,,,,,,,,import results.json,1.66,,1,,,,,
2026-09-02,mlb,mlb_ml,Washington Nationals ML,0.432,,,,,0,,L,historique-results.json,2026-09-02|mlb|mlb_ml|Washington Nationals ML|hist,2026-09-02,,Atlanta Braves @ Washington Nationals,,,,,,,,,,,import results.json,2.43,,1,,,,,
2026-09-02,mlb,mlb_ml,Cleveland Guardians ML,0.472,,,,,0,,L,historique-results.json,2026-09-02|mlb|mlb_ml|Cleveland Guardians ML|hist,2026-09-02,,Toronto Blue Jays @ Cleveland Guardians,,,,,,,,,,,import results.json,2.21,,1,,,,,
2026-09-02,mlb,mlb_ml,Minnesota Twins ML,0.547,,,,,0,,L,historique-results.json,2026-09-02|mlb|mlb_ml|Minnesota Twins ML|hist,2026-09-02,,Detroit Tigers @ Minnesota Twins,,,,,,,,,,,import results.json,1.89,,1,,,,,
2026-09-02,mlb,mlb_rl,Minnesota Twins -1.5,0.386,,,,,0,,L,historique-results.json,2026-09-02|mlb|mlb_rl|Minnesota Twins -1.5|hist,2026-09-02,,Detroit Tigers @ Minnesota Twins,,,,,,,,,,,import results.json,2.75,,1,,,,,
2026-09-02,mlb,mlb_ml,San Francisco Giants ML,0.439,,,,,0,,W,historique-results.json,2026-09-02|mlb|mlb_ml|San Francisco Giants ML|hist,2026-09-02,,San Francisco Giants @ Pittsburgh Pirates,,,,,,,,,,,import results.json,2.35,,1,,,,,
2026-09-02,mlb,mlb_ml,Chicago Cubs ML,0.423,,,,,0,,L,historique-results.json,2026-09-02|mlb|mlb_ml|Chicago Cubs ML|hist,2026-09-02,,Milwaukee Brewers @ Chicago Cubs,,,,,,,,,,,import results.json,2.43,,1,,,,,
2026-09-02,mlb,mlb_ml,Los Angeles Angels ML,0.408,,,,,0,,L,historique-results.json,2026-09-02|mlb|mlb_ml|Los Angeles Angels ML|hist,2026-09-02,,New York Yankees @ Los Angeles Angels,,,,,,,,,,,import results.json,2.5,,1,,,,,
2026-09-02,mlb,mlb_ml,Kansas City Royals ML,0.523,,,,,0,,L,historique-results.json,2026-09-02|mlb|mlb_ml|Kansas City Royals ML|hist,2026-09-02,,Miami Marlins @ Kansas City Royals,,,,,,,,,,,import results.json,1.95,,1,,,,,
2026-09-02,mlb,mlb_ml,Houston Astros ML,0.574,,,,,0,,W,historique-results.json,2026-09-02|mlb|mlb_ml|Houston Astros ML|hist,2026-09-02,,Chicago White Sox @ Houston Astros,,,,,,,,,,,import results.json,1.76,,1,,,,,
2026-09-02,mlb,mlb_ml,Texas Rangers ML,0.609,,,,,0,2.16,L,historique-results.json,2026-09-02|mlb|mlb_ml|Texas Rangers ML|hist,2026-09-02,,Athletics @ Texas Rangers,,,,,,,,,0.4629,,import results.json,1.66,,1,-0.2316,,,,
2026-09-02,mlb,mlb_ml,Cincinnati Reds ML,0.427,,,,,0,,W,historique-results.json,2026-09-02|mlb|mlb_ml|Cincinnati Reds ML|hist,2026-09-02,,San Diego Padres @ Cincinnati Reds,,,,,,,,,,,import results.json,2.35,,1,,,,,
2026-09-02,mlb,props_k,Bubba Chandler Over 4.5 K,0.417,,,,,0,,L,historique-results.json,2026-09-02|mlb|props_k|Bubba Chandler Over 4.5 K|hist,2026-09-02,,San Francisco Giants @ Pittsburgh Pirates,,Bubba Chandler,4.5,5,,,,,,,import results.json,,,1,,,,,
2026-09-02,mlb,mlb_ml,San Diego Padres ML,0.498,,,,,0,,L,historique-results.json,2026-09-02|mlb|mlb_ml|San Diego Padres ML|hist,2026-09-02,,San Diego Padres @ Cincinnati Reds,,,,,,,,,,,import results.json,2.25,,1,,,,,
2026-09-02,mlb,mlb_rl,San Diego Padres -1.5,0.364,,,,,0,,L,historique-results.json,2026-09-02|mlb|mlb_rl|San Diego Padres -1.5|hist,2026-09-02,,San Diego Padres @ Cincinnati Reds,,,,,,,,,,,import results.json,3,,1,,,,,
2026-09-02,mlb,props_k,Trevor Rogers Over 7.5 K,0.461,,,,,0,,W,historique-results.json,2026-09-02|mlb|props_k|Trevor Rogers Over 7.5 K|hist,2026-09-02,,Baltimore Orioles @ Colorado Rockies,,Trevor Rogers,7.5,8,,,,,,,import results.json,,,1,,,,,
2026-09-02,mlb,props_k,Griffin Jax Over 4.5 K,0.578,,,,,0,,L,historique-results.json,2026-09-02|mlb|props_k|Griffin Jax Over 4.5 K|hist,2026-09-02,,New York Mets @ Tampa Bay Rays,,Griffin Jax,4.5,5,,,,,,,import results.json,2.05,,1,,,,,
2026-09-02,mlb,props_k,David Peterson Over 4.5 K,0.525,,,,,0,1.543,L,historique-results.json,2026-09-02|mlb|props_k|David Peterson Over 4.5 K|hist,2026-09-02,,Milwaukee Brewers @ Chicago Cubs,,David Peterson,4.5,5,,,,,0.6479,,import results.json,2.2,,1,0.4254,,,,
2026-09-02,mlb,mlb_rl,Baltimore Orioles -1.5,0.364,,,,,0,,L,historique-results.json,2026-09-02|mlb|mlb_rl|Baltimore Orioles -1.5|hist,2026-09-02,,Baltimore Orioles @ Colorado Rockies,,,,,,,,,,,import results.json,3.35,,1,,,,,
2026-09-02,mlb,mlb_ml,Colorado Rockies ML,0.239,,,,,0,,W,historique-results.json,2026-09-02|mlb|mlb_ml|Colorado Rockies ML|hist,2026-09-02,,Baltimore Orioles @ Colorado Rockies,,,,,,,,,,,import results.json,6.25,,1,,,,,
2026-09-02,mlb,props_k,Joey Cantillo Over 4.5 K,0.474,,,,,0,,W,historique-results.json,2026-09-02|mlb|props_k|Joey Cantillo Over 4.5 K|hist,2026-09-02,,Toronto Blue Jays @ Cleveland Guardians,,Joey Cantillo,4.5,5,,,,,,,import results.json,,,1,,,,,
2026-09-02,mlb,props_k,Griffin Jax Over 5.5 K,0.51,,,,,0,,L,historique-results.json,2026-09-02|mlb|props_k|Griffin Jax Over 5.5 K|hist,2026-09-02,,New York Mets @ Tampa Bay Rays,,Griffin Jax,5.5,6,,,,,,,import results.json,,,1,,,,,
2026-09-02,mlb,props_k,Brycen Mautz Over 4.5 K,0.441,,,,,0,,L,historique-results.json,2026-09-02|mlb|props_k|Brycen Mautz Over 4.5 K|hist,2026-09-02,,St. Louis Cardinals @ Los Angeles Dodgers,,Brycen Mautz,4.5,5,,,,,,,import results.json,,,1,,,,,
2026-09-02,mlb,mlb_ml,Miami Marlins ML,0.581,,,,,0,,W,historique-results.json,2026-09-02|mlb|mlb_ml|Miami Marlins ML|hist,2026-09-02,,Miami Marlins @ Kansas City Royals,,,,,,,,,,,import results.json,2.11,,1,,,,,
2026-09-02,mlb,props_k,Jacob Misiorowski Over 5.5 K,0.516,,,,,0,,L,historique-results.json,2026-09-02|mlb|props_k|Jacob Misiorowski Over 5.5 K|hist,2026-09-02,,Milwaukee Brewers @ Chicago Cubs,,Jacob Misiorowski,5.5,6,,,,,,,import results.json,,,1,,,,,
2026-09-02,mlb,props_k,Noah Cameron Over 4.5 K,0.514,,,,,0,,W,historique-results.json,2026-09-02|mlb|props_k|Noah Cameron Over 4.5 K|hist,2026-09-02,,Miami Marlins @ Kansas City Royals,,Noah Cameron,4.5,5,,,,,,,import results.json,,,1,,,,,
2026-09-02,mlb,props_k,Reid Detmers Over 5.5 K,0.458,,,,,0,,W,historique-results.json,2026-09-02|mlb|props_k|Reid Detmers Over 5.5 K|hist,2026-09-02,,New York Yankees @ Los Angeles Angels,,Reid Detmers,5.5,6,,,,,,,import results.json,,,1,,,,,
2026-09-02,mlb,mlb_ml,Chicago White Sox ML,0.172,,,,,0,,L,historique-results.json,2026-09-02|mlb|mlb_ml|Chicago White Sox ML|hist,2026-09-02,,Chicago White Sox @ Houston Astros,,,,,,,,,,,import results.json,31,,1,,,,,
2026-09-02,mlb,mlb_ml,Detroit Tigers ML,0.379,,,,,0,,W,historique-results.json,2026-09-02|mlb|mlb_ml|Detroit Tigers ML|hist,2026-09-02,,Detroit Tigers @ Minnesota Twins,,,,,,,,,,,import results.json,3.2,,1,,,,,
2026-09-01,mlb,props_k,Logan Webb Over 5.5 K,0.558,,,,,0,,L,historique-results.json,2026-09-01|mlb|props_k|Logan Webb Over 5.5 K|hist,2026-09-01,,San Francisco Giants @ Pittsburgh Pirates,,Logan Webb,5.5,6,,,,,,,import results.json,2.27,,1,,,,,
2026-09-01,mlb,props_k,Kumar Rocker Over 5.5 K,0.498,,,,,0,,VOID,historique-results.json,2026-09-01|mlb|props_k|Kumar Rocker Over 5.5 K|hist,2026-09-01,,Athletics @ Texas Rangers,,Kumar Rocker,5.5,6,,,,,,,import results.json,,,1,,,,,
2026-09-01,mlb,mlb_ml,Arizona Diamondbacks ML,0.48,,,,,0,,L,historique-results.json,2026-09-01|mlb|mlb_ml|Arizona Diamondbacks ML|hist,2026-09-01,,Philadelphia Phillies @ Arizona Diamondbacks,,,,,,,,,,,import results.json,2.25,,1,,,,,
2026-09-01,mlb,mlb_ml,San Francisco Giants ML,0.433,,,,,0,,L,historique-results.json,2026-09-01|mlb|mlb_ml|San Francisco Giants ML|hist,2026-09-01,,San Francisco Giants @ Pittsburgh Pirates,,,,,,,,,,,import results.json,2.43,,1,,,,,
2026-09-01,mlb,mlb_ml,Los Angeles Angels ML,0.395,,,,,0,,L,historique-results.json,2026-09-01|mlb|mlb_ml|Los Angeles Angels ML|hist,2026-09-01,,New York Yankees @ Los Angeles Angels,,,,,,,,,,,import results.json,2.62,,1,,,,,
2026-09-01,mlb,mlb_ml,Washington Nationals ML,0.401,,,,,0,,W,historique-results.json,2026-09-01|mlb|mlb_ml|Washington Nationals ML|hist,2026-09-01,,Atlanta Braves @ Washington Nationals,,,,,,,,,,,import results.json,2.57,,1,,,,,
2026-09-01,mlb,mlb_rl,Chicago Cubs -1.5,0.401,,,,,0,,L,historique-results.json,2026-09-01|mlb|mlb_rl|Chicago Cubs -1.5|hist,2026-09-01,,Milwaukee Brewers @ Chicago Cubs,,,,,,,,,,,import results.json,2.62,,1,,,,,
2026-09-01,mlb,mlb_ml,Chicago Cubs ML,0.559,,,,,0,,L,historique-results.json,2026-09-01|mlb|mlb_ml|Chicago Cubs ML|hist,2026-09-01,,Milwaukee Brewers @ Chicago Cubs,,,,,,,,,,,import results.json,1.82,,1,,,,,
2026-09-01,mlb,mlb_ml,St. Louis Cardinals ML,0.401,,,,,0,,W,historique-results.json,2026-09-01|mlb|mlb_ml|St. Louis Cardinals ML|hist,2026-09-01,,St. Louis Cardinals @ Los Angeles Dodgers,,,,,,,,,,,import results.json,2.55,,1,,,,,
2026-09-01,mlb,mlb_ml,San Diego Padres ML,0.576,,,,,0,,L,historique-results.json,2026-09-01|mlb|mlb_ml|San Diego Padres ML|hist,2026-09-01,,San Diego Padres @ Cincinnati Reds,,,,,,,,,,,import results.json,1.77,,1,,,,,
2026-09-01,mlb,mlb_ml,Colorado Rockies ML,0.45,,,,,0,,W,historique-results.json,2026-09-01|mlb|mlb_ml|Colorado Rockies ML|hist,2026-09-01,,Baltimore Orioles @ Colorado Rockies,,,,,,,,,,,import results.json,2.25,,1,,,,,
2026-09-01,mlb,mlb_ml,Toronto Blue Jays ML,0.384,,,,,0,,L,historique-results.json,2026-09-01|mlb|mlb_ml|Toronto Blue Jays ML|hist,2026-09-01,,Toronto Blue Jays @ Cleveland Guardians,,,,,,,,,,,import results.json,2.62,,1,,,,,
2026-09-01,mlb,mlb_ml,Chicago White Sox ML,0.529,,,,,0,,W,historique-results.json,2026-09-01|mlb|mlb_ml|Chicago White Sox ML|hist,2026-09-01,,Chicago White Sox @ Houston Astros,,,,,,,,,,,import results.json,1.9,,1,,,,,
2026-09-01,mlb,mlb_ml,Athletics ML,0.349,,,,,0,,L,historique-results.json,2026-09-01|mlb|mlb_ml|Athletics ML|hist,2026-09-01,,Athletics @ Texas Rangers,,,,,,,,,,,import results.json,2.93,,1,,,,,
2026-09-01,mlb,mlb_ml,New York Mets ML,0.445,,,,,0,,L,historique-results.json,2026-09-01|mlb|mlb_ml|New York Mets ML|hist,2026-09-01,,New York Mets @ Tampa Bay Rays,,,,,,,,,,,import results.json,2.25,,1,,,,,
2026-09-01,mlb,mlb_ml,Kansas City Royals ML,0.523,,,,,0,,L,historique-results.json,2026-09-01|mlb|mlb_ml|Kansas City Royals ML|hist,2026-09-01,,Miami Marlins @ Kansas City Royals,,,,,,,,,,,import results.json,1.93,,1,,,,,
2026-09-01,mlb,props_k,Gavin Williams Over 6.5 K,0.472,,,,,0,,W,historique-results.json,2026-09-01|mlb|props_k|Gavin Williams Over 6.5 K|hist,2026-09-01,,Toronto Blue Jays @ Cleveland Guardians,,Gavin Williams,6.5,7,,,,,,,import results.json,,,1,,,,,
2026-09-01,mlb,props_k,Paul Skenes Over 4.5 K,0.438,,,,,0,,L,historique-results.json,2026-09-01|mlb|props_k|Paul Skenes Over 4.5 K|hist,2026-09-01,,San Francisco Giants @ Pittsburgh Pirates,,Paul Skenes,4.5,5,,,,,,,import results.json,,,1,,,,,
2026-09-01,mlb,props_k,Logan Webb Over 6.5 K,0.471,,,,,0,,L,historique-results.json,2026-09-01|mlb|props_k|Logan Webb Over 6.5 K|hist,2026-09-01,,San Francisco Giants @ Pittsburgh Pirates,,Logan Webb,6.5,7,,,,,,,import results.json,,,1,,,,,
2026-09-01,mlb,props_k,Jake Irvin Over 4.5 K,0.441,,,,,0,,W,historique-results.json,2026-09-01|mlb|props_k|Jake Irvin Over 4.5 K|hist,2026-09-01,,Atlanta Braves @ Washington Nationals,,Jake Irvin,4.5,5,,,,,,,import results.json,,,1,,,,,
2026-09-01,mlb,props_k,Bryan Woo Over 4.5 K,0.435,,,,,0,,W,historique-results.json,2026-09-01|mlb|props_k|Bryan Woo Over 4.5 K|hist,2026-09-01,,Seattle Mariners @ Boston Red Sox,,Bryan Woo,4.5,5,,,,,,,import results.json,,,1,,,,,
2026-09-01,mlb,props_k,Robert Gasser Over 3.5 K,0.442,,,,,0,,W,historique-results.json,2026-09-01|mlb|props_k|Robert Gasser Over 3.5 K|hist,2026-09-01,,Milwaukee Brewers @ Chicago Cubs,,Robert Gasser,3.5,4,,,,,,,import results.json,,,1,,,,,
2026-09-01,mlb,mlb_ml,Atlanta Braves ML,0.238,,,,,0,,L,historique-results.json,2026-09-01|mlb|mlb_ml|Atlanta Braves ML|hist,2026-09-01,,Atlanta Braves @ Washington Nationals,,,,,,,,,,,import results.json,13.5,,1,,,,,
2026-09-01,mlb,mlb_rl,San Diego Padres -1.5,0.347,,,,,0,,L,historique-results.json,2026-09-01|mlb|mlb_rl|San Diego Padres -1.5|hist,2026-09-01,,San Diego Padres @ Cincinnati Reds,,,,,,,,,,,import results.json,3.55,,1,,,,,
2026-08-31,mlb,props_k,Kumar Rocker Over 5.5 K,0.464,,,,,0,,VOID,historique-results.json,2026-08-31|mlb|props_k|Kumar Rocker Over 5.5 K|hist,2026-08-31,,Athletics @ Texas Rangers,,Kumar Rocker,5.5,6,,,,,,,import results.json,,,1,,,,,
2026-08-31,mlb,props_k,Walbert Ureña Over 5.5 K,0.454,,,,,0,,W,historique-results.json,2026-08-31|mlb|props_k|Walbert Ureña Over 5.5 K|hist,2026-08-31,,New York Yankees @ Los Angeles Angels,,Walbert Ureña,5.5,6,,,,,,,import results.json,,,1,,,,,
2026-08-31,mlb,mlb_ml,Boston Red Sox ML,0.619,,,,,0,,W,historique-results.json,2026-08-31|mlb|mlb_ml|Boston Red Sox ML|hist,2026-08-31,,Seattle Mariners @ Boston Red Sox,,,,,,,,,,,import results.json,1.64,,1,,,,,
2026-08-31,mlb,mlb_ml,Athletics ML,0.349,,,,,0,,L,historique-results.json,2026-08-31|mlb|mlb_ml|Athletics ML|hist,2026-08-31,,Athletics @ Texas Rangers,,,,,,,,,,,import results.json,2.99,,1,,,,,
2026-08-31,mlb,mlb_ml,New York Mets ML,0.41,,,,,0,,W,historique-results.json,2026-08-31|mlb|mlb_ml|New York Mets ML|hist,2026-08-31,,New York Mets @ Tampa Bay Rays,,,,,,,,,,,import results.json,2.54,,1,,,,,
2026-08-31,mlb,mlb_ml,Los Angeles Angels ML,0.459,,,,,0,,W,historique-results.json,2026-08-31|mlb|mlb_ml|Los Angeles Angels ML|hist,2026-08-31,,New York Yankees @ Los Angeles Angels,,,,,,,,,,,import results.json,2.25,,1,,,,,
2026-08-31,mlb,mlb_ml,Chicago Cubs ML,0.531,,,,,0,,W,historique-results.json,2026-08-31|mlb|mlb_ml|Chicago Cubs ML|hist,2026-08-31,,Milwaukee Brewers @ Chicago Cubs,,,,,,,,,,,import results.json,1.93,,1,,,,,
2026-08-31,mlb,mlb_ml,Minnesota Twins ML,0.566,,,,,0,,W,historique-results.json,2026-08-31|mlb|mlb_ml|Minnesota Twins ML|hist,2026-08-31,,Detroit Tigers @ Minnesota Twins,,,,,,,,,,,import results.json,1.78,,1,,,,,
2026-08-31,mlb,mlb_ml,Baltimore Orioles ML,0.549,,,,,0,,W,historique-results.json,2026-08-31|mlb|mlb_ml|Baltimore Orioles ML|hist,2026-08-31,,Baltimore Orioles @ Colorado Rockies,,,,,,,,,,,import results.json,1.87,,1,,,,,
2026-08-31,mlb,mlb_ml,Arizona Diamondbacks ML,0.489,,,,,0,,L,historique-results.json,2026-08-31|mlb|mlb_ml|Arizona Diamondbacks ML|hist,2026-08-31,,Philadelphia Phillies @ Arizona Diamondbacks,,,,,,,,,,,import results.json,2.08,,1,,,,,
2026-08-31,mlb,props_k,Michael King Over 4.5 K,0.504,,,,,0,,W,historique-results.json,2026-08-31|mlb|props_k|Michael King Over 4.5 K|hist,2026-08-31,,San Diego Padres @ Cincinnati Reds,,Michael King,4.5,5,,,,,,,import results.json,,,1,,,,,
2026-08-31,mlb,props_k,Payton Tolle Over 6.5 K,0.519,,,,,0,,L,historique-results.json,2026-08-31|mlb|props_k|Payton Tolle Over 6.5 K|hist,2026-08-31,,Seattle Mariners @ Boston Red Sox,,Payton Tolle,6.5,7,,,,,,,import results.json,,,1,,,,,
2026-08-31,mlb,props_k,Kyle Harrison Over 5.5 K,0.454,,,,,0,,L,historique-results.json,2026-08-31|mlb|props_k|Kyle Harrison Over 5.5 K|hist,2026-08-31,,Milwaukee Brewers @ Chicago Cubs,,Kyle Harrison,5.5,6,,,,,,,import results.json,,,1,,,,,
2026-08-31,mlb,mlb_ml,Atlanta Braves ML,0.208,,,,,0,,VOID,historique-results.json,2026-08-31|mlb|mlb_ml|Atlanta Braves ML|hist,2026-08-31,,San Francisco Giants @ Atlanta Braves,,,,,,,,,,,import results.json,17,,1,,,,,
2026-08-31,mlb,mlb_ml,Cincinnati Reds ML,0.177,,,,,0,,L,historique-results.json,2026-08-31|mlb|mlb_ml|Cincinnati Reds ML|hist,2026-08-31,,San Diego Padres @ Cincinnati Reds,,,,,,,,,,,import results.json,19,,1,,,,,
2026-08-31,mlb,mlb_ml,Milwaukee Brewers ML,0.168,,,,,0,,L,historique-results.json,2026-08-31|mlb|mlb_ml|Milwaukee Brewers ML|hist,2026-08-31,,Milwaukee Brewers @ Chicago Cubs,,,,,,,,,,,import results.json,16,,1,,,,,
2026-08-31,mlb,mlb_ml,Tampa Bay Rays ML,0.339,,,,,0,,L,historique-results.json,2026-08-31|mlb|mlb_ml|Tampa Bay Rays ML|hist,2026-08-31,,New York Mets @ Tampa Bay Rays,,,,,,,,,,,import results.json,5.07,,1,,,,,
2026-08-31,mlb,mlb_ml,Seattle Mariners ML,0.234,,,,,0,,L,historique-results.json,2026-08-31|mlb|mlb_ml|Seattle Mariners ML|hist,2026-08-31,,Seattle Mariners @ Boston Red Sox,,,,,,,,,,,import results.json,5.9,,1,,,,,
2026-08-31,mlb,mlb_ml,Detroit Tigers ML,0.332,,,,,0,,L,historique-results.json,2026-08-31|mlb|mlb_ml|Detroit Tigers ML|hist,2026-08-31,,Detroit Tigers @ Minnesota Twins,,,,,,,,,,,import results.json,3.8,,1,,,,,
2026-08-31,mlb,mlb_ml,Chicago White Sox ML,0.446,,,,,0,,L,historique-results.json,2026-08-31|mlb|mlb_ml|Chicago White Sox ML|hist,2026-08-31,,Chicago White Sox @ Houston Astros,,,,,,,,,,,import results.json,2.45,,1,,,,,
2026-08-31,mlb,mlb_ml,Houston Astros ML,0.554,,,,,0,,W,historique-results.json,2026-08-31|mlb|mlb_ml|Houston Astros ML|hist,2026-08-31,,Chicago White Sox @ Houston Astros,,,,,,,,,,,import results.json,1.95,,1,,,,,
2026-08-30,mlb,props_k,Trevor Rogers Over 5.5 K,0.443,,,,,0,,VOID,historique-results.json,2026-08-30|mlb|props_k|Trevor Rogers Over 5.5 K|hist,2026-08-30,,Baltimore Orioles @ Athletics,,Trevor Rogers,5.5,6,,,,,,,import results.json,,,1,,,,,
2026-08-30,mlb,mlb_rl,Milwaukee Brewers -1.5,0.462,,,,,0,,L,historique-results.json,2026-08-30|mlb|mlb_rl|Milwaukee Brewers -1.5|hist,2026-08-30,,Texas Rangers @ Milwaukee Brewers,,,,,,,,,,,import results.json,2.38,,1,,,,,
2026-08-30,mlb,mlb_ml,Milwaukee Brewers ML,0.64,,,,,0,,L,historique-results.json,2026-08-30|mlb|mlb_ml|Milwaukee Brewers ML|hist,2026-08-30,,Texas Rangers @ Milwaukee Brewers,,,,,,,,,,,import results.json,1.65,,1,,,,,
2026-08-30,mlb,mlb_ml,Los Angeles Angels ML,0.398,,,,,0,,L,historique-results.json,2026-08-30|mlb|mlb_ml|Los Angeles Angels ML|hist,2026-08-30,,Philadelphia Phillies @ Los Angeles Angels,,,,,,,,,,,import results.json,2.73,,1,,,,,
2026-08-30,mlb,mlb_ml,Cincinnati Reds ML,0.479,,,,,0,,W,historique-results.json,2026-08-30|mlb|mlb_ml|Cincinnati Reds ML|hist,2026-08-30,,Cincinnati Reds @ Chicago Cubs,,,,,,,,,,,import results.json,2.25,,1,,,,,
2026-08-30,mlb,mlb_ml,Kansas City Royals ML,0.389,,,,,0,,L,historique-results.json,2026-08-30|mlb|mlb_ml|Kansas City Royals ML|hist,2026-08-30,,Kansas City Royals @ Cleveland Guardians,,,,,,,,,,,import results.json,2.7,,1,,,,,
2026-08-30,mlb,mlb_ml,Washington Nationals ML,0.503,,,,,0,,L,historique-results.json,2026-08-30|mlb|mlb_ml|Washington Nationals ML|hist,2026-08-30,,Miami Marlins @ Washington Nationals,,,,,,,,,,,import results.json,2.04,,1,,,,,
2026-08-30,mlb,mlb_ml,Toronto Blue Jays ML,0.455,,,,,0,,W,historique-results.json,2026-08-30|mlb|mlb_ml|Toronto Blue Jays ML|hist,2026-08-30,,Seattle Mariners @ Toronto Blue Jays,,,,,,,,,,,import results.json,2.25,,1,,,,,
2026-08-30,mlb,mlb_ml,St. Louis Cardinals ML,0.495,,,,,0,,L,historique-results.json,2026-08-30|mlb|mlb_ml|St. Louis Cardinals ML|hist,2026-08-30,,Pittsburgh Pirates @ St. Louis Cardinals,,,,,,,,,,,import results.json,2.06,,1,,,,,
2026-08-30,mlb,mlb_ml,Detroit Tigers ML,0.394,,,,,0,,L,historique-results.json,2026-08-30|mlb|mlb_ml|Detroit Tigers ML|hist,2026-08-30,,Los Angeles Dodgers @ Detroit Tigers,,,,,,,,,,,import results.json,2.58,,1,,,,,
2026-08-30,mlb,mlb_ml,Athletics ML,0.413,,,,,0,,L,historique-results.json,2026-08-30|mlb|mlb_ml|Athletics ML|hist,2026-08-30,,Baltimore Orioles @ Athletics,,,,,,,,,,,import results.json,2.43,,1,,,,,
2026-08-30,mlb,mlb_ml,San Diego Padres ML,0.395,,,,,0,,L,historique-results.json,2026-08-30|mlb|mlb_ml|San Diego Padres ML|hist,2026-08-30,,San Diego Padres @ Tampa Bay Rays,,,,,,,,,,,import results.json,2.53,,1,,,,,
2026-08-30,mlb,props_k,Tyler Glasnow Over 6.5 K,0.537,,,,,0,,L,historique-results.json,2026-08-30|mlb|props_k|Tyler Glasnow Over 6.5 K|hist,2026-08-30,,Los Angeles Dodgers @ Detroit Tigers,,Tyler Glasnow,6.5,7,,,,,,,import results.json,2.15,,1,,,,,
2026-08-30,mlb,props_k,Parker Messick Over 4.5 K,0.512,,,,,0,,W,historique-results.json,2026-08-30|mlb|props_k|Parker Messick Over 4.5 K|hist,2026-08-30,,Kansas City Royals @ Cleveland Guardians,,Parker Messick,4.5,5,,,,,,,import results.json,,,1,,,,,
2026-08-30,mlb,props_k,Dustin May Over 4.5 K,0.5,,,,,0,,L,historique-results.json,2026-08-30|mlb|props_k|Dustin May Over 4.5 K|hist,2026-08-30,,Texas Rangers @ Milwaukee Brewers,,Dustin May,4.5,5,,,,,,,import results.json,,,1,,,,,
2026-08-30,mlb,props_k,Matthew Liberatore Over 7.5 K,0.459,,,,,0,,W,historique-results.json,2026-08-30|mlb|props_k|Matthew Liberatore Over 7.5 K|hist,2026-08-30,,Pittsburgh Pirates @ St. Louis Cardinals,,Matthew Liberatore,7.5,8,,,,,,,import results.json,,,1,,,,,
2026-08-30,mlb,mlb_ml,Seattle Mariners ML,0.335,,,,,0,,L,historique-results.json,2026-08-30|mlb|mlb_ml|Seattle Mariners ML|hist,2026-08-30,,Seattle Mariners @ Toronto Blue Jays,,,,,,,,,,,import results.json,4.17,,1,,,,,
2026-08-30,mlb,mlb_ml,Cleveland Guardians ML,0.573,,,,,0,,W,historique-results.json,2026-08-30|mlb|mlb_ml|Cleveland Guardians ML|hist,2026-08-30,,Kansas City Royals @ Cleveland Guardians,,,,,,,,,,,import results.json,1.91,,1,,,,,
2026-08-30,mlb,mlb_ml,Colorado Rockies ML,0.234,,,,,0,,L,historique-results.json,2026-08-30|mlb|mlb_ml|Colorado Rockies ML|hist,2026-08-30,,Colorado Rockies @ Atlanta Braves,,,,,,,,,,,import results.json,7.7,,1,,,,,
2026-08-30,mlb,mlb_ml,Miami Marlins ML,0.273,,,,,0,,W,historique-results.json,2026-08-30|mlb|mlb_ml|Miami Marlins ML|hist,2026-08-30,,Miami Marlins @ Washington Nationals,,,,,,,,,,,import results.json,6,,1,,,,,
2026-08-30,mlb,mlb_rl,Tampa Bay Rays -1.5,0.367,,,,,0,,L,historique-results.json,2026-08-30|mlb|mlb_rl|Tampa Bay Rays -1.5|hist,2026-08-30,,San Diego Padres @ Tampa Bay Rays,,,,,,,,,,,import results.json,2.9,,1,,,,,
2026-08-30,mlb,mlb_ml,Tampa Bay Rays ML,0.592,,,,,0,,W,historique-results.json,2026-08-30|mlb|mlb_ml|Tampa Bay Rays ML|hist,2026-08-30,,San Diego Padres @ Tampa Bay Rays,,,,,,,,,,,import results.json,1.69,,1,,,,,
2026-08-30,mlb,props_k,Kumar Rocker Over 4.5 K,0.489,,,,,0,,W,historique-results.json,2026-08-30|mlb|props_k|Kumar Rocker Over 4.5 K|hist,2026-08-30,,Texas Rangers @ Milwaukee Brewers,,Kumar Rocker,4.5,5,,,,,,,import results.json,,,1,,,,,
2026-08-30,mlb,props_k,Zack Wheeler Over 5.5 K,0.493,,,,,0,,W,historique-results.json,2026-08-30|mlb|props_k|Zack Wheeler Over 5.5 K|hist,2026-08-30,,Philadelphia Phillies @ Los Angeles Angels,,Zack Wheeler,5.5,6,,,,,,,import results.json,,,1,,,,,
2026-08-30,mlb,mlb_ml,New York Mets ML,0.234,,,,,0,,L,historique-results.json,2026-08-30|mlb|mlb_ml|New York Mets ML|hist,2026-08-30,,Houston Astros @ New York Mets,,,,,,,,,,,import results.json,24,,1,,,,,
2026-08-30,mlb,mlb_ml,Philadelphia Phillies ML,0.561,,,,,0,,W,historique-results.json,2026-08-30|mlb|mlb_ml|Philadelphia Phillies ML|hist,2026-08-30,,Philadelphia Phillies @ Los Angeles Angels,,,,,,,,,,,import results.json,1.85,,1,,,,,
2026-08-30,mlb,props_k,Shota Imanaga Over 5.5 K,0.486,,,,,0,,L,historique-results.json,2026-08-30|mlb|props_k|Shota Imanaga Over 5.5 K|hist,2026-08-30,,Cincinnati Reds @ Chicago Cubs,,Shota Imanaga,5.5,6,,,,,,,import results.json,,,1,,,,,
2026-08-29,mlb,props_k,Cristopher Sánchez Over 6.5 K,0.504,,,,,0,,W,historique-results.json,2026-08-29|mlb|props_k|Cristopher Sánchez Over 6.5 K|hist,2026-08-29,,Philadelphia Phillies @ Los Angeles Angels,,Cristopher Sánchez,6.5,7,,,,,,,import results.json,,,1,,,,,
2026-08-29,mlb,mlb_rl,Chicago Cubs -1.5,0.5,,,,,0,,W,historique-results.json,2026-08-29|mlb|mlb_rl|Chicago Cubs -1.5|hist,2026-08-29,,Cincinnati Reds @ Chicago Cubs,,,,,,,,,,,import results.json,2.18,,1,,,,,
2026-08-29,mlb,mlb_ml,Chicago Cubs ML,0.671,,,,,0,,W,historique-results.json,2026-08-29|mlb|mlb_ml|Chicago Cubs ML|hist,2026-08-29,,Cincinnati Reds @ Chicago Cubs,,,,,,,,,,,import results.json,1.54,,1,,,,,
2026-08-29,mlb,mlb_ml,Colorado Rockies ML,0.346,,,,,0,,L,historique-results.json,2026-08-29|mlb|mlb_ml|Colorado Rockies ML|hist,2026-08-29,,Colorado Rockies @ Atlanta Braves,,,,,,,,,,,import results.json,3.05,,1,,,,,
2026-08-29,mlb,mlb_ml,Kansas City Royals ML,0.439,,,,,0,,W,historique-results.json,2026-08-29|mlb|mlb_ml|Kansas City Royals ML|hist,2026-08-29,,Kansas City Royals @ Cleveland Guardians,,,,,,,,,,,import results.json,2.38,,1,,,,,
2026-08-29,mlb,mlb_ml,Boston Red Sox ML,0.495,,,,,0,,VOID,historique-results.json,2026-08-29|mlb|mlb_ml|Boston Red Sox ML|hist,2026-08-29,,Boston Red Sox @ New York Yankees,,,,,,,,,,,import results.json,2.1,,1,,,,,
2026-08-29,mlb,mlb_ml,Texas Rangers ML,0.412,,,,,0,,L,historique-results.json,2026-08-29|mlb|mlb_ml|Texas Rangers ML|hist,2026-08-29,,Texas Rangers @ Milwaukee Brewers,,,,,,,,,,,import results.json,2.52,,1,,,,,
2026-08-29,mlb,mlb_ml,Seattle Mariners ML,0.474,,,,,0,,L,historique-results.json,2026-08-29|mlb|mlb_ml|Seattle Mariners ML|hist,2026-08-29,,Seattle Mariners @ Toronto Blue Jays,,,,,,,,,,,import results.json,2.14,,1,,,,,
2026-08-29,mlb,mlb_ml,Miami Marlins ML,0.504,,,,,0,,L,historique-results.json,2026-08-29|mlb|mlb_ml|Miami Marlins ML|hist,2026-08-29,,Miami Marlins @ Washington Nationals,,,,,,,,,,,import results.json,2.01,,1,,,,,
2026-08-29,mlb,mlb_ml,Los Angeles Dodgers ML,0.638,,,,,0,,L,historique-results.json,2026-08-29|mlb|mlb_ml|Los Angeles Dodgers ML|hist,2026-08-29,,Los Angeles Dodgers @ Detroit Tigers,,,,,,,,,,,import results.json,1.58,,1,,,,,
2026-08-29,mlb,mlb_ml,San Diego Padres ML,0.46,,,,,0,,L,historique-results.json,2026-08-29|mlb|mlb_ml|San Diego Padres ML|hist,2026-08-29,,San Diego Padres @ Tampa Bay Rays,,,,,,,,,,,import results.json,2.19,,1,,,,,
2026-08-29,mlb,mlb_ml,Minnesota Twins ML,0.535,,,,,0,,L,historique-results.json,2026-08-29|mlb|mlb_ml|Minnesota Twins ML|hist,2026-08-29,,Chicago White Sox @ Minnesota Twins,,,,,,,,,,,import results.json,1.88,,1,,,,,
2026-08-29,mlb,mlb_ml,Pittsburgh Pirates ML,0.468,,,,,0,,W,historique-results.json,2026-08-29|mlb|mlb_ml|Pittsburgh Pirates ML|hist,2026-08-29,,Pittsburgh Pirates @ St. Louis Cardinals,,,,,,,,,,,import results.json,2.14,,1,,,,,
2026-08-29,mlb,mlb_ml,Philadelphia Phillies ML,0.691,,,,,0,,W,historique-results.json,2026-08-29|mlb|mlb_ml|Philadelphia Phillies ML|hist,2026-08-29,,Philadelphia Phillies @ Los Angeles Angels,,,,,,,,,,,import results.json,1.45,,1,,,,,
2026-08-29,mlb,mlb_ml,Baltimore Orioles ML,0.584,,,,,0,,W,historique-results.json,2026-08-29|mlb|mlb_ml|Baltimore Orioles ML|hist,2026-08-29,,Baltimore Orioles @ Athletics,,,,,,,,,,,import results.json,1.74,,1,,,,,
2026-08-29,mlb,mlb_ml,San Francisco Giants ML,0.484,,,,,0,,L,historique-results.json,2026-08-29|mlb|mlb_ml|San Francisco Giants ML|hist,2026-08-29,,Arizona Diamondbacks @ San Francisco Giants,,,,,,,,,,,import results.json,2.11,,1,,,,,
2026-08-29,mlb,props_k,Trevor Rogers Over 5.5 K,0.429,,,,,0,,VOID,historique-results.json,2026-08-29|mlb|props_k|Trevor Rogers Over 5.5 K|hist,2026-08-29,,Baltimore Orioles @ Athletics,,Trevor Rogers,5.5,6,,,,,,,import results.json,,,1,,,,,
2026-08-29,mlb,props_k,José Soriano Over 5.5 K,0.433,,,,,0,,W,historique-results.json,2026-08-29|mlb|props_k|José Soriano Over 5.5 K|hist,2026-08-29,,Seattle Mariners @ Toronto Blue Jays,,José Soriano,5.5,6,,,,,,,import results.json,,,1,,,,,
2026-08-29,mlb,props_k,Sandy Alcantara Over 4.5 K,0.502,,,,,0,,L,historique-results.json,2026-08-29|mlb|props_k|Sandy Alcantara Over 4.5 K|hist,2026-08-29,,Miami Marlins @ Washington Nationals,,Sandy Alcantara,4.5,5,,,,,,,import results.json,,,1,,,,,
2026-08-29,mlb,mlb_ml,Tampa Bay Rays ML,0.503,,,,,0,,W,historique-results.json,2026-08-29|mlb|mlb_ml|Tampa Bay Rays ML|hist,2026-08-29,,San Diego Padres @ Tampa Bay Rays,,,,,,,,,,,import results.json,3,,1,,,,,
2026-08-29,mlb,mlb_ml,Toronto Blue Jays ML,0.405,,,,,0,,W,historique-results.json,2026-08-29|mlb|mlb_ml|Toronto Blue Jays ML|hist,2026-08-29,,Seattle Mariners @ Toronto Blue Jays,,,,,,,,,,,import results.json,2.8,,1,,,,,
2026-08-29,mlb,mlb_ml,Cleveland Guardians ML,0.591,,,,,0,,L,historique-results.json,2026-08-29|mlb|mlb_ml|Cleveland Guardians ML|hist,2026-08-29,,Kansas City Royals @ Cleveland Guardians,,,,,,,,,,,import results.json,1.7,,1,,,,,
2026-08-29,mlb,mlb_ml,Athletics ML,0.327,,,,,0,,L,historique-results.json,2026-08-29|mlb|mlb_ml|Athletics ML|hist,2026-08-29,,Baltimore Orioles @ Athletics,,,,,,,,,,,import results.json,3.5,,1,,,,,
2026-08-29,mlb,mlb_ml,Los Angeles Angels ML,0.281,,,,,0,,L,historique-results.json,2026-08-29|mlb|mlb_ml|Los Angeles Angels ML|hist,2026-08-29,,Philadelphia Phillies @ Los Angeles Angels,,,,,,,,,,,import results.json,3.8,,1,,,,,
2026-08-28,mlb,props_k,Eury Pérez Over 4.5 K,0.497,,,,,0,,W,historique-results.json,2026-08-28|mlb|props_k|Eury Pérez Over 4.5 K|hist,2026-08-28,,Miami Marlins @ Washington Nationals,,Eury Pérez,4.5,5,,,,,,,import results.json,,,1,,,,,
2026-08-28,mlb,props_k,Trevor Rogers Over 4.5 K,0.522,,,,,0,,VOID,historique-results.json,2026-08-28|mlb|props_k|Trevor Rogers Over 4.5 K|hist,2026-08-28,,Baltimore Orioles @ Athletics,,Trevor Rogers,4.5,5,,,,,,,import results.json,,,1,,,,,
2026-08-28,mlb,props_k,Dylan Cease Over 8.5 K,0.492,,,,,0,,L,historique-results.json,2026-08-28|mlb|props_k|Dylan Cease Over 8.5 K|hist,2026-08-28,,Seattle Mariners @ Toronto Blue Jays,,Dylan Cease,8.5,9,,,,,,,import results.json,,,1,,,,,
2026-08-28,mlb,mlb_ml,New York Yankees ML,0.611,,,,,0,,W,historique-results.json,2026-08-28|mlb|mlb_ml|New York Yankees ML|hist,2026-08-28,,Boston Red Sox @ New York Yankees,,,,,,,,,,,import results.json,1.64,,1,,,,,
2026-08-28,mlb,mlb_ml,Colorado Rockies ML,0.379,,,,,0,,L,historique-results.json,2026-08-28|mlb|mlb_ml|Colorado Rockies ML|hist,2026-08-28,,Colorado Rockies @ Atlanta Braves,,,,,,,,,,,import results.json,3.01,,1,,,,,
2026-08-28,mlb,mlb_ml,St. Louis Cardinals ML,0.511,,,,,0,,W,historique-results.json,2026-08-28|mlb|mlb_ml|St. Louis Cardinals ML|hist,2026-08-28,,Pittsburgh Pirates @ St. Louis Cardinals,,,,,,,,,,,import results.json,2.07,,1,,,,,
2026-08-28,mlb,mlb_ml,Los Angeles Angels ML,0.466,,,,,0,,L,historique-results.json,2026-08-28|mlb|mlb_ml|Los Angeles Angels ML|hist,2026-08-28,,Philadelphia Phillies @ Los Angeles Angels,,,,,,,,,,,import results.json,2.25,,1,,,,,
2026-08-28,mlb,mlb_ml,New York Mets ML,0.484,,,,,0,,L,historique-results.json,2026-08-28|mlb|mlb_ml|New York Mets ML|hist,2026-08-28,,Houston Astros @ New York Mets,,,,,,,,,,,import results.json,2.15,,1,,,,,
2026-08-28,mlb,mlb_ml,San Francisco Giants ML,0.493,,,,,0,,L,historique-results.json,2026-08-28|mlb|mlb_ml|San Francisco Giants ML|hist,2026-08-28,,Arizona Diamondbacks @ San Francisco Giants,,,,,,,,,,,import results.json,2.1,,1,,,,,
2026-08-28,mlb,mlb_ml,Kansas City Royals ML,0.46,,,,,0,,W,historique-results.json,2026-08-28|mlb|mlb_ml|Kansas City Royals ML|hist,2026-08-28,,Kansas City Royals @ Cleveland Guardians,,,,,,,,,,,import results.json,2.25,,1,,,,,
2026-08-28,mlb,mlb_ml,Cincinnati Reds ML,0.372,,,,,0,,W,historique-results.json,2026-08-28|mlb|mlb_ml|Cincinnati Reds ML|hist,2026-08-28,,Cincinnati Reds @ Chicago Cubs,,,,,,,,,,,import results.json,2.74,,1,,,,,
2026-08-28,mlb,mlb_ml,Texas Rangers ML,0.393,,,,,0,,L,historique-results.json,2026-08-28|mlb|mlb_ml|Texas Rangers ML|hist,2026-08-28,,Texas Rangers @ Milwaukee Brewers,,,,,,,,,,,import results.json,2.57,,1,,,,,
2026-08-28,mlb,mlb_ml,Chicago Cubs ML,0.234,,,,,0,,L,historique-results.json,2026-08-28|mlb|mlb_ml|Chicago Cubs ML|hist,2026-08-28,,Cincinnati Reds @ Chicago Cubs,,,,,,,,,,,import results.json,25,,1,,,,,
2026-08-28,mlb,mlb_ml,Athletics ML,0.501,,,,,0,,L,historique-results.json,2026-08-28|mlb|mlb_ml|Athletics ML|hist,2026-08-28,,Baltimore Orioles @ Athletics,,,,,,,,,,,import results.json,2.05,,1,,,,,
2026-08-28,mlb,mlb_ml,Los Angeles Dodgers ML,0.643,,,,,0,,W,historique-results.json,2026-08-28|mlb|mlb_ml|Los Angeles Dodgers ML|hist,2026-08-28,,Los Angeles Dodgers @ Detroit Tigers,,,,,,,,,,,import results.json,1.58,,1,,,,,
2026-08-28,mlb,mlb_ml,Washington Nationals ML,0.42,,,,,0,,W,historique-results.json,2026-08-28|mlb|mlb_ml|Washington Nationals ML|hist,2026-08-28,,Miami Marlins @ Washington Nationals,,,,,,,,,,,import results.json,2.38,,1,,,,,
2026-08-28,mlb,props_k,Jared Jones Over 4.5 K,0.519,,,,,0,,W,historique-results.json,2026-08-28|mlb|props_k|Jared Jones Over 4.5 K|hist,2026-08-28,,Pittsburgh Pirates @ St. Louis Cardinals,,Jared Jones,4.5,5,,,,,,,import results.json,,,1,,,,,
2026-08-28,mlb,props_k,Reid Detmers Over 4.5 K,0.492,,,,,0,,L,historique-results.json,2026-08-28|mlb|props_k|Reid Detmers Over 4.5 K|hist,2026-08-28,,Philadelphia Phillies @ Los Angeles Angels,,Reid Detmers,4.5,5,,,,,,,import results.json,,,1,,,,,
2026-08-28,mlb,props_k,Trevor Rogers Over 5.5 K,0.443,,,,,0,,VOID,historique-results.json,2026-08-28|mlb|props_k|Trevor Rogers Over 5.5 K|hist,2026-08-28,,Baltimore Orioles @ Athletics,,Trevor Rogers,5.5,6,,,,,,,import results.json,,,1,,,,,
2026-08-28,mlb,mlb_ml,Minnesota Twins ML,0.225,,,,,0,,L,historique-results.json,2026-08-28|mlb|mlb_ml|Minnesota Twins ML|hist,2026-08-28,,Chicago White Sox @ Minnesota Twins,,,,,,,,,,,import results.json,26,,1,,,,,
2026-08-28,mlb,mlb_ml,Pittsburgh Pirates ML,0.163,,,,,0,,L,historique-results.json,2026-08-28|mlb|mlb_ml|Pittsburgh Pirates ML|hist,2026-08-28,,Pittsburgh Pirates @ St. Louis Cardinals,,,,,,,,,,,import results.json,34,,1,,,,,
2026-08-28,mlb,mlb_ml,Arizona Diamondbacks ML,0.709,,,,,0,,W,historique-results.json,2026-08-28|mlb|mlb_ml|Arizona Diamondbacks ML|hist,2026-08-28,,Arizona Diamondbacks @ San Francisco Giants,,,,,,,,,,,import results.json,1.49,,1,,,,,
2026-08-28,mlb,mlb_ml,Philadelphia Phillies ML,0.322,,,,,0,,W,historique-results.json,2026-08-28|mlb|mlb_ml|Philadelphia Phillies ML|hist,2026-08-28,,Philadelphia Phillies @ Los Angeles Angels,,,,,,,,,,,import results.json,4.15,,1,,,,,
2026-08-27,mlb,props_k,Spencer Arrighetti Over 3.5 K,0.497,,,,,0,,W,historique-results.json,2026-08-27|mlb|props_k|Spencer Arrighetti Over 3.5 K|hist,2026-08-27,,Kansas City Royals @ Toronto Blue Jays,,Spencer Arrighetti,3.5,4,,,,,,,import results.json,,,1,,,,,
2026-08-27,mlb,mlb_ml,Colorado Rockies ML,0.5,,,,,0,,L,historique-results.json,2026-08-27|mlb|mlb_ml|Colorado Rockies ML|hist,2026-08-27,,Colorado Rockies @ Washington Nationals,,,,,,,,,,,import results.json,2.26,,1,,,,,
2026-08-27,mlb,mlb_ml,Kansas City Royals ML,0.566,,,,,0,,W,historique-results.json,2026-08-27|mlb|mlb_ml|Kansas City Royals ML|hist,2026-08-27,,Kansas City Royals @ Toronto Blue Jays,,,,,,,,,,,import results.json,1.95,,1,,,,,
2026-08-27,mlb,mlb_rl,Kansas City Royals -1.5,0.44,,,,,0,,W,historique-results.json,2026-08-27|mlb|mlb_rl|Kansas City Royals -1.5|hist,2026-08-27,,Kansas City Royals @ Toronto Blue Jays,,,,,,,,,,,import results.json,2.5,,1,,,,,
2026-08-27,mlb,mlb_ml,San Francisco Giants ML,0.516,,,,,0,,W,historique-results.json,2026-08-27|mlb|mlb_ml|San Francisco Giants ML|hist,2026-08-27,,Arizona Diamondbacks @ San Francisco Giants,,,,,,,,,,,import results.json,2.01,,1,,,,,
2026-08-27,mlb,mlb_ml,Atlanta Braves ML,0.556,,,,,0,,W,historique-results.json,2026-08-27|mlb|mlb_ml|Atlanta Braves ML|hist,2026-08-27,,Los Angeles Dodgers @ Atlanta Braves,,,,,,,,,,,import results.json,1.83,,1,,,,,
2026-08-27,mlb,mlb_ml,Houston Astros ML,0.409,,,,,0,,W,historique-results.json,2026-08-27|mlb|mlb_ml|Houston Astros ML|hist,2026-08-27,,Houston Astros @ New York Yankees,,,,,,,,,,,import results.json,2.47,,1,,,,,
2026-08-27,mlb,props_k,Jacob Misiorowski Over 6.5 K,0.516,,,,,0,,L,historique-results.json,2026-08-27|mlb|props_k|Jacob Misiorowski Over 6.5 K|hist,2026-08-27,,Milwaukee Brewers @ New York Mets,,Jacob Misiorowski,6.5,7,,,,,,,import results.json,,,1,,,,,
2026-08-27,mlb,props_k,Yoshinobu Yamamoto Over 6.5 K,0.478,,,,,0,,W,historique-results.json,2026-08-27|mlb|props_k|Yoshinobu Yamamoto Over 6.5 K|hist,2026-08-27,,Los Angeles Dodgers @ Atlanta Braves,,Yoshinobu Yamamoto,6.5,7,,,,,,,import results.json,,,1,,,,,
2026-08-27,mlb,mlb_ml,Los Angeles Dodgers ML,0.407,,,,,0,,L,historique-results.json,2026-08-27|mlb|mlb_ml|Los Angeles Dodgers ML|hist,2026-08-27,,Los Angeles Dodgers @ Atlanta Braves,,,,,,,,,,,import results.json,2.8,,1,,,,,
2026-08-27,mlb,mlb_ml,New York Mets ML,0.253,,,,,0,,L,historique-results.json,2026-08-27|mlb|mlb_ml|New York Mets ML|hist,2026-08-27,,Milwaukee Brewers @ New York Mets,,,,,,,,,,,import results.json,5.9,,1,,,,,
2026-08-27,mlb,mlb_ml,Milwaukee Brewers ML,0.747,,,,,0,,W,historique-results.json,2026-08-27|mlb|mlb_ml|Milwaukee Brewers ML|hist,2026-08-27,,Milwaukee Brewers @ New York Mets,,,,,,,,,,,import results.json,1.53,,1,,,,,
2026-08-27,mlb,mlb_ml,Toronto Blue Jays ML,0.338,,,,,0,,L,historique-results.json,2026-08-27|mlb|mlb_ml|Toronto Blue Jays ML|hist,2026-08-27,,Kansas City Royals @ Toronto Blue Jays,,,,,,,,,,,import results.json,3.15,,1,,,,,
2026-08-26,mlb,props_k,Bryan Woo Over 3.5 K,0.503,,,,,0,,W,historique-results.json,2026-08-26|mlb|props_k|Bryan Woo Over 3.5 K|hist,2026-08-26,,Philadelphia Phillies @ Seattle Mariners,,Bryan Woo,3.5,4,,,,,,,import results.json,,,1,,,,,
2026-08-26,mlb,mlb_ml,Arizona Diamondbacks ML,0.551,,,,,0,,W,historique-results.json,2026-08-26|mlb|mlb_ml|Arizona Diamondbacks ML|hist,2026-08-26,,Chicago Cubs @ Arizona Diamondbacks,,,,,,,,,,,import results.json,1.95,,1,,,,,
2026-08-26,mlb,mlb_rl,Arizona Diamondbacks -1.5,0.403,,,,,0,,W,historique-results.json,2026-08-26|mlb|mlb_rl|Arizona Diamondbacks -1.5|hist,2026-08-26,,Chicago Cubs @ Arizona Diamondbacks,,,,,,,,,,,import results.json,2.82,,1,,,,,
2026-08-26,mlb,mlb_ml,Athletics ML,0.463,,,,,0,,W,historique-results.json,2026-08-26|mlb|mlb_ml|Athletics ML|hist,2026-08-26,,Minnesota Twins @ Athletics,,,,,,,,,,,import results.json,2.25,,1,,,,,
2026-08-26,mlb,mlb_rl,Detroit Tigers -1.5,0.376,,,,,0,,L,historique-results.json,2026-08-26|mlb|mlb_rl|Detroit Tigers -1.5|hist,2026-08-26,,Tampa Bay Rays @ Detroit Tigers,,,,,,,,,,,import results.json,2.79,,1,,,,,
2026-08-26,mlb,mlb_ml,Detroit Tigers ML,0.546,,,,,0,,L,historique-results.json,2026-08-26|mlb|mlb_ml|Detroit Tigers ML|hist,2026-08-26,,Tampa Bay Rays @ Detroit Tigers,,,,,,,,,,,import results.json,1.87,,1,,,,,
2026-08-26,mlb,mlb_ml,Los Angeles Angels ML,0.452,,,,,0,,L,historique-results.json,2026-08-26|mlb|mlb_ml|Los Angeles Angels ML|hist,2026-08-26,,Cleveland Guardians @ Los Angeles Angels,,,,,,,,,,,import results.json,2.27,,1,,,,,
2026-08-26,mlb,mlb_ml,Philadelphia Phillies ML,0.559,,,,,0,,W,historique-results.json,2026-08-26|mlb|mlb_ml|Philadelphia Phillies ML|hist,2026-08-26,,Philadelphia Phillies @ Seattle Mariners,,,,,,,,,,,import results.json,1.82,,1,,,,,
2026-08-26,mlb,mlb_ml,Colorado Rockies ML,0.472,,,,,0,,W,historique-results.json,2026-08-26|mlb|mlb_ml|Colorado Rockies ML|hist,2026-08-26,,Colorado Rockies @ Washington Nationals,,,,,,,,,,,import results.json,2.15,,1,,,,,
2026-08-26,mlb,mlb_ml,San Francisco Giants ML,0.528,,,,,0,,L,historique-results.json,2026-08-26|mlb|mlb_ml|San Francisco Giants ML|hist,2026-08-26,,Cincinnati Reds @ San Francisco Giants,,,,,,,,,,,import results.json,1.91,,1,,,,,
2026-08-26,mlb,mlb_ml,Miami Marlins ML,0.413,,,,,0,,W,historique-results.json,2026-08-26|mlb|mlb_ml|Miami Marlins ML|hist,2026-08-26,,Boston Red Sox @ Miami Marlins,,,,,,,,,,,import results.json,2.43,,1,,,,,
2026-08-26,mlb,mlb_ml,Pittsburgh Pirates ML,0.474,,,,,0,,L,historique-results.json,2026-08-26|mlb|mlb_ml|Pittsburgh Pirates ML|hist,2026-08-26,,Pittsburgh Pirates @ San Diego Padres,,,,,,,,,,,import results.json,2.2,,1,,,,,
2026-08-26,mlb,mlb_ml,Kansas City Royals ML,0.457,,,,,0,,L,historique-results.json,2026-08-26|mlb|mlb_ml|Kansas City Royals ML|hist,2026-08-26,,Kansas City Royals @ Toronto Blue Jays,,,,,,,,,,,import results.json,2.25,,1,,,,,
2026-08-26,mlb,mlb_ml,Chicago White Sox ML,0.556,,,,,0,,W,historique-results.json,2026-08-26|mlb|mlb_ml|Chicago White Sox ML|hist,2026-08-26,,Texas Rangers @ Chicago White Sox,,,,,,,,,,,import results.json,1.8,,1,,,,,
2026-08-26,mlb,mlb_ml,Boston Red Sox ML,0.563,,,,,0,,L,historique-results.json,2026-08-26|mlb|mlb_ml|Boston Red Sox ML|hist,2026-08-26,,Boston Red Sox @ Miami Marlins,,,,,,,,,,,import results.json,1.78,,1,,,,,
2026-08-26,mlb,mlb_ml,Baltimore Orioles ML,0.511,,,,,0,,W,historique-results.json,2026-08-26|mlb|mlb_ml|Baltimore Orioles ML|hist,2026-08-26,,Baltimore Orioles @ St. Louis Cardinals,,,,,,,,,,,import results.json,1.96,,1,,,,,
2026-08-26,mlb,mlb_ml,Houston Astros ML,0.494,,,,,0,,L,historique-results.json,2026-08-26|mlb|mlb_ml|Houston Astros ML|hist,2026-08-26,,Houston Astros @ New York Yankees,,,,,,,,,,,import results.json,2.08,,1,,,,,
2026-08-26,mlb,mlb_rl,San Francisco Giants -1.5,0.379,,,,,0,,L,historique-results.json,2026-08-26|mlb|mlb_rl|San Francisco Giants -1.5|hist,2026-08-26,,Cincinnati Reds @ San Francisco Giants,,,,,,,,,,,import results.json,2.87,,1,,,,,
2026-08-26,mlb,props_k,Logan Webb Over 5.5 K,0.493,,,,,0,,W,historique-results.json,2026-08-26|mlb|props_k|Logan Webb Over 5.5 K|hist,2026-08-26,,Cincinnati Reds @ San Francisco Giants,,Logan Webb,5.5,6,,,,,,,import results.json,,,1,,,,,
2026-08-26,mlb,props_k,Joey Cantillo Over 5.5 K,0.48,,,,,0,,L,historique-results.json,2026-08-26|mlb|props_k|Joey Cantillo Over 5.5 K|hist,2026-08-26,,Cleveland Guardians @ Los Angeles Angels,,Joey Cantillo,5.5,6,,,,,,,import results.json,,,1,,,,,
2026-08-26,mlb,mlb_ml,Seattle Mariners ML,0.142,,,,,0,,L,historique-results.json,2026-08-26|mlb|mlb_ml|Seattle Mariners ML|hist,2026-08-26,,Philadelphia Phillies @ Seattle Mariners,,,,,,,,,,,import results.json,49,,1,,,,,
2026-08-26,mlb,mlb_ml,Cincinnati Reds ML,0.208,,,,,0,,W,historique-results.json,2026-08-26|mlb|mlb_ml|Cincinnati Reds ML|hist,2026-08-26,,Cincinnati Reds @ San Francisco Giants,,,,,,,,,,,import results.json,8,,1,,,,,
2026-08-26,mlb,mlb_ml,Cleveland Guardians ML,0.305,,,,,0,,W,historique-results.json,2026-08-26|mlb|mlb_ml|Cleveland Guardians ML|hist,2026-08-26,,Cleveland Guardians @ Los Angeles Angels,,,,,,,,,,,import results.json,4.5,,1,,,,,
2026-08-26,mlb,mlb_ml,Chicago Cubs ML,0.264,,,,,0,,L,historique-results.json,2026-08-26|mlb|mlb_ml|Chicago Cubs ML|hist,2026-08-26,,Chicago Cubs @ Arizona Diamondbacks,,,,,,,,,,,import results.json,4.5,,1,,,,,
2026-08-26,mlb,mlb_ml,Milwaukee Brewers ML,0.592,,,,,0,,W,historique-results.json,2026-08-26|mlb|mlb_ml|Milwaukee Brewers ML|hist,2026-08-26,,Milwaukee Brewers @ New York Mets,,,,,,,,,,,import results.json,1.7,,1,,,,,
2026-08-26,mlb,mlb_ml,Minnesota Twins ML,0.604,,,,,0,,L,historique-results.json,2026-08-26|mlb|mlb_ml|Minnesota Twins ML|hist,2026-08-26,,Minnesota Twins @ Athletics,,,,,,,,,,,import results.json,2.03,,1,,,,,
2026-08-26,mlb,mlb_ml,Texas Rangers ML,0.187,,,,,0,,L,historique-results.json,2026-08-26|mlb|mlb_ml|Texas Rangers ML|hist,2026-08-26,,Texas Rangers @ Chicago White Sox,,,,,,,,,,,import results.json,36,,1,,,,,
2026-08-26,mlb,mlb_ml,St. Louis Cardinals ML,0.263,,,,,0,,L,historique-results.json,2026-08-26|mlb|mlb_ml|St. Louis Cardinals ML|hist,2026-08-26,,Baltimore Orioles @ St. Louis Cardinals,,,,,,,,,,,import results.json,6.5,,1,,,,,
2026-08-26,mlb,mlb_ml,Los Angeles Dodgers ML,0.488,,,,,0,,L,historique-results.json,2026-08-26|mlb|mlb_ml|Los Angeles Dodgers ML|hist,2026-08-26,,Los Angeles Dodgers @ Atlanta Braves,,,,,,,,,,,import results.json,2.15,,1,,,,,
2026-08-25,mlb,props_k,Ian Seymour Over 5.5 K,0.59,,,,,0,,L,historique-results.json,2026-08-25|mlb|props_k|Ian Seymour Over 5.5 K|hist,2026-08-25,,Tampa Bay Rays @ Detroit Tigers,,Ian Seymour,5.5,6,,,,,,,import results.json,,,1,,,,,
2026-08-25,mlb,props_k,Kyle Harrison Over 6.5 K,0.606,,,,,0,,L,historique-results.json,2026-08-25|mlb|props_k|Kyle Harrison Over 6.5 K|hist,2026-08-25,,Milwaukee Brewers @ New York Mets,,Kyle Harrison,6.5,7,,,,,,,import results.json,2.19,,1,,,,,
2026-08-25,mlb,props_k,Gavin Williams Over 8.5 K,0.511,,,,,0,,L,historique-results.json,2026-08-25|mlb|props_k|Gavin Williams Over 8.5 K|hist,2026-08-25,,Cleveland Guardians @ Los Angeles Angels,,Gavin Williams,8.5,9,,,,,,,import results.json,,,1,,,,,
2026-08-25,mlb,props_k,Aaron Nola Over 5.5 K,0.614,,,,,0,,W,historique-results.json,2026-08-25|mlb|props_k|Aaron Nola Over 5.5 K|hist,2026-08-25,,Philadelphia Phillies @ Seattle Mariners,,Aaron Nola,5.5,6,,,,,,,import results.json,,,1,,,,,
2026-08-25,mlb,props_k,Walbert Ureña Over 3.5 K,0.61,,,,,0,,L,historique-results.json,2026-08-25|mlb|props_k|Walbert Ureña Over 3.5 K|hist,2026-08-25,,Cleveland Guardians @ Los Angeles Angels,,Walbert Ureña,3.5,4,,,,,,,import results.json,,,1,,,,,
2026-08-25,mlb,props_k,Kyle Harrison Over 5.5 K,0.694,,,,,0,,L,historique-results.json,2026-08-25|mlb|props_k|Kyle Harrison Over 5.5 K|hist,2026-08-25,,Milwaukee Brewers @ New York Mets,,Kyle Harrison,5.5,6,,,,,,,import results.json,1.66,,1,,,,,
2026-08-25,mlb,props_k,Walbert Ureña Over 4.5 K,0.41,,,,,0,,L,historique-results.json,2026-08-25|mlb|props_k|Walbert Ureña Over 4.5 K|hist,2026-08-25,,Cleveland Guardians @ Los Angeles Angels,,Walbert Ureña,4.5,5,,,,,,,import results.json,,,1,,,,,
2026-08-25,mlb,mlb_rl,San Francisco Giants -1.5,0.441,,,,,0,,W,historique-results.json,2026-08-25|mlb|mlb_rl|San Francisco Giants -1.5|hist,2026-08-25,,Cincinnati Reds @ San Francisco Giants,,,,,,,,,,,import results.json,2.89,,1,,,,,
2026-08-25,mlb,mlb_ml,San Francisco Giants ML,0.532,,,,,0,,W,historique-results.json,2026-08-25|mlb|mlb_ml|San Francisco Giants ML|hist,2026-08-25,,Cincinnati Reds @ San Francisco Giants,,,,,,,,,,,import results.json,1.95,,1,,,,,
2026-08-25,mlb,mlb_ml,Athletics ML,0.448,,,,,0,,W,historique-results.json,2026-08-25|mlb|mlb_ml|Athletics ML|hist,2026-08-25,,Minnesota Twins @ Athletics,,,,,,,,,,,import results.json,2.37,,1,,,,,
2026-08-25,mlb,mlb_ml,Pittsburgh Pirates ML,0.502,,,,,0,,W,historique-results.json,2026-08-25|mlb|mlb_ml|Pittsburgh Pirates ML|hist,2026-08-25,,Pittsburgh Pirates @ San Diego Padres,,,,,,,,,,,import results.json,2.11,,1,,,,,
2026-08-25,mlb,mlb_ml,Los Angeles Angels ML,0.449,,,,,0,,L,historique-results.json,2026-08-25|mlb|mlb_ml|Los Angeles Angels ML|hist,2026-08-25,,Cleveland Guardians @ Los Angeles Angels,,,,,,,,,,,import results.json,2.31,,1,,,,,
2026-08-25,mlb,mlb_ml,Kansas City Royals ML,0.479,,,,,0,,W,historique-results.json,2026-08-25|mlb|mlb_ml|Kansas City Royals ML|hist,2026-08-25,,Kansas City Royals @ Toronto Blue Jays,,,,,,,,,,,import results.json,2.16,,1,,,,,
2026-08-25,mlb,mlb_ml,Texas Rangers ML,0.529,,,,,0,,L,historique-results.json,2026-08-25|mlb|mlb_ml|Texas Rangers ML|hist,2026-08-25,,Texas Rangers @ Chicago White Sox,,,,,,,,,,,import results.json,1.95,,1,,,,,
2026-08-25,mlb,mlb_ml,Chicago Cubs ML,0.525,,,,,0,,L,historique-results.json,2026-08-25|mlb|mlb_ml|Chicago Cubs ML|hist,2026-08-25,,Chicago Cubs @ Arizona Diamondbacks,,,,,,,,,,,import results.json,1.96,,1,,,,,
2026-08-25,mlb,mlb_ml,New York Mets ML,0.411,,,,,0,,W,historique-results.json,2026-08-25|mlb|mlb_ml|New York Mets ML|hist,2026-08-25,,Milwaukee Brewers @ New York Mets,,,,,,,,,,,import results.json,2.5,,1,,,,,
2026-08-25,mlb,mlb_ml,Philadelphia Phillies ML,0.501,,,,,0,,L,historique-results.json,2026-08-25|mlb|mlb_ml|Philadelphia Phillies ML|hist,2026-08-25,,Philadelphia Phillies @ Seattle Mariners,,,,,,,,,,,import results.json,2,,1,,,,,
2026-08-25,mlb,mlb_ml,Los Angeles Dodgers ML,0.595,,,,,0,,L,historique-results.json,2026-08-25|mlb|mlb_ml|Los Angeles Dodgers ML|hist,2026-08-25,,Los Angeles Dodgers @ Atlanta Braves,,,,,,,,,,,import results.json,1.68,,1,,,,,
2026-08-25,mlb,props_k,Tyler Glasnow Over 6.5 K,0.548,,,,,0,,W,historique-results.json,2026-08-25|mlb|props_k|Tyler Glasnow Over 6.5 K|hist,2026-08-25,,Los Angeles Dodgers @ Atlanta Braves,,Tyler Glasnow,6.5,7,,,,,,,import results.json,2.16,,1,,,,,
2026-08-25,mlb,mlb_ml,Boston Red Sox ML,0.588,,,,,0,,W,historique-results.json,2026-08-25|mlb|mlb_ml|Boston Red Sox ML|hist,2026-08-25,,Boston Red Sox @ Miami Marlins,,,,,,,,,,,import results.json,1.71,,1,,,,,
2026-08-25,mlb,mlb_ml,Detroit Tigers ML,0.456,,,,,0,,W,historique-results.json,2026-08-25|mlb|mlb_ml|Detroit Tigers ML|hist,2026-08-25,,Tampa Bay Rays @ Detroit Tigers,,,,,,,,,,,import results.json,2.2,,1,,,,,
2026-08-25,mlb,props_k,Payton Tolle Over 5.5 K,0.516,,,,,0,,W,historique-results.json,2026-08-25|mlb|props_k|Payton Tolle Over 5.5 K|hist,2026-08-25,,Boston Red Sox @ Miami Marlins,,Payton Tolle,5.5,6,,,,,,,import results.json,,,1,,,,,
2026-08-25,mlb,props_k,Kyle Harrison Over 7.5 K,0.458,,,,,0,,L,historique-results.json,2026-08-25|mlb|props_k|Kyle Harrison Over 7.5 K|hist,2026-08-25,,Milwaukee Brewers @ New York Mets,,Kyle Harrison,7.5,8,,,,,,,import results.json,,,1,,,,,
2026-08-25,mlb,mlb_ml,Toronto Blue Jays ML,0.494,,,,,0,,L,historique-results.json,2026-08-25|mlb|mlb_ml|Toronto Blue Jays ML|hist,2026-08-25,,Kansas City Royals @ Toronto Blue Jays,,,,,,,,,,,import results.json,2.1,,1,,,,,
2026-08-25,mlb,mlb_ml,Miami Marlins ML,0.338,,,,,0,,L,historique-results.json,2026-08-25|mlb|mlb_ml|Miami Marlins ML|hist,2026-08-25,,Boston Red Sox @ Miami Marlins,,,,,,,,,,,import results.json,3.15,,1,,,,,
2026-08-25,mlb,mlb_ml,Tampa Bay Rays ML,0.483,,,,,0,,L,historique-results.json,2026-08-25|mlb|mlb_ml|Tampa Bay Rays ML|hist,2026-08-25,,Tampa Bay Rays @ Detroit Tigers,,,,,,,,,,,import results.json,2.2,,1,,,,,
2026-08-25,mlb,mlb_ml,Atlanta Braves ML,0.418,,,,,0,,W,historique-results.json,2026-08-25|mlb|mlb_ml|Atlanta Braves ML|hist,2026-08-25,,Los Angeles Dodgers @ Atlanta Braves,,,,,,,,,,,import results.json,2.4,,1,,,,,
2026-08-25,mlb,mlb_ml,Milwaukee Brewers ML,0.58,,,,,0,,L,historique-results.json,2026-08-25|mlb|mlb_ml|Milwaukee Brewers ML|hist,2026-08-25,,Milwaukee Brewers @ New York Mets,,,,,,,,,,,import results.json,1.74,,1,,,,,
2026-08-25,mlb,props_k,Tyler Glasnow Over 7.5 K,0.465,,,,,0,,L,historique-results.json,2026-08-25|mlb|props_k|Tyler Glasnow Over 7.5 K|hist,2026-08-25,,Los Angeles Dodgers @ Atlanta Braves,,Tyler Glasnow,7.5,8,,,,,,,import results.json,,,1,,,,,
2026-08-25,mlb,props_k,Matthew Liberatore Over 6.5 K,0.463,,,,,0,,W,historique-results.json,2026-08-25|mlb|props_k|Matthew Liberatore Over 6.5 K|hist,2026-08-25,,Baltimore Orioles @ St. Louis Cardinals,,Matthew Liberatore,6.5,7,,,,,,,import results.json,,,1,,,,,
2026-08-25,mlb,mlb_ml,Houston Astros ML,0.274,,,,,0,,W,historique-results.json,2026-08-25|mlb|mlb_ml|Houston Astros ML|hist,2026-08-25,,Houston Astros @ New York Yankees,,,,,,,,,,,import results.json,5.9,,1,,,,,
2026-08-25,mlb,mlb_ml,St. Louis Cardinals ML,0.318,,,,,0,,L,historique-results.json,2026-08-25|mlb|mlb_ml|St. Louis Cardinals ML|hist,2026-08-25,,Baltimore Orioles @ St. Louis Cardinals,,,,,,,,,,,import results.json,4.92,,1,,,,,
2026-08-25,mlb,mlb_rl,Boston Red Sox -1.5,0.339,,,,,0,,W,historique-results.json,2026-08-25|mlb|mlb_rl|Boston Red Sox -1.5|hist,2026-08-25,,Boston Red Sox @ Miami Marlins,,,,,,,,,,,import results.json,3.46,,1,,,,,
2026-08-25,mlb,mlb_ml,New York Yankees ML,0.197,,,,,0,,L,historique-results.json,2026-08-25|mlb|mlb_ml|New York Yankees ML|hist,2026-08-25,,Houston Astros @ New York Yankees,,,,,,,,,,,import results.json,51,,1,,,,,
2026-08-25,mlb,mlb_ml,Cleveland Guardians ML,0.275,,,,,0,,W,historique-results.json,2026-08-25|mlb|mlb_ml|Cleveland Guardians ML|hist,2026-08-25,,Cleveland Guardians @ Los Angeles Angels,,,,,,,,,,,import results.json,5.97,,1,,,,,
2026-08-25,mlb,mlb_ml,Cincinnati Reds ML,0.298,,,,,0,,L,historique-results.json,2026-08-25|mlb|mlb_ml|Cincinnati Reds ML|hist,2026-08-25,,Cincinnati Reds @ San Francisco Giants,,,,,,,,,,,import results.json,4.09,,1,,,,,
2026-08-25,mlb,mlb_ml,Minnesota Twins ML,0.361,,,,,0,,L,historique-results.json,2026-08-25|mlb|mlb_ml|Minnesota Twins ML|hist,2026-08-25,,Minnesota Twins @ Athletics,,,,,,,,,,,import results.json,3.3,,1,,,,,
2026-08-25,mlb,mlb_ml,Arizona Diamondbacks ML,0.385,,,,,0,,W,historique-results.json,2026-08-25|mlb|mlb_ml|Arizona Diamondbacks ML|hist,2026-08-25,,Chicago Cubs @ Arizona Diamondbacks,,,,,,,,,,,import results.json,3,,1,,,,,
2026-08-25,mlb,mlb_ml,Seattle Mariners ML,0.519,,,,,0,,W,historique-results.json,2026-08-25|mlb|mlb_ml|Seattle Mariners ML|hist,2026-08-25,,Philadelphia Phillies @ Seattle Mariners,,,,,,,,,,,import results.json,1.99,,1,,,,,
2026-08-25,mlb,props_k,Michael King Over 5.5 K,0.473,,,,,0,,W,historique-results.json,2026-08-25|mlb|props_k|Michael King Over 5.5 K|hist,2026-08-25,,Pittsburgh Pirates @ San Diego Padres,,Michael King,5.5,6,,,,,,,import results.json,,,1,,,,,
2026-08-25,mlb,props_k,Paul Skenes Over 4.5 K,0.517,,,,,0,,L,historique-results.json,2026-08-25|mlb|props_k|Paul Skenes Over 4.5 K|hist,2026-08-25,,Pittsburgh Pirates @ San Diego Padres,,Paul Skenes,4.5,5,,,,,,,import results.json,,,1,,,,,
2026-08-25,mlb,props_k,Aaron Nola Over 6.5 K,0.476,,,,,0,,W,historique-results.json,2026-08-25|mlb|props_k|Aaron Nola Over 6.5 K|hist,2026-08-25,,Philadelphia Phillies @ Seattle Mariners,,Aaron Nola,6.5,7,,,,,,,import results.json,,,1,,,,,
2026-08-24,mlb,props_k,Cade Cavalli Over 6.5 K,0.673,,,,,0,,W,historique-results.json,2026-08-24|mlb|props_k|Cade Cavalli Over 6.5 K|hist,2026-08-24,,Colorado Rockies @ Washington Nationals,,Cade Cavalli,6.5,7,,,,,,,import results.json,1.97,,1,,,,,
2026-08-24,mlb,props_k,José Urquidy Over 3.5 K,0.744,,,,,0,,L,historique-results.json,2026-08-24|mlb|props_k|José Urquidy Over 3.5 K|hist,2026-08-24,,Texas Rangers @ Chicago White Sox,,José Urquidy,3.5,4,,,,,,,import results.json,1.62,,1,,,,,
2026-08-24,mlb,props_k,Drew Rasmussen Over 5.5 K,0.518,,,,,0,,L,historique-results.json,2026-08-24|mlb|props_k|Drew Rasmussen Over 5.5 K|hist,2026-08-24,,Tampa Bay Rays @ Detroit Tigers,,Drew Rasmussen,5.5,6,,,,,,,import results.json,2.24,,1,,,,,
2026-08-24,mlb,props_k,George Klassen Over 3.5 K,0.587,,,,,0,,L,historique-results.json,2026-08-24|mlb|props_k|George Klassen Over 3.5 K|hist,2026-08-24,,Cleveland Guardians @ Los Angeles Angels,,George Klassen,3.5,4,,,,,,,import results.json,,,1,,,,,
2026-08-24,mlb,props_k,Drew Rasmussen Over 4.5 K,0.635,,,,,0,,W,historique-results.json,2026-08-24|mlb|props_k|Drew Rasmussen Over 4.5 K|hist,2026-08-24,,Tampa Bay Rays @ Detroit Tigers,,Drew Rasmussen,4.5,5,,,,,,,import results.json,,,1,,,,,
2026-08-24,mlb,props_k,Cade Cavalli Over 4.5 K,0.783,,,,,0,,W,historique-results.json,2026-08-24|mlb|props_k|Cade Cavalli Over 4.5 K|hist,2026-08-24,,Colorado Rockies @ Washington Nationals,,Cade Cavalli,4.5,5,,,,,,,import results.json,1.69,,1,,,,,
2026-08-24,mlb,props_k,Sandy Alcantara Over 3.5 K,0.643,,,,,0,,W,historique-results.json,2026-08-24|mlb|props_k|Sandy Alcantara Over 3.5 K|hist,2026-08-24,,Boston Red Sox @ Miami Marlins,,Sandy Alcantara,3.5,4,,,,,,,import results.json,,,1,,,,,
2026-08-24,mlb,props_k,Kumar Rocker Over 5.5 K,0.546,,,,,0,,W,historique-results.json,2026-08-24|mlb|props_k|Kumar Rocker Over 5.5 K|hist,2026-08-24,,Texas Rangers @ Chicago White Sox,,Kumar Rocker,5.5,6,,,,,,,import results.json,,,1,,,,,
2026-08-24,mlb,props_k,Parker Messick Over 6.5 K,0.554,,,,,0,,L,historique-results.json,2026-08-24|mlb|props_k|Parker Messick Over 6.5 K|hist,2026-08-24,,Cleveland Guardians @ Los Angeles Angels,,Parker Messick,6.5,7,,,,,,,import results.json,2.15,,1,,,,,
2026-08-24,mlb,props_k,Zack Wheeler Over 5.5 K,0.613,,,,,0,,L,historique-results.json,2026-08-24|mlb|props_k|Zack Wheeler Over 5.5 K|hist,2026-08-24,,Philadelphia Phillies @ Seattle Mariners,,Zack Wheeler,5.5,6,,,,,,,import results.json,2.15,,1,,,,,
2026-08-24,mlb,props_k,Logan Gilbert Over 3.5 K,0.562,,,,,0,,W,historique-results.json,2026-08-24|mlb|props_k|Logan Gilbert Over 3.5 K|hist,2026-08-24,,Philadelphia Phillies @ Seattle Mariners,,Logan Gilbert,3.5,4,,,,,,,import results.json,,,1,,,,,
2026-08-24,mlb,props_k,Chase Burns Over 6.5 K,0.542,,,,,0,,L,historique-results.json,2026-08-24|mlb|props_k|Chase Burns Over 6.5 K|hist,2026-08-24,,Cincinnati Reds @ San Francisco Giants,,Chase Burns,6.5,7,,,,,,,import results.json,,,1,,,,,
2026-08-24,mlb,props_k,Parker Messick Over 5.5 K,0.613,,,,,0,,L,historique-results.json,2026-08-24|mlb|props_k|Parker Messick Over 5.5 K|hist,2026-08-24,,Cleveland Guardians @ Los Angeles Angels,,Parker Messick,5.5,6,,,,,,,import results.json,,,1,,,,,
2026-08-23,mlb,props_k,Cristopher Sánchez Over 5.5 K,0.583,,,,,0,,W,historique-results.json,2026-08-23|mlb|props_k|Cristopher Sánchez Over 5.5 K|hist,2026-08-23,,St. Louis Cardinals @ Philadelphia Phillies,,Cristopher Sánchez,5.5,6,,,,,,,import results.json,,,1,,,,,
2026-08-23,mlb,props_k,Carlos Rodón Over 3.5 K,0.61,,,,,0,,L,historique-results.json,2026-08-23|mlb|props_k|Carlos Rodón Over 3.5 K|hist,2026-08-23,,Toronto Blue Jays @ New York Yankees,,Carlos Rodón,3.5,4,,,,,,,import results.json,,,1,,,,,
2026-08-23,mlb,props_k,Hunter Brown Over 3.5 K,0.54,,,,,0,,VOID,historique-results.json,2026-08-23|mlb|props_k|Hunter Brown Over 3.5 K|hist,2026-08-23,,Athletics @ Houston Astros,,Hunter Brown,3.5,4,,,,,,,import results.json,,,1,,,,,
2026-08-23,mlb,props_k,Lance McCullers Jr. Over 3.5 K,0.546,,,,,0,,VOID,historique-results.json,2026-08-23|mlb|props_k|Lance McCullers Jr. Over 3.5 K|hist,2026-08-23,,Athletics @ Houston Astros,,Lance McCullers Jr.,3.5,4,,,,,,,import results.json,,,1,,,,,
2026-08-23,mlb,props_k,Shota Imanaga Over 5.5 K,0.557,,,,,0,,L,historique-results.json,2026-08-23|mlb|props_k|Shota Imanaga Over 5.5 K|hist,2026-08-23,,Chicago Cubs @ Seattle Mariners,,Shota Imanaga,5.5,6,,,,,,,import results.json,,,1,,,,,
2026-08-23,mlb,props_k,Shane Drohan Over 4.5 K,0.584,,,,,0,,W,historique-results.json,2026-08-23|mlb|props_k|Shane Drohan Over 4.5 K|hist,2026-08-23,,Atlanta Braves @ Milwaukee Brewers,,Shane Drohan,4.5,5,,,,,,,import results.json,2.18,,1,,,,,
2026-08-23,mlb,props_k,Tyler Mahle Over 5.5 K,0.603,,,,,0,,L,historique-results.json,2026-08-23|mlb|props_k|Tyler Mahle Over 5.5 K|hist,2026-08-23,,Atlanta Braves @ Milwaukee Brewers,,Tyler Mahle,5.5,6,,,,,,,import results.json,2.23,,1,,,,,
2026-08-23,mlb,props_k,Kyle Leahy Over 3.5 K,0.577,,,,,0,,W,historique-results.json,2026-08-23|mlb|props_k|Kyle Leahy Over 3.5 K|hist,2026-08-23,,St. Louis Cardinals @ Philadelphia Phillies,,Kyle Leahy,3.5,4,,,,,,,import results.json,2,,1,,,,,
2026-08-23,mlb,props_k,Nolan Mclean Over 6.5 K,0.538,,,,,0,,L,historique-results.json,2026-08-23|mlb|props_k|Nolan Mclean Over 6.5 K|hist,2026-08-23,,New York Mets @ Chicago White Sox,,Nolan Mclean,6.5,7,,,,,,,import results.json,2.15,,1,,,,,
2026-08-22,mlb,props_k,Lance McCullers Jr. Over 3.5 K,0.527,,,,,0,,VOID,historique-results.json,2026-08-22|mlb|props_k|Lance McCullers Jr. Over 3.5 K|hist,2026-08-22,,Athletics @ Houston Astros,,Lance McCullers Jr.,3.5,4,,,,,,,import results.json,,,1,,,,,
2026-08-22,mlb,props_k,Jared Jones Over 4.5 K,0.51,,,,,0,,W,historique-results.json,2026-08-22|mlb|props_k|Jared Jones Over 4.5 K|hist,2026-08-22,,Pittsburgh Pirates @ Los Angeles Dodgers,,Jared Jones,4.5,5,,,,,,,import results.json,,,1,,,,,
2026-08-22,mlb,props_k,Eury Pérez Over 5.5 K,0.604,,,,,0,,L,historique-results.json,2026-08-22|mlb|props_k|Eury Pérez Over 5.5 K|hist,2026-08-22,,Washington Nationals @ Miami Marlins,,Eury Pérez,5.5,6,,,,,,,import results.json,,,1,,,,,
2026-08-22,mlb,props_k,Dylan Cease Over 9.5 K,0.53,,,,,0,,L,historique-results.json,2026-08-22|mlb|props_k|Dylan Cease Over 9.5 K|hist,2026-08-22,,Toronto Blue Jays @ New York Yankees,,Dylan Cease,9.5,10,,,,,,,import results.json,,,1,,,,,
2026-08-22,mlb,props_k,Logan Henderson Over 5.5 K,0.616,,,,,0,,L,historique-results.json,2026-08-22|mlb|props_k|Logan Henderson Over 5.5 K|hist,2026-08-22,,Atlanta Braves @ Milwaukee Brewers,,Logan Henderson,5.5,6,,,,,,,import results.json,,,1,,,,,
2026-08-22,mlb,props_k,Ryan Weathers Over 3.5 K,0.527,,,,,0,,L,historique-results.json,2026-08-22|mlb|props_k|Ryan Weathers Over 3.5 K|hist,2026-08-22,,Toronto Blue Jays @ New York Yankees,,Ryan Weathers,3.5,4,,,,,,,import results.json,,,1,,,,,
2026-08-22,mlb,props_k,Logan Henderson Over 4.5 K,0.707,,,,,0,,L,historique-results.json,2026-08-22|mlb|props_k|Logan Henderson Over 4.5 K|hist,2026-08-22,,Atlanta Braves @ Milwaukee Brewers,,Logan Henderson,4.5,5,,,,,,,import results.json,1.8,,1,,,,,
2026-08-22,mlb,props_k,Quinn Mathews Over 2.5 K,0.684,,,,,0,,W,historique-results.json,2026-08-22|mlb|props_k|Quinn Mathews Over 2.5 K|hist,2026-08-22,,St. Louis Cardinals @ Philadelphia Phillies,,Quinn Mathews,2.5,3,,,,,,,import results.json,,,1,,,,,
2026-08-22,mlb,props_k,Hunter Brown Over 3.5 K,0.565,,,,,0,,W,historique-results.json,2026-08-22|mlb|props_k|Hunter Brown Over 3.5 K|hist,2026-08-22,,Athletics @ Houston Astros,,Hunter Brown,3.5,4,,,,,,,import results.json,,,1,,,,,
2026-08-22,mlb,props_k,Christian Scott Over 4.5 K,0.629,,,,,0,,W,historique-results.json,2026-08-22|mlb|props_k|Christian Scott Over 4.5 K|hist,2026-08-22,,New York Mets @ Chicago White Sox,,Christian Scott,4.5,5,,,,,,,import results.json,,,1,,,,,
2026-08-22,mlb,props_k,Jared Jones Over 3.5 K,0.659,,,,,0,,W,historique-results.json,2026-08-22|mlb|props_k|Jared Jones Over 3.5 K|hist,2026-08-22,,Pittsburgh Pirates @ Los Angeles Dodgers,,Jared Jones,3.5,4,,,,,,,import results.json,,,1,,,,,
2026-08-22,mlb,props_k,Michael Soroka Over 5.5 K,0.535,,,,,0,,L,historique-results.json,2026-08-22|mlb|props_k|Michael Soroka Over 5.5 K|hist,2026-08-22,,Cincinnati Reds @ Arizona Diamondbacks,,Michael Soroka,5.5,6,,,,,,,import results.json,,,1,,,,,
2026-08-22,mlb,props_k,Christian Scott Over 5.5 K,0.56,,,,,0,,W,historique-results.json,2026-08-22|mlb|props_k|Christian Scott Over 5.5 K|hist,2026-08-22,,New York Mets @ Chicago White Sox,,Christian Scott,5.5,6,,,,,,,import results.json,,,1,,,,,
2026-08-21,mlb,props_k,Hunter Brown Over 3.5 K,0.549,,,,,0,,VOID,historique-results.json,2026-08-21|mlb|props_k|Hunter Brown Over 3.5 K|hist,2026-08-21,,Athletics @ Houston Astros,,Hunter Brown,3.5,4,,,,,,,import results.json,,,1,,,,,
2026-08-21,mlb,props_k,Lance McCullers Jr. Over 3.5 K,0.513,,,,,0,,VOID,historique-results.json,2026-08-21|mlb|props_k|Lance McCullers Jr. Over 3.5 K|hist,2026-08-21,,Athletics @ Houston Astros,,Lance McCullers Jr.,3.5,4,,,,,,,import results.json,,,1,,,,,
2026-08-21,mlb,props_k,Reid Detmers Over 6.5 K,0.596,,,,,0,,L,historique-results.json,2026-08-21|mlb|props_k|Reid Detmers Over 6.5 K|hist,2026-08-21,,Los Angeles Angels @ Texas Rangers,,Reid Detmers,6.5,7,,,,,,,import results.json,,,1,,,,,
2026-08-21,mlb,props_k,Noah Cameron Over 5.5 K,0.59,,,,,0,,L,historique-results.json,2026-08-21|mlb|props_k|Noah Cameron Over 5.5 K|hist,2026-08-21,,Detroit Tigers @ Kansas City Royals,,Noah Cameron,5.5,6,,,,,,,import results.json,1.95,,1,,,,,
2026-08-21,mlb,props_k,Jacob Misiorowski Over 7.5 K,0.582,,,,,0,,L,historique-results.json,2026-08-21|mlb|props_k|Jacob Misiorowski Over 7.5 K|hist,2026-08-21,,Atlanta Braves @ Milwaukee Brewers,,Jacob Misiorowski,7.5,8,,,,,,,import results.json,,,1,,,,,
2026-08-21,mlb,props_k,Chris Sale Over 7.5 K,0.517,,,,,0,,L,historique-results.json,2026-08-21|mlb|props_k|Chris Sale Over 7.5 K|hist,2026-08-21,,Atlanta Braves @ Milwaukee Brewers,,Chris Sale,7.5,8,,,,,,,import results.json,,,1,,,,,
2026-08-21,mlb,props_k,Logan Webb Over 3.5 K,0.637,,,,,0,,L,historique-results.json,2026-08-21|mlb|props_k|Logan Webb Over 3.5 K|hist,2026-08-21,,San Francisco Giants @ Boston Red Sox,,Logan Webb,3.5,4,,,,,,,import results.json,,,1,,,,,
2026-08-21,mlb,props_k,Trevor Rogers Over 3.5 K,0.527,,,,,0,,W,historique-results.json,2026-08-21|mlb|props_k|Trevor Rogers Over 3.5 K|hist,2026-08-21,,Tampa Bay Rays @ Baltimore Orioles,,Trevor Rogers,3.5,4,,,,,,,import results.json,,,1,,,,,
2026-08-21,mlb,props_k,Sean Manaea Over 5.5 K,0.592,,,,,0,,L,historique-results.json,2026-08-21|mlb|props_k|Sean Manaea Over 5.5 K|hist,2026-08-21,,New York Mets @ Chicago White Sox,,Sean Manaea,5.5,6,,,,,,,import results.json,,,1,,,,,
2026-08-21,mlb,props_k,Yoshinobu Yamamoto Over 5.5 K,0.612,,,,,0,,W,historique-results.json,2026-08-21|mlb|props_k|Yoshinobu Yamamoto Over 5.5 K|hist,2026-08-21,,Pittsburgh Pirates @ Los Angeles Dodgers,,Yoshinobu Yamamoto,5.5,6,,,,,,,import results.json,,,1,,,,,
2026-08-21,mlb,props_k,Jacob Misiorowski Over 6.5 K,0.585,,,,,0,,L,historique-results.json,2026-08-21|mlb|props_k|Jacob Misiorowski Over 6.5 K|hist,2026-08-21,,Atlanta Braves @ Milwaukee Brewers,,Jacob Misiorowski,6.5,7,,,,,,,import results.json,,,1,,,,,
2026-08-21,mlb,props_k,Chris Sale Over 6.5 K,0.594,,,,,0,,L,historique-results.json,2026-08-21|mlb|props_k|Chris Sale Over 6.5 K|hist,2026-08-21,,Atlanta Braves @ Milwaukee Brewers,,Chris Sale,6.5,7,,,,,,,import results.json,,,1,,,,,
2026-08-21,mlb,props_k,Hunter Dobbins Over 3.5 K,0.505,,,,,0,,L,historique-results.json,2026-08-21|mlb|props_k|Hunter Dobbins Over 3.5 K|hist,2026-08-21,,St. Louis Cardinals @ Philadelphia Phillies,,Hunter Dobbins,3.5,4,,,,,,,import results.json,,,1,,,,,
2026-08-21,mlb,props_k,Trevor Rogers Over 2.5 K,0.694,,,,,0,,W,historique-results.json,2026-08-21|mlb|props_k|Trevor Rogers Over 2.5 K|hist,2026-08-21,,Tampa Bay Rays @ Baltimore Orioles,,Trevor Rogers,2.5,3,,,,,,,import results.json,,,1,,,,,
2026-08-21,mlb,props_k,Sean Burke Over 5.5 K,0.599,,,,,0,,L,historique-results.json,2026-08-21|mlb|props_k|Sean Burke Over 5.5 K|hist,2026-08-21,,New York Mets @ Chicago White Sox,,Sean Burke,5.5,6,,,,,,,import results.json,,,1,,,,,
2026-08-21,mlb,props_k,Lance McCullers Jr. Over 2.5 K,0.69,,,,,0,,VOID,historique-results.json,2026-08-21|mlb|props_k|Lance McCullers Jr. Over 2.5 K|hist,2026-08-21,,Athletics @ Houston Astros,,Lance McCullers Jr.,2.5,3,,,,,,,import results.json,,,1,,,,,
2026-08-21,mlb,props_k,Noah Cameron Over 3.5 K,0.765,,,,,0,,L,historique-results.json,2026-08-21|mlb|props_k|Noah Cameron Over 3.5 K|hist,2026-08-21,,Detroit Tigers @ Kansas City Royals,,Noah Cameron,3.5,4,,,,,,,import results.json,1.65,,1,,,,,
2026-08-21,mlb,props_k,Reid Detmers Over 5.5 K,0.688,,,,,0,,L,historique-results.json,2026-08-21|mlb|props_k|Reid Detmers Over 5.5 K|hist,2026-08-21,,Los Angeles Angels @ Texas Rangers,,Reid Detmers,5.5,6,,,,,,,import results.json,1.83,,1,,,,,
2026-08-21,mlb,props_k,Joey Cantillo Over 5.5 K,0.516,,,,,0,,L,historique-results.json,2026-08-21|mlb|props_k|Joey Cantillo Over 5.5 K|hist,2026-08-21,,Cleveland Guardians @ Colorado Rockies,,Joey Cantillo,5.5,6,,,,,,,import results.json,,,1,,,,,
2026-08-21,mlb,props_k,Sean Manaea Over 4.5 K,0.629,,,,,0,,L,historique-results.json,2026-08-21|mlb|props_k|Sean Manaea Over 4.5 K|hist,2026-08-21,,New York Mets @ Chicago White Sox,,Sean Manaea,4.5,5,,,,,,,import results.json,,,1,,,,,
2026-08-21,mlb,props_k,Emerson Hancock Over 4.5 K,0.615,,,,,0,,W,historique-results.json,2026-08-21|mlb|props_k|Emerson Hancock Over 4.5 K|hist,2026-08-21,,Chicago Cubs @ Seattle Mariners,,Emerson Hancock,4.5,5,,,,,,,import results.json,,,1,,,,,
2026-08-21,mlb,props_k,Bubba Chandler Over 3.5 K,0.614,,,,,0,,W,historique-results.json,2026-08-21|mlb|props_k|Bubba Chandler Over 3.5 K|hist,2026-08-21,,Pittsburgh Pirates @ Los Angeles Dodgers,,Bubba Chandler,3.5,4,,,,,,,import results.json,,,1,,,,,
2026-08-20,mlb,props_k,Peter Lambert Over 5.5 K,0.627,,,,,0,,L,historique-results.json,2026-08-20|mlb|props_k|Peter Lambert Over 5.5 K|hist,2026-08-20,,Los Angeles Angels @ Houston Astros,,Peter Lambert,5.5,6,,,,,,,import results.json,1.84,,1,,,,,
2026-08-20,mlb,props_k,Ian Seymour Over 4.5 K,0.605,,,,,0,,W,historique-results.json,2026-08-20|mlb|props_k|Ian Seymour Over 4.5 K|hist,2026-08-20,,Toronto Blue Jays @ Tampa Bay Rays,,Ian Seymour,4.5,5,,,,,,,import results.json,,,1,,,,,
2026-08-20,mlb,props_k,Landen Roupp Over 2.5 K,0.681,,,,,0,,L,historique-results.json,2026-08-20|mlb|props_k|Landen Roupp Over 2.5 K|hist,2026-08-20,,San Francisco Giants @ Cleveland Guardians,,Landen Roupp,2.5,3,,,,,,,import results.json,,,1,,,,,
2026-08-20,mlb,props_k,Gavin Williams Over 7.5 K,0.583,,,,,0,,W,historique-results.json,2026-08-20|mlb|props_k|Gavin Williams Over 7.5 K|hist,2026-08-20,,San Francisco Giants @ Cleveland Guardians,,Gavin Williams,7.5,8,,,,,,,import results.json,,,1,,,,,
2026-08-20,mlb,props_k,Gerrit Cole Over 6.5 K,0.518,,,,,0,,W,historique-results.json,2026-08-20|mlb|props_k|Gerrit Cole Over 6.5 K|hist,2026-08-20,,New York Yankees @ Baltimore Orioles,,Gerrit Cole,6.5,7,,,,,,,import results.json,,,1,,,,,
2026-08-19,mlb,props_k,Aaron Nola Over 5.5 K,0.526,,,,,0,,W,historique-results.json,2026-08-19|mlb|props_k|Aaron Nola Over 5.5 K|hist,2026-08-19,,Miami Marlins @ Philadelphia Phillies,,Aaron Nola,5.5,6,,,,,,,import results.json,,,1,,,,,
2026-08-19,mlb,props_k,Sandy Alcantara Over 3.5 K,0.598,,,,,0,,L,historique-results.json,2026-08-19|mlb|props_k|Sandy Alcantara Over 3.5 K|hist,2026-08-19,,Miami Marlins @ Philadelphia Phillies,,Sandy Alcantara,3.5,4,,,,,,,import results.json,,,1,,,,,
2026-08-19,mlb,props_k,Parker Messick Over 4.5 K,0.631,,,,,0,,W,historique-results.json,2026-08-19|mlb|props_k|Parker Messick Over 4.5 K|hist,2026-08-19,,San Francisco Giants @ Cleveland Guardians,,Parker Messick,4.5,5,,,,,,,import results.json,,,1,,,,,
2026-08-19,mlb,props_k,Cade Cavalli Over 5.5 K,0.704,,,,,0,,W,historique-results.json,2026-08-19|mlb|props_k|Cade Cavalli Over 5.5 K|hist,2026-08-19,,Washington Nationals @ Texas Rangers,,Cade Cavalli,5.5,6,,,,,,,import results.json,1.72,,1,,,,,
2026-08-19,mlb,props_k,Walbert Ureña Over 3.5 K,0.633,,,,,0,,W,historique-results.json,2026-08-19|mlb|props_k|Walbert Ureña Over 3.5 K|hist,2026-08-19,,Los Angeles Angels @ Houston Astros,,Walbert Ureña,3.5,4,,,,,,,import results.json,,,1,,,,,
2026-08-19,mlb,props_k,Drew Rasmussen Over 5.5 K,0.571,,,,,0,,L,historique-results.json,2026-08-19|mlb|props_k|Drew Rasmussen Over 5.5 K|hist,2026-08-19,,Toronto Blue Jays @ Tampa Bay Rays,,Drew Rasmussen,5.5,6,,,,,,,import results.json,2.28,,1,,,,,
2026-08-19,mlb,props_k,Paul Skenes Over 5.5 K,0.502,,,,,0,,L,historique-results.json,2026-08-19|mlb|props_k|Paul Skenes Over 5.5 K|hist,2026-08-19,,Detroit Tigers @ Pittsburgh Pirates,,Paul Skenes,5.5,6,,,,,,,import results.json,,,1,,,,,
2026-08-19,mlb,props_k,Paul Skenes Over 4.5 K,0.618,,,,,0,,W,historique-results.json,2026-08-19|mlb|props_k|Paul Skenes Over 4.5 K|hist,2026-08-19,,Detroit Tigers @ Pittsburgh Pirates,,Paul Skenes,4.5,5,,,,,,,import results.json,,,1,,,,,
2026-08-19,mlb,props_k,Clay Holmes Over 4.5 K,0.555,,,,,0,,L,historique-results.json,2026-08-19|mlb|props_k|Clay Holmes Over 4.5 K|hist,2026-08-19,,Chicago White Sox @ Chicago Cubs,,Clay Holmes,4.5,5,,,,,,,import results.json,2.3,,1,,,,,
2026-08-19,mlb,props_k,Payton Tolle Over 5.5 K,0.526,,,,,0,,W,historique-results.json,2026-08-19|mlb|props_k|Payton Tolle Over 5.5 K|hist,2026-08-19,,Arizona Diamondbacks @ Boston Red Sox,,Payton Tolle,5.5,6,,,,,,,import results.json,,,1,,,,,
2026-08-19,mlb,props_k,Logan Gilbert Over 5.5 K,0.588,,,,,0,,L,historique-results.json,2026-08-19|mlb|props_k|Logan Gilbert Over 5.5 K|hist,2026-08-19,,Seattle Mariners @ Milwaukee Brewers,,Logan Gilbert,5.5,6,,,,,,,import results.json,,,1,,,,,
2026-08-19,mlb,props_k,Cade Cavalli Over 6.5 K,0.622,,,,,0,,W,historique-results.json,2026-08-19|mlb|props_k|Cade Cavalli Over 6.5 K|hist,2026-08-19,,Washington Nationals @ Texas Rangers,,Cade Cavalli,6.5,7,,,,,,,import results.json,2.17,,1,,,,,
2026-08-19,mlb,props_k,Payton Tolle Over 4.5 K,0.636,,,,,0,,W,historique-results.json,2026-08-19|mlb|props_k|Payton Tolle Over 4.5 K|hist,2026-08-19,,Arizona Diamondbacks @ Boston Red Sox,,Payton Tolle,4.5,5,,,,,,,import results.json,,,1,,,,,
2026-08-19,mlb,props_k,Aaron Nola Over 4.5 K,0.616,,,,,0,,W,historique-results.json,2026-08-19|mlb|props_k|Aaron Nola Over 4.5 K|hist,2026-08-19,,Miami Marlins @ Philadelphia Phillies,,Aaron Nola,4.5,5,,,,,,,import results.json,,,1,,,,,
2026-08-19,mlb,props_k,Chase Burns Over 5.5 K,0.57,,,,,0,,W,historique-results.json,2026-08-19|mlb|props_k|Chase Burns Over 5.5 K|hist,2026-08-19,,St. Louis Cardinals @ Cincinnati Reds,,Chase Burns,5.5,6,,,,,,,import results.json,,,1,,,,,
2026-08-19,mlb,props_k,Parker Messick Over 5.5 K,0.62,,,,,0,,W,historique-results.json,2026-08-19|mlb|props_k|Parker Messick Over 5.5 K|hist,2026-08-19,,San Francisco Giants @ Cleveland Guardians,,Parker Messick,5.5,6,,,,,,,import results.json,,,1,,,,,
2026-08-19,mlb,props_k,Matthew Liberatore Over 6.5 K,0.572,,,,,0,,W,historique-results.json,2026-08-19|mlb|props_k|Matthew Liberatore Over 6.5 K|hist,2026-08-19,,St. Louis Cardinals @ Cincinnati Reds,,Matthew Liberatore,6.5,7,,,,,,,import results.json,,,1,,,,,
2026-08-19,mlb,props_k,Dustin May Over 4.5 K,0.606,,,,,0,,L,historique-results.json,2026-08-19|mlb|props_k|Dustin May Over 4.5 K|hist,2026-08-19,,Seattle Mariners @ Milwaukee Brewers,,Dustin May,4.5,5,,,,,,,import results.json,,,1,,,,,
2026-08-19,mlb,props_k,Kumar Rocker Over 4.5 K,0.549,,,,,0,,L,historique-results.json,2026-08-19|mlb|props_k|Kumar Rocker Over 4.5 K|hist,2026-08-19,,Washington Nationals @ Texas Rangers,,Kumar Rocker,4.5,5,,,,,,,import results.json,,,1,,,,,
2026-08-19,mlb,props_k,Walbert Ureña Over 4.5 K,0.527,,,,,0,,W,historique-results.json,2026-08-19|mlb|props_k|Walbert Ureña Over 4.5 K|hist,2026-08-19,,Los Angeles Angels @ Houston Astros,,Walbert Ureña,4.5,5,,,,,,,import results.json,,,1,,,,,
2026-08-19,mlb,props_k,Roki Sasaki Over 4.5 K,0.563,,,,,0,,W,historique-results.json,2026-08-19|mlb|props_k|Roki Sasaki Over 4.5 K|hist,2026-08-19,,Los Angeles Dodgers @ Colorado Rockies,,Roki Sasaki,4.5,5,,,,,,,import results.json,,,1,,,,,
2026-08-18,mlb,props_k,Zack Wheeler Over 5.5 K,0.608,,,,,0,,W,historique-results.json,2026-08-18|mlb|props_k|Zack Wheeler Over 5.5 K|hist,2026-08-18,,Miami Marlins @ Philadelphia Phillies,,Zack Wheeler,5.5,6,,,,,,,import results.json,,,1,,,,,
2026-08-18,mlb,props_k,Kyle Leahy Over 5.5 K,0.549,,,,,0,,W,historique-results.json,2026-08-18|mlb|props_k|Kyle Leahy Over 5.5 K|hist,2026-08-18,,St. Louis Cardinals @ Cincinnati Reds,,Kyle Leahy,5.5,6,,,,,,,import results.json,2.13,,1,,,,,
2026-08-18,mlb,props_k,Tyler Mahle Over 4.5 K,0.676,,,,,0,,L,historique-results.json,2026-08-18|mlb|props_k|Tyler Mahle Over 4.5 K|hist,2026-08-18,,Atlanta Braves @ Minnesota Twins,,Tyler Mahle,4.5,5,,,,,,,import results.json,1.83,,1,,,,,
2026-08-18,mlb,props_k,Zebby Matthews Over 4.5 K,0.526,,,,,0,,L,historique-results.json,2026-08-18|mlb|props_k|Zebby Matthews Over 4.5 K|hist,2026-08-18,,Atlanta Braves @ Minnesota Twins,,Zebby Matthews,4.5,5,,,,,,,import results.json,,,1,,,,,
2026-08-18,mlb,props_k,Carlos Rodón Over 5.5 K,0.522,,,,,0,,L,historique-results.json,2026-08-18|mlb|props_k|Carlos Rodón Over 5.5 K|hist,2026-08-18,,New York Yankees @ Baltimore Orioles,,Carlos Rodón,5.5,6,,,,,,,import results.json,,,1,,,,,
2026-08-18,mlb,props_k,Braxton Ashcraft Over 4.5 K,0.554,,,,,0,,L,historique-results.json,2026-08-18|mlb|props_k|Braxton Ashcraft Over 4.5 K|hist,2026-08-18,,Detroit Tigers @ Pittsburgh Pirates,,Braxton Ashcraft,4.5,5,,,,,,,import results.json,,,1,,,,,
2026-08-18,mlb,props_k,Kyle Harrison Over 6.5 K,0.583,,,,,0,,W,historique-results.json,2026-08-18|mlb|props_k|Kyle Harrison Over 6.5 K|hist,2026-08-18,,Seattle Mariners @ Milwaukee Brewers,,Kyle Harrison,6.5,7,,,,,,,import results.json,,,1,,,,,
2026-08-17,mlb,props_k,Cristopher Sánchez Over 6.5 K,0.503,,,,,0,,L,historique-results.json,2026-08-17|mlb|props_k|Cristopher Sánchez Over 6.5 K|hist,2026-08-17,,Miami Marlins @ Philadelphia Phillies,,Cristopher Sánchez,6.5,7,,,,,,,import results.json,,,1,,,,,
2026-08-17,mlb,props_k,Nolan Mclean Over 5.5 K,0.508,,,,,0,,L,historique-results.json,2026-08-17|mlb|props_k|Nolan Mclean Over 5.5 K|hist,2026-08-17,,San Diego Padres @ New York Mets,,Nolan Mclean,5.5,6,,,,,,,import results.json,,,1,,,,,
2026-08-17,mlb,props_k,Framber Valdez Over 4.5 K,0.515,,,,,0,,W,historique-results.json,2026-08-17|mlb|props_k|Framber Valdez Over 4.5 K|hist,2026-08-17,,Detroit Tigers @ Pittsburgh Pirates,,Framber Valdez,4.5,5,,,,,,,import results.json,,,1,,,,,
2026-08-17,mlb,props_k,Shota Imanaga Over 5.5 K,0.563,,,,,0,,W,historique-results.json,2026-08-17|mlb|props_k|Shota Imanaga Over 5.5 K|hist,2026-08-17,,Chicago White Sox @ Chicago Cubs,,Shota Imanaga,5.5,6,,,,,,,import results.json,,,1,,,,,
2026-08-16,mlb,props_k,Eury Pérez Over 7.5 K,0.507,,,,,0,,L,historique-results.json,2026-08-16|mlb|props_k|Eury Pérez Over 7.5 K|hist,2026-08-16,,Miami Marlins @ Cincinnati Reds,,Eury Pérez,7.5,8,,,,,,,import results.json,,,1,,,,,
2026-08-16,mlb,props_k,Kumar Rocker Over 4.5 K,0.545,,,,,0,,VOID,historique-results.json,2026-08-16|mlb|props_k|Kumar Rocker Over 4.5 K|hist,2026-08-16,,Texas Rangers @ Athletics,,Kumar Rocker,4.5,5,,,,,,,import results.json,,,1,,,,,
2026-08-16,mlb,props_k,Logan Henderson Over 5.5 K,0.559,,,,,0,,W,historique-results.json,2026-08-16|mlb|props_k|Logan Henderson Over 5.5 K|hist,2026-08-16,,Milwaukee Brewers @ Los Angeles Dodgers,,Logan Henderson,5.5,6,,,,,,,import results.json,2.19,,1,,,,,
2026-08-16,mlb,props_k,Hunter Brown Over 4.5 K,0.573,,,,,0,,W,historique-results.json,2026-08-16|mlb|props_k|Hunter Brown Over 4.5 K|hist,2026-08-16,,Seattle Mariners @ Houston Astros,,Hunter Brown,4.5,5,,,,,,,import results.json,,,1,,,,,
2026-08-16,mlb,props_k,Bryan Woo Over 3.5 K,0.618,,,,,0,,W,historique-results.json,2026-08-16|mlb|props_k|Bryan Woo Over 3.5 K|hist,2026-08-16,,Seattle Mariners @ Houston Astros,,Bryan Woo,3.5,4,,,,,,,import results.json,,,1,,,,,
2026-08-16,mlb,props_k,Michael Soroka Over 4.5 K,0.577,,,,,0,,W,historique-results.json,2026-08-16|mlb|props_k|Michael Soroka Over 4.5 K|hist,2026-08-16,,Arizona Diamondbacks @ Atlanta Braves,,Michael Soroka,4.5,5,,,,,,,import results.json,2.03,,1,,,,,
2026-08-16,mlb,props_k,Gabriel Hughes Over 4.5 K,0.545,,,,,0,,L,historique-results.json,2026-08-16|mlb|props_k|Gabriel Hughes Over 4.5 K|hist,2026-08-16,,Colorado Rockies @ San Francisco Giants,,Gabriel Hughes,4.5,5,,,,,,,import results.json,,,1,,,,,
2026-08-16,mlb,props_k,Noah Cameron Over 5.5 K,0.669,,,,,0,,W,historique-results.json,2026-08-16|mlb|props_k|Noah Cameron Over 5.5 K|hist,2026-08-16,,Kansas City Royals @ Los Angeles Angels,,Noah Cameron,5.5,6,,,,,,,import results.json,1.79,,1,,,,,
2026-08-16,mlb,props_k,Dylan Cease Over 7.5 K,0.641,,,,,0,,W,historique-results.json,2026-08-16|mlb|props_k|Dylan Cease Over 7.5 K|hist,2026-08-16,,New York Yankees @ Toronto Blue Jays,,Dylan Cease,7.5,8,,,,,,,import results.json,1.8,,1,,,,,
2026-08-16,mlb,props_k,Ryan Weathers Over 3.5 K,0.643,,,,,0,,W,historique-results.json,2026-08-16|mlb|props_k|Ryan Weathers Over 3.5 K|hist,2026-08-16,,New York Yankees @ Toronto Blue Jays,,Ryan Weathers,3.5,4,,,,,,,import results.json,,,1,,,,,
2026-08-16,mlb,props_k,Eury Pérez Over 6.5 K,0.591,,,,,0,,L,historique-results.json,2026-08-16|mlb|props_k|Eury Pérez Over 6.5 K|hist,2026-08-16,,Miami Marlins @ Cincinnati Reds,,Eury Pérez,6.5,7,,,,,,,import results.json,,,1,,,,,
2026-08-16,mlb,props_k,Christian Scott Over 5.5 K,0.561,,,,,0,,W,historique-results.json,2026-08-16|mlb|props_k|Christian Scott Over 5.5 K|hist,2026-08-16,,Washington Nationals @ New York Mets,,Christian Scott,5.5,6,,,,,,,import results.json,,,1,,,,,
2026-08-16,mlb,props_k,Noah Cameron Over 6.5 K,0.568,,,,,0,,W,historique-results.json,2026-08-16|mlb|props_k|Noah Cameron Over 6.5 K|hist,2026-08-16,,Kansas City Royals @ Los Angeles Angels,,Noah Cameron,6.5,7,,,,,,,import results.json,2.15,,1,,,,,
2026-08-16,mlb,props_k,Trevor Rogers Over 3.5 K,0.517,,,,,0,,W,historique-results.json,2026-08-16|mlb|props_k|Trevor Rogers Over 3.5 K|hist,2026-08-16,,Baltimore Orioles @ Tampa Bay Rays,,Trevor Rogers,3.5,4,,,,,,,import results.json,,,1,,,,,
2026-08-16,mlb,props_k,Dylan Cease Over 9.5 K,0.507,,,,,0,,W,historique-results.json,2026-08-16|mlb|props_k|Dylan Cease Over 9.5 K|hist,2026-08-16,,New York Yankees @ Toronto Blue Jays,,Dylan Cease,9.5,10,,,,,,,import results.json,,,1,,,,,
2026-08-16,mlb,props_k,Logan Henderson Over 4.5 K,0.637,,,,,0,,W,historique-results.json,2026-08-16|mlb|props_k|Logan Henderson Over 4.5 K|hist,2026-08-16,,Milwaukee Brewers @ Los Angeles Dodgers,,Logan Henderson,4.5,5,,,,,,,import results.json,,,1,,,,,
2026-08-16,mlb,props_k,Tanner Bibee Over 2.5 K,0.713,,,,,0,,W,historique-results.json,2026-08-16|mlb|props_k|Tanner Bibee Over 2.5 K|hist,2026-08-16,,San Diego Padres @ Cleveland Guardians,,Tanner Bibee,2.5,3,,,,,,,import results.json,1.65,,1,,,,,
2026-08-15,mlb,props_k,Sean Manaea Over 5.5 K,0.574,,,,,0,,W,historique-results.json,2026-08-15|mlb|props_k|Sean Manaea Over 5.5 K|hist,2026-08-15,,Washington Nationals @ New York Mets,,Sean Manaea,5.5,6,,,,,,,import results.json,,,1,,,,,
2026-08-15,mlb,props_k,Jacob Misiorowski Over 7.5 K,0.55,,,,,0,,L,historique-results.json,2026-08-15|mlb|props_k|Jacob Misiorowski Over 7.5 K|hist,2026-08-15,,Milwaukee Brewers @ Los Angeles Dodgers,,Jacob Misiorowski,7.5,8,,,,,,,import results.json,,,1,,,,,
2026-08-15,mlb,props_k,Reid Detmers Over 4.5 K,0.569,,,,,0,,W,historique-results.json,2026-08-15|mlb|props_k|Reid Detmers Over 4.5 K|hist,2026-08-15,,Kansas City Royals @ Los Angeles Angels,,Reid Detmers,4.5,5,,,,,,,import results.json,,,1,,,,,
2026-08-15,mlb,props_k,Kumar Rocker Over 4.5 K,0.558,,,,,0,,VOID,historique-results.json,2026-08-15|mlb|props_k|Kumar Rocker Over 4.5 K|hist,2026-08-15,,Texas Rangers @ Athletics,,Kumar Rocker,4.5,5,,,,,,,import results.json,,,1,,,,,
2026-08-15,mlb,props_k,Cam Schlittler Over 6.5 K,0.56,,,,,0,,W,historique-results.json,2026-08-15|mlb|props_k|Cam Schlittler Over 6.5 K|hist,2026-08-15,,New York Yankees @ Toronto Blue Jays,,Cam Schlittler,6.5,7,,,,,,,import results.json,2.13,,1,,,,,
2026-08-15,mlb,props_k,Troy Melton Over 4.5 K,0.615,,,,,0,,L,historique-results.json,2026-08-15|mlb|props_k|Troy Melton Over 4.5 K|hist,2026-08-15,,Chicago White Sox @ Detroit Tigers,,Troy Melton,4.5,5,,,,,,,import results.json,,,1,,,,,
2026-08-15,mlb,props_k,Logan Webb Over 4.5 K,0.545,,,,,0,,W,historique-results.json,2026-08-15|mlb|props_k|Logan Webb Over 4.5 K|hist,2026-08-15,,Colorado Rockies @ San Francisco Giants,,Logan Webb,4.5,5,,,,,,,import results.json,,,1,,,,,
2026-08-15,mlb,props_k,Ian Seymour Over 5.5 K,0.588,,,,,0,,W,historique-results.json,2026-08-15|mlb|props_k|Ian Seymour Over 5.5 K|hist,2026-08-15,,Baltimore Orioles @ Tampa Bay Rays,,Ian Seymour,5.5,6,,,,,,,import results.json,,,1,,,,,
2026-08-15,mlb,props_k,Connor Prielipp Over 3.5 K,0.625,,,,,0,,W,historique-results.json,2026-08-15|mlb|props_k|Connor Prielipp Over 3.5 K|hist,2026-08-15,,Philadelphia Phillies @ Minnesota Twins,,Connor Prielipp,3.5,4,,,,,,,import results.json,,,1,,,,,
2026-08-15,mlb,props_k,Jared Jones Over 3.5 K,0.648,,,,,0,,W,historique-results.json,2026-08-15|mlb|props_k|Jared Jones Over 3.5 K|hist,2026-08-15,,Boston Red Sox @ Pittsburgh Pirates,,Jared Jones,3.5,4,,,,,,,import results.json,,,1,,,,,
2026-08-15,mlb,props_k,Reid Detmers Over 5.5 K,0.592,,,,,0,,W,historique-results.json,2026-08-15|mlb|props_k|Reid Detmers Over 5.5 K|hist,2026-08-15,,Kansas City Royals @ Los Angeles Angels,,Reid Detmers,5.5,6,,,,,,,import results.json,,,1,,,,,
2026-08-14,mlb,props_k,Matthew Liberatore Over 4.5 K,0.594,,,,,0,,W,historique-results.json,2026-08-14|mlb|props_k|Matthew Liberatore Over 4.5 K|hist,2026-08-14,,St. Louis Cardinals @ Chicago Cubs,,Matthew Liberatore,4.5,5,,,,,,,import results.json,2.17,,1,,,,,
2026-08-14,mlb,props_k,Sandy Alcantara Over 5.5 K,0.608,,,,,0,,L,historique-results.json,2026-08-14|mlb|props_k|Sandy Alcantara Over 5.5 K|hist,2026-08-14,,Miami Marlins @ Cincinnati Reds,,Sandy Alcantara,5.5,6,,,,,,,import results.json,1.91,,1,,,,,
2026-08-14,mlb,props_k,Gerrit Cole Over 5.5 K,0.56,,,,,0,,L,historique-results.json,2026-08-14|mlb|props_k|Gerrit Cole Over 5.5 K|hist,2026-08-14,,New York Yankees @ Toronto Blue Jays,,Gerrit Cole,5.5,6,,,,,,,import results.json,2.23,,1,,,,,
2026-08-14,mlb,props_k,Yoshinobu Yamamoto Over 5.5 K,0.597,,,,,0,,W,historique-results.json,2026-08-14|mlb|props_k|Yoshinobu Yamamoto Over 5.5 K|hist,2026-08-14,,Milwaukee Brewers @ Los Angeles Dodgers,,Yoshinobu Yamamoto,5.5,6,,,,,,,import results.json,,,1,,,,,
2026-08-14,mlb,props_k,Kumar Rocker Over 4.5 K,0.555,,,,,0,,L,historique-results.json,2026-08-14|mlb|props_k|Kumar Rocker Over 4.5 K|hist,2026-08-14,,Texas Rangers @ Athletics,,Kumar Rocker,4.5,5,,,,,,,import results.json,,,1,,,,,
2026-08-14,mlb,props_k,Clay Holmes Over 3.5 K,0.676,,,,,0,,L,historique-results.json,2026-08-14|mlb|props_k|Clay Holmes Over 3.5 K|hist,2026-08-14,,St. Louis Cardinals @ Chicago Cubs,,Clay Holmes,3.5,4,,,,,,,import results.json,1.71,,1,,,,,
2026-08-14,mlb,props_k,Peter Lambert Over 4.5 K,0.694,,,,,0,,W,historique-results.json,2026-08-14|mlb|props_k|Peter Lambert Over 4.5 K|hist,2026-08-14,,Seattle Mariners @ Houston Astros,,Peter Lambert,4.5,5,,,,,,,import results.json,1.67,,1,,,,,
2026-08-14,mlb,props_k,Chase Burns Over 4.5 K,0.593,,,,,0,,W,historique-results.json,2026-08-14|mlb|props_k|Chase Burns Over 4.5 K|hist,2026-08-14,,Miami Marlins @ Cincinnati Reds,,Chase Burns,4.5,5,,,,,,,import results.json,,,1,,,,,
2026-08-14,mlb,props_k,Gavin Williams Over 6.5 K,0.537,,,,,0,,L,historique-results.json,2026-08-14|mlb|props_k|Gavin Williams Over 6.5 K|hist,2026-08-14,,San Diego Padres @ Cleveland Guardians,,Gavin Williams,6.5,7,,,,,,,import results.json,,,1,,,,,
2026-08-14,mlb,props_k,Gavin Williams Over 5.5 K,0.577,,,,,0,,L,historique-results.json,2026-08-14|mlb|props_k|Gavin Williams Over 5.5 K|hist,2026-08-14,,San Diego Padres @ Cleveland Guardians,,Gavin Williams,5.5,6,,,,,,,import results.json,,,1,,,,,
2026-08-14,mlb,props_k,Chris Sale Over 5.5 K,0.577,,,,,0,,W,historique-results.json,2026-08-14|mlb|props_k|Chris Sale Over 5.5 K|hist,2026-08-14,,Arizona Diamondbacks @ Atlanta Braves,,Chris Sale,5.5,6,,,,,,,import results.json,,,1,,,,,
2026-08-14,mlb,props_k,Peter Lambert Over 5.5 K,0.608,,,,,0,,W,historique-results.json,2026-08-14|mlb|props_k|Peter Lambert Over 5.5 K|hist,2026-08-14,,Seattle Mariners @ Houston Astros,,Peter Lambert,5.5,6,,,,,,,import results.json,,,1,,,,,
2026-08-14,mlb,props_k,Michael King Over 3.5 K,0.546,,,,,0,,W,historique-results.json,2026-08-14|mlb|props_k|Michael King Over 3.5 K|hist,2026-08-14,,San Diego Padres @ Cleveland Guardians,,Michael King,3.5,4,,,,,,,import results.json,,,1,,,,,
2026-08-14,mlb,props_k,Yoshinobu Yamamoto Over 6.5 K,0.521,,,,,0,,W,historique-results.json,2026-08-14|mlb|props_k|Yoshinobu Yamamoto Over 6.5 K|hist,2026-08-14,,Milwaukee Brewers @ Los Angeles Dodgers,,Yoshinobu Yamamoto,6.5,7,,,,,,,import results.json,,,1,,,,,
2026-08-13,mlb,props_k,Payton Tolle Over 5.5 K,0.657,,,,,0,,L,historique-results.json,2026-08-13|mlb|props_k|Payton Tolle Over 5.5 K|hist,2026-08-13,,Boston Red Sox @ Toronto Blue Jays,,Payton Tolle,5.5,6,,,,,,,import results.json,1.93,,1,,,,,
2026-08-13,mlb,props_k,Cade Cavalli Over 5.5 K,0.603,,,,,0,,W,historique-results.json,2026-08-13|mlb|props_k|Cade Cavalli Over 5.5 K|hist,2026-08-13,,Chicago Cubs @ Washington Nationals,,Cade Cavalli,5.5,6,,,,,,,import results.json,2.05,,1,,,,,
2026-08-13,mlb,props_k,Walbert Ureña Over 4.5 K,0.615,,,,,0,,W,historique-results.json,2026-08-13|mlb|props_k|Walbert Ureña Over 4.5 K|hist,2026-08-13,,Texas Rangers @ Los Angeles Angels,,Walbert Ureña,4.5,5,,,,,,,import results.json,,,1,,,,,
2026-08-13,mlb,props_k,Jacob Degrom Over 6.5 K,0.572,,,,,0,,L,historique-results.json,2026-08-13|mlb|props_k|Jacob Degrom Over 6.5 K|hist,2026-08-13,,Texas Rangers @ Los Angeles Angels,,Jacob Degrom,6.5,7,,,,,,,import results.json,,,1,,,,,
2026-08-13,mlb,props_k,Keider Montero Over 2.5 K,0.745,,,,,0,,L,historique-results.json,2026-08-13|mlb|props_k|Keider Montero Over 2.5 K|hist,2026-08-13,,Cleveland Guardians @ Detroit Tigers,,Keider Montero,2.5,3,,,,,,,import results.json,1.58,,1,,,,,
2026-08-13,mlb,props_k,Parker Messick Over 4.5 K,0.579,,,,,0,,W,historique-results.json,2026-08-13|mlb|props_k|Parker Messick Over 4.5 K|hist,2026-08-13,,Cleveland Guardians @ Detroit Tigers,,Parker Messick,4.5,5,,,,,,,import results.json,,,1,,,,,
2026-08-13,mlb,props_k,Logan Gilbert Over 5.5 K,0.612,,,,,0,,W,historique-results.json,2026-08-13|mlb|props_k|Logan Gilbert Over 5.5 K|hist,2026-08-13,,Seattle Mariners @ New York Yankees,,Logan Gilbert,5.5,6,,,,,,,import results.json,,,1,,,,,
2026-08-13,mlb,props_k,Max Fried Over 3.5 K,0.641,,,,,0,,W,historique-results.json,2026-08-13|mlb|props_k|Max Fried Over 3.5 K|hist,2026-08-13,,Seattle Mariners @ New York Yankees,,Max Fried,3.5,4,,,,,,,import results.json,,,1,,,,,
2026-08-13,mlb,props_k,Max Fried Over 4.5 K,0.522,,,,,0,,L,historique-results.json,2026-08-13|mlb|props_k|Max Fried Over 4.5 K|hist,2026-08-13,,Seattle Mariners @ New York Yankees,,Max Fried,4.5,5,,,,,,,import results.json,,,1,,,,,
2026-08-13,mlb,props_k,Logan Gilbert Over 6.5 K,0.512,,,,,0,,W,historique-results.json,2026-08-13|mlb|props_k|Logan Gilbert Over 6.5 K|hist,2026-08-13,,Seattle Mariners @ New York Yankees,,Logan Gilbert,6.5,7,,,,,,,import results.json,,,1,,,,,
2026-08-13,mlb,props_k,Payton Tolle Over 1.5 K,0.832,,,,,0,,W,historique-results.json,2026-08-13|mlb|props_k|Payton Tolle Over 1.5 K|hist,2026-08-13,,Boston Red Sox @ Toronto Blue Jays,,Payton Tolle,1.5,2,,,,,,,import results.json,1.62,,1,,,,,
2026-08-12,mlb,props_k,Tyler Mahle Over 5.5 K,0.521,,,,,0,,W,historique-results.json,2026-08-12|mlb|props_k|Tyler Mahle Over 5.5 K|hist,2026-08-12,,New York Mets @ Atlanta Braves,,Tyler Mahle,5.5,6,,,,,,,import results.json,2.28,,1,,,,,
2026-08-12,mlb,props_k,Shane Baz Over 4.5 K,0.548,,,,,0,,L,historique-results.json,2026-08-12|mlb|props_k|Shane Baz Over 4.5 K|hist,2026-08-12,,Baltimore Orioles @ Minnesota Twins,,Shane Baz,4.5,5,,,,,,,import results.json,,,1,,,,,
2026-08-12,mlb,props_k,Zebby Matthews Over 4.5 K,0.573,,,,,0,,L,historique-results.json,2026-08-12|mlb|props_k|Zebby Matthews Over 4.5 K|hist,2026-08-12,,Baltimore Orioles @ Minnesota Twins,,Zebby Matthews,4.5,5,,,,,,,import results.json,,,1,,,,,
2026-08-12,mlb,props_k,Kyle Leahy Over 3.5 K,0.565,,,,,0,,W,historique-results.json,2026-08-12|mlb|props_k|Kyle Leahy Over 3.5 K|hist,2026-08-12,,Philadelphia Phillies @ St. Louis Cardinals,,Kyle Leahy,3.5,4,,,,,,,import results.json,,,1,,,,,
2026-08-12,mlb,props_k,Zack Wheeler Over 5.5 K,0.554,,,,,0,,L,historique-results.json,2026-08-12|mlb|props_k|Zack Wheeler Over 5.5 K|hist,2026-08-12,,Philadelphia Phillies @ St. Louis Cardinals,,Zack Wheeler,5.5,6,,,,,,,import results.json,,,1,,,,,
2026-08-12,mlb,props_k,Will Warren Over 3.5 K,0.641,,,,,0,,L,historique-results.json,2026-08-12|mlb|props_k|Will Warren Over 3.5 K|hist,2026-08-12,,Seattle Mariners @ New York Yankees,,Will Warren,3.5,4,,,,,,,import results.json,,,1,,,,,
2026-08-12,mlb,props_k,Tyler Mahle Over 3.5 K,0.75,,,,,0,,W,historique-results.json,2026-08-12|mlb|props_k|Tyler Mahle Over 3.5 K|hist,2026-08-12,,New York Mets @ Atlanta Braves,,Tyler Mahle,3.5,4,,,,,,,import results.json,1.65,,1,,,,,
2026-08-11,mlb,props_k,Eury Pérez Over 6.5 K,0.601,,,,,0,,W,historique-results.json,2026-08-11|mlb|props_k|Eury Pérez Over 6.5 K|hist,2026-08-11,,Pittsburgh Pirates @ Miami Marlins,,Eury Pérez,6.5,7,,,,,,,import results.json,,,1,,,,,
2026-08-11,mlb,props_k,Sean Burke Over 7.5 K,0.545,,,,,0,,W,historique-results.json,2026-08-11|mlb|props_k|Sean Burke Over 7.5 K|hist,2026-08-11,,Cincinnati Reds @ Chicago White Sox,,Sean Burke,7.5,8,,,,,,,import results.json,2.25,,1,,,,,
2026-08-11,mlb,props_k,Cristopher Sánchez Over 5.5 K,0.559,,,,,0,,W,historique-results.json,2026-08-11|mlb|props_k|Cristopher Sánchez Over 5.5 K|hist,2026-08-11,,Philadelphia Phillies @ St. Louis Cardinals,,Cristopher Sánchez,5.5,6,,,,,,,import results.json,,,1,,,,,
2026-08-11,mlb,props_k,Hunter Brown Over 4.5 K,0.615,,,,,0,,L,historique-results.json,2026-08-11|mlb|props_k|Hunter Brown Over 4.5 K|hist,2026-08-11,,Houston Astros @ San Francisco Giants,,Hunter Brown,4.5,5,,,,,,,import results.json,,,1,,,,,
2026-08-11,mlb,props_k,Kyle Harrison Over 5.5 K,0.657,,,,,0,,VOID,historique-results.json,2026-08-11|mlb|props_k|Kyle Harrison Over 5.5 K|hist,2026-08-11,,Milwaukee Brewers @ San Diego Padres,,Kyle Harrison,5.5,6,,,,,,,import results.json,2.01,,1,,,,,
2026-08-11,mlb,props_k,Cody Bradford Over 5.5 K,0.605,,,,,0,,VOID,historique-results.json,2026-08-11|mlb|props_k|Cody Bradford Over 5.5 K|hist,2026-08-11,,Texas Rangers @ Los Angeles Angels,,Cody Bradford,5.5,6,,,,,,,import results.json,2.23,,1,,,,,
2026-08-11,mlb,props_k,Paul Skenes Over 5.5 K,0.561,,,,,0,,VOID,historique-results.json,2026-08-11|mlb|props_k|Paul Skenes Over 5.5 K|hist,2026-08-11,,Pittsburgh Pirates @ Miami Marlins,,Paul Skenes,5.5,6,,,,,,,import results.json,,,1,,,,,
2026-08-11,mlb,props_k,Bryan Woo Over 5.5 K,0.589,,,,,0,,VOID,historique-results.json,2026-08-11|mlb|props_k|Bryan Woo Over 5.5 K|hist,2026-08-11,,Seattle Mariners @ New York Yankees,,Bryan Woo,5.5,6,,,,,,,import results.json,,,1,,,,,
2026-08-11,mlb,props_k,Nolan Mclean Over 5.5 K,0.629,,,,,0,,VOID,historique-results.json,2026-08-11|mlb|props_k|Nolan Mclean Over 5.5 K|hist,2026-08-11,,New York Mets @ Atlanta Braves,,Nolan Mclean,5.5,6,,,,,,,import results.json,1.95,,1,,,,,
2026-08-11,mlb,props_k,Tanner Bibee Over 3.5 K,0.587,,,,,0,,VOID,historique-results.json,2026-08-11|mlb|props_k|Tanner Bibee Over 3.5 K|hist,2026-08-11,,Cleveland Guardians @ Detroit Tigers,,Tanner Bibee,3.5,4,,,,,,,import results.json,,,1,,,,,
2026-08-11,mlb,props_k,Shota Imanaga Over 4.5 K,0.558,,,,,0,,VOID,historique-results.json,2026-08-11|mlb|props_k|Shota Imanaga Over 4.5 K|hist,2026-08-11,,Chicago Cubs @ Washington Nationals,,Shota Imanaga,4.5,5,,,,,,,import results.json,,,1,,,,,
2026-08-11,mlb,props_k,Dylan Cease Over 6.5 K,0.549,,,,,0,,VOID,historique-results.json,2026-08-11|mlb|props_k|Dylan Cease Over 6.5 K|hist,2026-08-11,,Boston Red Sox @ Toronto Blue Jays,,Dylan Cease,6.5,7,,,,,,,import results.json,,,1,,,,,
2026-08-11,mlb,props_k,Logan Webb Over 3.5 K,0.563,,,,,0,,VOID,historique-results.json,2026-08-11|mlb|props_k|Logan Webb Over 3.5 K|hist,2026-08-11,,Houston Astros @ San Francisco Giants,,Logan Webb,3.5,4,,,,,,,import results.json,,,1,,,,,
2026-08-11,mlb,props_k,Lance McCullers Jr. Over 4.5 K,0.526,,,,,0,,VOID,historique-results.json,2026-08-11|mlb|props_k|Lance McCullers Jr. Over 4.5 K|hist,2026-08-11,,Houston Astros @ San Francisco Giants,,Lance McCullers Jr.,4.5,5,,,,,,,import results.json,,,1,,,,,
2026-08-10,mlb,props_k,Noah Cameron Over 4.5 K,0.68,,,,,0,,L,historique-results.json,2026-08-10|mlb|props_k|Noah Cameron Over 4.5 K|hist,2026-08-10,,Kansas City Royals @ Los Angeles Dodgers,,Noah Cameron,4.5,5,,,,,,,import results.json,1.74,,1,,,,,
2026-08-10,mlb,props_k,Gabriel Hughes Over 3.5 K,0.655,,,,,0,,L,historique-results.json,2026-08-10|mlb|props_k|Gabriel Hughes Over 3.5 K|hist,2026-08-10,,Colorado Rockies @ Arizona Diamondbacks,,Gabriel Hughes,3.5,4,,,,,,,import results.json,1.82,,1,,,,,
2026-08-10,mlb,props_k,Michael Soroka Over 4.5 K,0.636,,,,,0,,L,historique-results.json,2026-08-10|mlb|props_k|Michael Soroka Over 4.5 K|hist,2026-08-10,,Colorado Rockies @ Arizona Diamondbacks,,Michael Soroka,4.5,5,,,,,,,import results.json,2.07,,1,,,,,
2026-08-10,mlb,props_k,Christian Scott Over 5.5 K,0.526,,,,,0,,W,historique-results.json,2026-08-10|mlb|props_k|Christian Scott Over 5.5 K|hist,2026-08-10,,New York Mets @ Atlanta Braves,,Christian Scott,5.5,6,,,,,,,import results.json,,,1,,,,,
2026-08-10,mlb,props_k,Trevor Rogers Over 4.5 K,0.521,,,,,0,,L,historique-results.json,2026-08-10|mlb|props_k|Trevor Rogers Over 4.5 K|hist,2026-08-10,,Baltimore Orioles @ Minnesota Twins,,Trevor Rogers,4.5,5,,,,,,,import results.json,,,1,,,,,
2026-08-10,mlb,props_k,Reid Detmers Over 5.5 K,0.582,,,,,0,,W,historique-results.json,2026-08-10|mlb|props_k|Reid Detmers Over 5.5 K|hist,2026-08-10,,Texas Rangers @ Los Angeles Angels,,Reid Detmers,5.5,6,,,,,,,import results.json,,,1,,,,,
2026-08-10,mlb,props_k,Noah Cameron Over 1.5 K,0.827,,,,,0,,W,historique-results.json,2026-08-10|mlb|props_k|Noah Cameron Over 1.5 K|hist,2026-08-10,,Kansas City Royals @ Los Angeles Dodgers,,Noah Cameron,1.5,2,,,,,,,import results.json,1.42,,1,,,,,
2026-08-09,mlb,props_k,Kumar Rocker Over 5.5 K,0.523,,,,,0,,L,historique-results.json,2026-08-09|mlb|props_k|Kumar Rocker Over 5.5 K|hist,2026-08-09,,Baltimore Orioles @ Texas Rangers,,Kumar Rocker,5.5,6,,,,,,,import results.json,,,1,,,,,
2026-08-09,mlb,props_k,Logan Webb Over 3.5 K,0.618,,,,,0,,L,historique-results.json,2026-08-09|mlb|props_k|Logan Webb Over 3.5 K|hist,2026-08-09,,Detroit Tigers @ San Francisco Giants,,Logan Webb,3.5,4,,,,,,,import results.json,,,1,,,,,
2026-08-09,mlb,props_k,Justin Wrobleski Over 4.5 K,0.545,,,,,0,,L,historique-results.json,2026-08-09|mlb|props_k|Justin Wrobleski Over 4.5 K|hist,2026-08-09,,Los Angeles Dodgers @ Arizona Diamondbacks,,Justin Wrobleski,4.5,5,,,,,,,import results.json,,,1,,,,,
2026-08-09,mlb,props_k,Ian Seymour Over 5.5 K,0.546,,,,,0,,W,historique-results.json,2026-08-09|mlb|props_k|Ian Seymour Over 5.5 K|hist,2026-08-09,,Tampa Bay Rays @ Seattle Mariners,,Ian Seymour,5.5,6,,,,,,,import results.json,,,1,,,,,
2026-08-09,mlb,props_k,Jared Jones Over 4.5 K,0.6,,,,,0,,L,historique-results.json,2026-08-09|mlb|props_k|Jared Jones Over 4.5 K|hist,2026-08-09,,New York Mets @ Pittsburgh Pirates,,Jared Jones,4.5,5,,,,,,,import results.json,,,1,,,,,
2026-08-09,mlb,props_k,Joey Cantillo Over 5.5 K,0.61,,,,,0,,L,historique-results.json,2026-08-09|mlb|props_k|Joey Cantillo Over 5.5 K|hist,2026-08-09,,Cleveland Guardians @ Chicago White Sox,,Joey Cantillo,5.5,6,,,,,,,import results.json,,,1,,,,,
2026-08-09,mlb,props_k,Jacob Misiorowski Over 7.5 K,0.529,,,,,0,,W,historique-results.json,2026-08-09|mlb|props_k|Jacob Misiorowski Over 7.5 K|hist,2026-08-09,,Minnesota Twins @ Milwaukee Brewers,,Jacob Misiorowski,7.5,8,,,,,,,import results.json,,,1,,,,,
2026-08-09,mlb,props_k,Connor Prielipp Over 5.5 K,0.596,,,,,0,,W,historique-results.json,2026-08-09|mlb|props_k|Connor Prielipp Over 5.5 K|hist,2026-08-09,,Minnesota Twins @ Milwaukee Brewers,,Connor Prielipp,5.5,6,,,,,,,import results.json,,,1,,,,,
2026-08-09,mlb,props_k,Cam Schlittler Over 5.5 K,0.607,,,,,0,,W,historique-results.json,2026-08-09|mlb|props_k|Cam Schlittler Over 5.5 K|hist,2026-08-09,,Atlanta Braves @ New York Yankees,,Cam Schlittler,5.5,6,,,,,,,import results.json,,,1,,,,,
2026-08-09,mlb,props_k,Joey Cantillo Over 6.5 K,0.501,,,,,0,,L,historique-results.json,2026-08-09|mlb|props_k|Joey Cantillo Over 6.5 K|hist,2026-08-09,,Cleveland Guardians @ Chicago White Sox,,Joey Cantillo,6.5,7,,,,,,,import results.json,,,1,,,,,
2026-08-09,mlb,props_k,Sean Manaea Over 6.5 K,0.536,,,,,0,,W,historique-results.json,2026-08-09|mlb|props_k|Sean Manaea Over 6.5 K|hist,2026-08-09,,New York Mets @ Pittsburgh Pirates,,Sean Manaea,6.5,7,,,,,,,import results.json,,,1,,,,,
2026-08-09,mlb,props_k,Troy Melton Over 4.5 K,0.517,,,,,0,,W,historique-results.json,2026-08-09|mlb|props_k|Troy Melton Over 4.5 K|hist,2026-08-09,,Detroit Tigers @ San Francisco Giants,,Troy Melton,4.5,5,,,,,,,import results.json,,,1,,,,,
2026-08-09,mlb,props_k,Kumar Rocker Over 4.5 K,0.634,,,,,0,,W,historique-results.json,2026-08-09|mlb|props_k|Kumar Rocker Over 4.5 K|hist,2026-08-09,,Baltimore Orioles @ Texas Rangers,,Kumar Rocker,4.5,5,,,,,,,import results.json,,,1,,,,,
2026-08-09,mlb,props_k,Emerson Hancock Over 3.5 K,0.557,,,,,0,,L,historique-results.json,2026-08-09|mlb|props_k|Emerson Hancock Over 3.5 K|hist,2026-08-09,,Tampa Bay Rays @ Seattle Mariners,,Emerson Hancock,3.5,4,,,,,,,import results.json,,,1,,,,,
2026-08-08,mlb,props_k,Sandy Alcantara Over 5.5 K,0.588,,,,,0,,W,historique-results.json,2026-08-08|mlb|props_k|Sandy Alcantara Over 5.5 K|hist,2026-08-08,,Los Angeles Angels @ Miami Marlins,,Sandy Alcantara,5.5,6,,,,,,,import results.json,,,1,,,,,
2026-08-08,mlb,props_k,Gavin Williams Over 7.5 K,0.716,,,,,0,,L,historique-results.json,2026-08-08|mlb|props_k|Gavin Williams Over 7.5 K|hist,2026-08-08,,Cleveland Guardians @ Chicago White Sox,,Gavin Williams,7.5,8,,,,,,,import results.json,1.82,,1,,,,,
2026-08-08,mlb,props_k,Matthew Liberatore Over 5.5 K,0.576,,,,,0,,L,historique-results.json,2026-08-08|mlb|props_k|Matthew Liberatore Over 5.5 K|hist,2026-08-08,,Colorado Rockies @ St. Louis Cardinals,,Matthew Liberatore,5.5,6,,,,,,,import results.json,,,1,,,,,
2026-08-08,mlb,props_k,Michael King Over 3.5 K,0.618,,,,,0,,W,historique-results.json,2026-08-08|mlb|props_k|Michael King Over 3.5 K|hist,2026-08-08,,Houston Astros @ San Diego Padres,,Michael King,3.5,4,,,,,,,import results.json,,,1,,,,,
2026-08-08,mlb,props_k,Yoshinobu Yamamoto Over 4.5 K,0.551,,,,,0,,W,historique-results.json,2026-08-08|mlb|props_k|Yoshinobu Yamamoto Over 4.5 K|hist,2026-08-08,,Los Angeles Dodgers @ Arizona Diamondbacks,,Yoshinobu Yamamoto,4.5,5,,,,,,,import results.json,,,1,,,,,
2026-08-08,mlb,props_k,Griffin Jax Over 5.5 K,0.631,,,,,0,,VOID,historique-results.json,2026-08-08|mlb|props_k|Griffin Jax Over 5.5 K|hist,2026-08-08,,Tampa Bay Rays @ Seattle Mariners,,Griffin Jax,5.5,6,,,,,,,import results.json,2.09,,1,,,,,
2026-08-08,mlb,props_k,Walbert Ureña Over 3.5 K,0.619,,,,,0,,L,historique-results.json,2026-08-08|mlb|props_k|Walbert Ureña Over 3.5 K|hist,2026-08-08,,Los Angeles Angels @ Miami Marlins,,Walbert Ureña,3.5,4,,,,,,,import results.json,,,1,,,,,
2026-08-08,mlb,props_k,Kyle Freeland Over 3.5 K,0.718,,,,,0,,L,historique-results.json,2026-08-08|mlb|props_k|Kyle Freeland Over 3.5 K|hist,2026-08-08,,Colorado Rockies @ St. Louis Cardinals,,Kyle Freeland,3.5,4,,,,,,,import results.json,1.83,,1,,,,,
2026-08-08,mlb,props_k,Peter Lambert Over 5.5 K,0.512,,,,,0,,L,historique-results.json,2026-08-08|mlb|props_k|Peter Lambert Over 5.5 K|hist,2026-08-08,,Houston Astros @ San Diego Padres,,Peter Lambert,5.5,6,,,,,,,import results.json,2.28,,1,,,,,
2026-08-08,mlb,props_k,Gerrit Cole Over 5.5 K,0.518,,,,,0,,W,historique-results.json,2026-08-08|mlb|props_k|Gerrit Cole Over 5.5 K|hist,2026-08-08,,Atlanta Braves @ New York Yankees,,Gerrit Cole,5.5,6,,,,,,,import results.json,,,1,,,,,
2026-08-08,mlb,props_k,Chris Sale Over 7.5 K,0.535,,,,,0,,W,historique-results.json,2026-08-08|mlb|props_k|Chris Sale Over 7.5 K|hist,2026-08-08,,Atlanta Braves @ New York Yankees,,Chris Sale,7.5,8,,,,,,,import results.json,,,1,,,,,
2026-08-08,mlb,props_k,Clay Holmes Over 3.5 K,0.657,,,,,0,,L,historique-results.json,2026-08-08|mlb|props_k|Clay Holmes Over 3.5 K|hist,2026-08-08,,Chicago Cubs @ Kansas City Royals,,Clay Holmes,3.5,4,,,,,,,import results.json,,,1,,,,,
2026-08-08,mlb,props_k,Sandy Alcantara Over 6.5 K,0.525,,,,,0,,W,historique-results.json,2026-08-08|mlb|props_k|Sandy Alcantara Over 6.5 K|hist,2026-08-08,,Los Angeles Angels @ Miami Marlins,,Sandy Alcantara,6.5,7,,,,,,,import results.json,,,1,,,,,
2026-08-08,mlb,props_k,Peter Lambert Over 4.5 K,0.647,,,,,0,,L,historique-results.json,2026-08-08|mlb|props_k|Peter Lambert Over 4.5 K|hist,2026-08-08,,Houston Astros @ San Diego Padres,,Peter Lambert,4.5,5,,,,,,,import results.json,1.79,,1,,,,,
2026-08-08,mlb,props_k,Aaron Nola Over 3.5 K,0.587,,,,,0,,W,historique-results.json,2026-08-08|mlb|props_k|Aaron Nola Over 3.5 K|hist,2026-08-08,,Toronto Blue Jays @ Philadelphia Phillies,,Aaron Nola,3.5,4,,,,,,,import results.json,,,1,,,,,
2026-08-08,mlb,props_k,Jacob Degrom Over 6.5 K,0.525,,,,,0,,W,historique-results.json,2026-08-08|mlb|props_k|Jacob Degrom Over 6.5 K|hist,2026-08-08,,Baltimore Orioles @ Texas Rangers,,Jacob Degrom,6.5,7,,,,,,,import results.json,,,1,,,,,
2026-08-08,mlb,props_k,Matthew Liberatore Over 4.5 K,0.625,,,,,0,,L,historique-results.json,2026-08-08|mlb|props_k|Matthew Liberatore Over 4.5 K|hist,2026-08-08,,Colorado Rockies @ St. Louis Cardinals,,Matthew Liberatore,4.5,5,,,,,,,import results.json,,,1,,,,,
2026-08-07,mlb,props_k,José Soriano Over 3.5 K,0.604,,,,,0,,L,historique-results.json,2026-08-07|mlb|props_k|José Soriano Over 3.5 K|hist,2026-08-07,,Toronto Blue Jays @ Philadelphia Phillies,,José Soriano,3.5,4,,,,,,,import results.json,,,1,,,,,
2026-08-07,mlb,props_k,Tyler Mahle Over 4.5 K,0.561,,,,,0,,W,historique-results.json,2026-08-07|mlb|props_k|Tyler Mahle Over 4.5 K|hist,2026-08-07,,Atlanta Braves @ New York Yankees,,Tyler Mahle,4.5,5,,,,,,,import results.json,,,1,,,,,
2026-08-07,mlb,props_k,Parker Messick Over 5.5 K,0.534,,,,,0,,W,historique-results.json,2026-08-07|mlb|props_k|Parker Messick Over 5.5 K|hist,2026-08-07,,Cleveland Guardians @ Chicago White Sox,,Parker Messick,5.5,6,,,,,,,import results.json,,,1,,,,,
2026-08-07,mlb,props_k,Drew Rasmussen Over 5.5 K,0.604,,,,,0,,W,historique-results.json,2026-08-07|mlb|props_k|Drew Rasmussen Over 5.5 K|hist,2026-08-07,,Tampa Bay Rays @ Seattle Mariners,,Drew Rasmussen,5.5,6,,,,,,,import results.json,1.93,,1,,,,,
2026-08-07,mlb,props_k,Cade Cavalli Over 5.5 K,0.765,,,,,0,,W,historique-results.json,2026-08-07|mlb|props_k|Cade Cavalli Over 5.5 K|hist,2026-08-07,,Cincinnati Reds @ Washington Nationals,,Cade Cavalli,5.5,6,,,,,,,import results.json,1.72,,1,,,,,
2026-08-07,mlb,props_k,Shane Drohan Over 3.5 K,0.618,,,,,0,,W,historique-results.json,2026-08-07|mlb|props_k|Shane Drohan Over 3.5 K|hist,2026-08-07,,Minnesota Twins @ Milwaukee Brewers,,Shane Drohan,3.5,4,,,,,,,import results.json,,,1,,,,,
2026-08-07,mlb,props_k,Cade Cavalli Over 7.5 K,0.552,,,,,0,,W,historique-results.json,2026-08-07|mlb|props_k|Cade Cavalli Over 7.5 K|hist,2026-08-07,,Cincinnati Reds @ Washington Nationals,,Cade Cavalli,7.5,8,,,,,,,import results.json,2.35,,1,,,,,
2026-08-07,mlb,props_k,Nathan Eovaldi Over 5.5 K,0.582,,,,,0,,L,historique-results.json,2026-08-07|mlb|props_k|Nathan Eovaldi Over 5.5 K|hist,2026-08-07,,Baltimore Orioles @ Texas Rangers,,Nathan Eovaldi,5.5,6,,,,,,,import results.json,,,1,,,,,
2026-08-07,mlb,props_k,Max Fried Over 3.5 K,0.629,,,,,0,,W,historique-results.json,2026-08-07|mlb|props_k|Max Fried Over 3.5 K|hist,2026-08-07,,Atlanta Braves @ New York Yankees,,Max Fried,3.5,4,,,,,,,import results.json,,,1,,,,,
2026-08-07,mlb,props_k,Zack Wheeler Over 5.5 K,0.561,,,,,0,,W,historique-results.json,2026-08-07|mlb|props_k|Zack Wheeler Over 5.5 K|hist,2026-08-07,,Toronto Blue Jays @ Philadelphia Phillies,,Zack Wheeler,5.5,6,,,,,,,import results.json,,,1,,,,,
2026-08-07,mlb,props_k,Max Fried Over 4.5 K,0.551,,,,,0,,W,historique-results.json,2026-08-07|mlb|props_k|Max Fried Over 4.5 K|hist,2026-08-07,,Atlanta Braves @ New York Yankees,,Max Fried,4.5,5,,,,,,,import results.json,,,1,,,,,
2026-08-07,mlb,props_k,Logan Gilbert Over 3.5 K,0.648,,,,,0,,W,historique-results.json,2026-08-07|mlb|props_k|Logan Gilbert Over 3.5 K|hist,2026-08-07,,Tampa Bay Rays @ Seattle Mariners,,Logan Gilbert,3.5,4,,,,,,,import results.json,,,1,,,,,
2026-08-06,mlb,props_k,B. Young Over 5.5 K,0.639,,,,,0,,L,historique-results.json,2026-08-06|mlb|props_k|B. Young Over 5.5 K|hist,2026-08-06,,Los Angeles Angels @ Baltimore Orioles,,B. Young,5.5,6,,,,,,,import results.json,,,1,,,,,
2026-08-06,mlb,props_k,Nolan Mclean Over 5.5 K,0.658,,,,,0,,W,historique-results.json,2026-08-06|mlb|props_k|Nolan Mclean Over 5.5 K|hist,2026-08-06,,New York Mets @ Cleveland Guardians,,Nolan Mclean,5.5,6,,,,,,,import results.json,,,1,,,,,
2026-08-06,mlb,props_k,Dustin May Over 6.5 K,0.54,,,,,0,,L,historique-results.json,2026-08-06|mlb|props_k|Dustin May Over 6.5 K|hist,2026-08-06,,Pittsburgh Pirates @ Milwaukee Brewers,,Dustin May,6.5,7,,,,,,,import results.json,,,1,,,,,
2026-08-06,mlb,props_k,Braxton Ashcraft Over 4.5 K,0.665,,,,,0,,W,historique-results.json,2026-08-06|mlb|props_k|Braxton Ashcraft Over 4.5 K|hist,2026-08-06,,Pittsburgh Pirates @ Milwaukee Brewers,,Braxton Ashcraft,4.5,5,,,,,,,import results.json,,,1,,,,,
2026-08-06,mlb,props_k,Dylan Cease Over 7.5 K,0.631,,,,,0,,W,historique-results.json,2026-08-06|mlb|props_k|Dylan Cease Over 7.5 K|hist,2026-08-06,,Toronto Blue Jays @ Chicago Cubs,,Dylan Cease,7.5,8,,,,,,,import results.json,,,1,,,,,
2026-08-06,mlb,props_k,Framber Valdez Over 4.5 K,0.69,,,,,0,,W,historique-results.json,2026-08-06|mlb|props_k|Framber Valdez Over 4.5 K|hist,2026-08-06,,Detroit Tigers @ Seattle Mariners,,Framber Valdez,4.5,5,,,,,,,import results.json,,,1,,,,,
2026-08-06,mlb,props_k,Cristopher Sánchez Over 6.5 K,0.646,,,,,0,,L,historique-results.json,2026-08-06|mlb|props_k|Cristopher Sánchez Over 6.5 K|hist,2026-08-06,,Washington Nationals @ Philadelphia Phillies,,Cristopher Sánchez,6.5,7,,,,,,,import results.json,,,1,,,,,
2026-08-06,mlb,props_k,Michael Wacha Over 4.5 K,0.568,,,,,0,,L,historique-results.json,2026-08-06|mlb|props_k|Michael Wacha Over 4.5 K|hist,2026-08-06,,Minnesota Twins @ Kansas City Royals,,Michael Wacha,4.5,5,,,,,,,import results.json,,,1,,,,,
2026-08-06,mlb,props_k,Kohl Drake Over 3.5 K,0.702,,,,,0,,L,historique-results.json,2026-08-06|mlb|props_k|Kohl Drake Over 3.5 K|hist,2026-08-06,,San Diego Padres @ Arizona Diamondbacks,,Kohl Drake,3.5,4,,,,,,,import results.json,,,1,,,,,
2026-08-06,mlb,props_k,Michael Wacha Over 3.5 K,0.553,,,,,0,,L,historique-results.json,2026-08-06|mlb|props_k|Michael Wacha Over 3.5 K|hist,2026-08-06,,Minnesota Twins @ Kansas City Royals,,Michael Wacha,3.5,4,,,,,,,import results.json,,,1,,,,,
2026-08-05,mlb,props_k,Trevor Rogers Over 5.5 K,0.612,,,,,0,,W,historique-results.json,2026-08-05|mlb|props_k|Trevor Rogers Over 5.5 K|hist,2026-08-05,,Los Angeles Angels @ Baltimore Orioles,,Trevor Rogers,5.5,6,,,,,,,import results.json,,,1,,,,,
2026-08-05,mlb,props_k,Reid Detmers Over 6.5 K,0.638,,,,,0,,L,historique-results.json,2026-08-05|mlb|props_k|Reid Detmers Over 6.5 K|hist,2026-08-05,,Los Angeles Angels @ Baltimore Orioles,,Reid Detmers,6.5,7,,,,,,,import results.json,,,1,,,,,
2026-08-05,mlb,props_k,Christian Scott Over 5.5 K,0.514,,,,,0,,W,historique-results.json,2026-08-05|mlb|props_k|Christian Scott Over 5.5 K|hist,2026-08-05,,New York Mets @ Cleveland Guardians,,Christian Scott,5.5,6,,,,,,,import results.json,,,1,,,,,
2026-08-05,mlb,props_k,Jake Irvin Over 4.5 K,0.54,,,,,0,,L,historique-results.json,2026-08-05|mlb|props_k|Jake Irvin Over 4.5 K|hist,2026-08-05,,Washington Nationals @ Philadelphia Phillies,,Jake Irvin,4.5,5,,,,,,,import results.json,,,1,,,,,
2026-08-05,mlb,props_k,Sean Burke Over 7.5 K,0.534,,,,,0,,L,historique-results.json,2026-08-05|mlb|props_k|Sean Burke Over 7.5 K|hist,2026-08-05,,Chicago White Sox @ Boston Red Sox,,Sean Burke,7.5,8,,,,,,,import results.json,,,1,,,,,
2026-08-05,mlb,props_k,Eury Pérez Over 5.5 K,0.556,,,,,0,,W,historique-results.json,2026-08-05|mlb|props_k|Eury Pérez Over 5.5 K|hist,2026-08-05,,Miami Marlins @ Atlanta Braves,,Eury Pérez,5.5,6,,,,,,,import results.json,,,1,,,,,
2026-08-05,mlb,props_k,Noah Cameron Over 5.5 K,0.51,,,,,0,,W,historique-results.json,2026-08-05|mlb|props_k|Noah Cameron Over 5.5 K|hist,2026-08-05,,Minnesota Twins @ Kansas City Royals,,Noah Cameron,5.5,6,,,,,,,import results.json,,,1,,,,,
2026-08-05,mlb,props_k,Casey Mize Over 3.5 K,0.613,,,,,0,,L,historique-results.json,2026-08-05|mlb|props_k|Casey Mize Over 3.5 K|hist,2026-08-05,,San Diego Padres @ Arizona Diamondbacks,,Casey Mize,3.5,4,,,,,,,import results.json,,,1,,,,,
2026-08-05,mlb,props_k,Jameson Taillon Over 4.5 K,0.521,,,,,0,,L,historique-results.json,2026-08-05|mlb|props_k|Jameson Taillon Over 4.5 K|hist,2026-08-05,,Toronto Blue Jays @ Houston Astros,,Jameson Taillon,4.5,5,,,,,,,import results.json,,,1,,,,,
2026-08-05,mlb,props_k,Cody Bradford Over 4.5 K,0.665,,,,,0,,W,historique-results.json,2026-08-05|mlb|props_k|Cody Bradford Over 4.5 K|hist,2026-08-05,,San Francisco Giants @ Texas Rangers,,Cody Bradford,4.5,5,,,,,,,import results.json,,,1,,,,,
2026-08-05,mlb,props_k,Hunter Brown Over 4.5 K,0.544,,,,,0,,W,historique-results.json,2026-08-05|mlb|props_k|Hunter Brown Over 4.5 K|hist,2026-08-05,,Toronto Blue Jays @ Houston Astros,,Hunter Brown,4.5,5,,,,,,,import results.json,,,1,,,,,
2026-08-05,mlb,props_k,Shota Imanaga Over 3.5 K,0.723,,,,,0,,W,historique-results.json,2026-08-05|mlb|props_k|Shota Imanaga Over 3.5 K|hist,2026-08-05,,Los Angeles Dodgers @ Chicago Cubs,,Shota Imanaga,3.5,4,,,,,,,import results.json,,,1,,,,,
2026-08-05,mlb,props_k,Kyle Harrison Over 6.5 K,0.625,,,,,0,,W,historique-results.json,2026-08-05|mlb|props_k|Kyle Harrison Over 6.5 K|hist,2026-08-05,,Pittsburgh Pirates @ Milwaukee Brewers,,Kyle Harrison,6.5,7,,,,,,,import results.json,,,1,,,,,
2026-08-05,mlb,props_k,Sean Burke Over 6.5 K,0.617,,,,,0,,L,historique-results.json,2026-08-05|mlb|props_k|Sean Burke Over 6.5 K|hist,2026-08-05,,Chicago White Sox @ Boston Red Sox,,Sean Burke,6.5,7,,,,,,,import results.json,,,1,,,,,
2026-08-05,mlb,props_k,Paul Skenes Over 6.5 K,0.507,,,,,0,,L,historique-results.json,2026-08-05|mlb|props_k|Paul Skenes Over 6.5 K|hist,2026-08-05,,Pittsburgh Pirates @ Milwaukee Brewers,,Paul Skenes,6.5,7,,,,,,,import results.json,,,1,,,,,
2026-08-05,mlb,props_k,Tanner Bibee Over 5.5 K,0.548,,,,,0,,W,historique-results.json,2026-08-05|mlb|props_k|Tanner Bibee Over 5.5 K|hist,2026-08-05,,New York Mets @ Cleveland Guardians,,Tanner Bibee,5.5,6,,,,,,,import results.json,,,1,,,,,
2026-08-04,mlb,props_k,Logan Henderson Over 5.5 K,0.635,,,,,0,,W,historique-results.json,2026-08-04|mlb|props_k|Logan Henderson Over 5.5 K|hist,2026-08-04,,Pittsburgh Pirates @ Milwaukee Brewers,,Logan Henderson,5.5,6,,,,,,,import results.json,,,1,,,,,
2026-08-04,mlb,props_k,Joe Ryan Over 5.5 K,0.533,,,,,0,,L,historique-results.json,2026-08-04|mlb|props_k|Joe Ryan Over 5.5 K|hist,2026-08-04,,Minnesota Twins @ Kansas City Royals,,Joe Ryan,5.5,6,,,,,,,import results.json,,,1,,,,,
2026-08-04,mlb,props_k,Trey Yesavage Over 5.5 K,0.638,,,,,0,,L,historique-results.json,2026-08-04|mlb|props_k|Trey Yesavage Over 5.5 K|hist,2026-08-04,,Toronto Blue Jays @ Houston Astros,,Trey Yesavage,5.5,6,,,,,,,import results.json,,,1,,,,,
2026-08-04,mlb,props_k,Joey Cantillo Over 6.5 K,0.535,,,,,0,,L,historique-results.json,2026-08-04|mlb|props_k|Joey Cantillo Over 6.5 K|hist,2026-08-04,,New York Mets @ Cleveland Guardians,,Joey Cantillo,6.5,7,,,,,,,import results.json,,,1,,,,,
2026-08-04,mlb,props_k,Ryan Weathers Over 4.5 K,0.553,,,,,0,,W,historique-results.json,2026-08-04|mlb|props_k|Ryan Weathers Over 4.5 K|hist,2026-08-04,,St. Louis Cardinals @ New York Yankees,,Ryan Weathers,4.5,5,,,,,,,import results.json,,,1,,,,,
2026-08-04,mlb,props_k,Troy Melton Over 5.5 K,0.633,,,,,0,,L,historique-results.json,2026-08-04|mlb|props_k|Troy Melton Over 5.5 K|hist,2026-08-04,,Detroit Tigers @ Seattle Mariners,,Troy Melton,5.5,6,,,,,,,import results.json,,,1,,,,,
2026-08-04,mlb,props_k,Joey Cantillo Over 5.5 K,0.632,,,,,0,,L,historique-results.json,2026-08-04|mlb|props_k|Joey Cantillo Over 5.5 K|hist,2026-08-04,,New York Mets @ Cleveland Guardians,,Joey Cantillo,5.5,6,,,,,,,import results.json,,,1,,,,,
2026-08-04,mlb,props_k,Joe Ryan Over 3.5 K,0.709,,,,,0,,L,historique-results.json,2026-08-04|mlb|props_k|Joe Ryan Over 3.5 K|hist,2026-08-04,,Minnesota Twins @ Kansas City Royals,,Joe Ryan,3.5,4,,,,,,,import results.json,,,1,,,,,
2026-08-04,mlb,props_k,Emerson Hancock Over 3.5 K,0.649,,,,,0,,W,historique-results.json,2026-08-04|mlb|props_k|Emerson Hancock Over 3.5 K|hist,2026-08-04,,Detroit Tigers @ Seattle Mariners,,Emerson Hancock,3.5,4,,,,,,,import results.json,,,1,,,,,
2026-08-03,mlb,props_k,Cam Schlittler Over 6.5 K,0.557,,,,,0,,L,historique-results.json,2026-08-03|mlb|props_k|Cam Schlittler Over 6.5 K|hist,2026-08-03,,St. Louis Cardinals @ New York Yankees,,Cam Schlittler,6.5,7,,,,,,,import results.json,,,1,,,,,
2026-08-03,mlb,props_k,Brandon Sproat Over 4.5 K,0.535,,,,,0,,L,historique-results.json,2026-08-03|mlb|props_k|Brandon Sproat Over 4.5 K|hist,2026-08-03,,Pittsburgh Pirates @ Milwaukee Brewers,,Brandon Sproat,4.5,5,,,,,,,import results.json,,,1,,,,,
2026-08-03,mlb,props_k,Ian Seymour Over 5.5 K,0.652,,,,,0,,W,historique-results.json,2026-08-03|mlb|props_k|Ian Seymour Over 5.5 K|hist,2026-08-03,,Tampa Bay Rays @ Colorado Rockies,,Ian Seymour,5.5,6,,,,,,,import results.json,,,1,,,,,
2026-08-03,mlb,props_k,Justin Wrobleski Over 6.5 K,0.571,,,,,0,,L,historique-results.json,2026-08-03|mlb|props_k|Justin Wrobleski Over 6.5 K|hist,2026-08-03,,Los Angeles Dodgers @ Chicago Cubs,,Justin Wrobleski,6.5,7,,,,,,,import results.json,,,1,,,,,
2026-08-03,mlb,props_k,Aaron Nola Over 3.5 K,0.652,,,,,0,,W,historique-results.json,2026-08-03|mlb|props_k|Aaron Nola Over 3.5 K|hist,2026-08-03,,Washington Nationals @ Philadelphia Phillies,,Aaron Nola,3.5,4,,,,,,,import results.json,,,1,,,,,
2026-08-02,mlb,props_k,Zack Wheeler Over 8.5 K,0.519,,,,,0,,L,historique-results.json,2026-08-02|mlb|props_k|Zack Wheeler Over 8.5 K|hist,2026-08-02,,Philadelphia Phillies @ Baltimore Orioles,,Zack Wheeler,8.5,9,,,,,,,import results.json,,,1,,,,,
2026-08-02,mlb,props_k,Matthew Liberatore Over 3.5 K,0.721,,,,,0,,W,historique-results.json,2026-08-02|mlb|props_k|Matthew Liberatore Over 3.5 K|hist,2026-08-02,,St. Louis Cardinals @ Toronto Blue Jays,,Matthew Liberatore,3.5,4,,,,,,,import results.json,,,1,,,,,
2026-08-02,mlb,props_k,Griffin Jax Over 6.5 K,0.582,,,,,0,,W,historique-results.json,2026-08-02|mlb|props_k|Griffin Jax Over 6.5 K|hist,2026-08-02,,Chicago White Sox @ Tampa Bay Rays,,Griffin Jax,6.5,7,,,,,,,import results.json,,,1,,,,,
2026-08-02,mlb,props_k,Chase Burns Over 4.5 K,0.669,,,,,0,,W,historique-results.json,2026-08-02|mlb|props_k|Chase Burns Over 4.5 K|hist,2026-08-02,,Pittsburgh Pirates @ Cincinnati Reds,,Chase Burns,4.5,5,,,,,,,import results.json,,,1,,,,,
2026-08-02,mlb,props_k,Sandy Alcantara Over 6.5 K,0.562,,,,,0,,L,historique-results.json,2026-08-02|mlb|props_k|Sandy Alcantara Over 6.5 K|hist,2026-08-02,,Miami Marlins @ New York Mets,,Sandy Alcantara,6.5,7,,,,,,,import results.json,,,1,,,,,
2026-08-02,mlb,props_k,Kumar Rocker Over 4.5 K,0.683,,,,,0,,W,historique-results.json,2026-08-02|mlb|props_k|Kumar Rocker Over 4.5 K|hist,2026-08-02,,Texas Rangers @ Houston Astros,,Kumar Rocker,4.5,5,,,,,,,import results.json,,,1,,,,,
2026-08-02,mlb,props_k,Gerrit Cole Over 6.5 K,0.646,,,,,0,,L,historique-results.json,2026-08-02|mlb|props_k|Gerrit Cole Over 6.5 K|hist,2026-08-02,,New York Yankees @ Chicago Cubs,,Gerrit Cole,6.5,7,,,,,,,import results.json,,,1,,,,,
2026-08-02,mlb,props_k,Jacob Misiorowski Over 9.5 K,0.593,,,,,0,,W,historique-results.json,2026-08-02|mlb|props_k|Jacob Misiorowski Over 9.5 K|hist,2026-08-02,,Milwaukee Brewers @ Los Angeles Angels,,Jacob Misiorowski,9.5,10,,,,,,,import results.json,,,1,,,,,
2026-08-02,mlb,props_k,Tarik Skubal Over 7.5 K,0.551,,,,,0,,VOID,historique-results.json,2026-08-02|mlb|props_k|Tarik Skubal Over 7.5 K|hist,2026-08-02,,Detroit Tigers @ Athletics,,Tarik Skubal,7.5,8,,,,,,,import results.json,,,1,,,,,
2026-08-02,mlb,props_k,Framber Valdez Over 5.5 K,0.522,,,,,0,,VOID,historique-results.json,2026-08-02|mlb|props_k|Framber Valdez Over 5.5 K|hist,2026-08-02,,Detroit Tigers @ Athletics,,Framber Valdez,5.5,6,,,,,,,import results.json,,,1,,,,,
2026-08-02,mlb,props_k,Landen Roupp Over 4.5 K,0.686,,,,,0,,W,historique-results.json,2026-08-02|mlb|props_k|Landen Roupp Over 4.5 K|hist,2026-08-02,,San Francisco Giants @ San Diego Padres,,Landen Roupp,4.5,5,,,,,,,import results.json,,,1,,,,,
2026-08-02,mlb,props_k,Emmet Sheehan Over 4.5 K,0.69,,,,,0,,L,historique-results.json,2026-08-02|mlb|props_k|Emmet Sheehan Over 4.5 K|hist,2026-08-02,,Boston Red Sox @ Los Angeles Dodgers,,Emmet Sheehan,4.5,5,,,,,,,import results.json,,,1,,,,,
2026-08-02,mlb,props_k,Cade Cavalli Over 6.5 K,0.597,,,,,0,,L,historique-results.json,2026-08-02|mlb|props_k|Cade Cavalli Over 6.5 K|hist,2026-08-02,,Washington Nationals @ Atlanta Braves,,Cade Cavalli,6.5,7,,,,,,,import results.json,,,1,,,,,
2026-08-02,mlb,props_k,Kyle Freeland Over 4.5 K,0.616,,,,,0,,W,historique-results.json,2026-08-02|mlb|props_k|Kyle Freeland Over 4.5 K|hist,2026-08-02,,Kansas City Royals @ Colorado Rockies,,Kyle Freeland,4.5,5,,,,,,,import results.json,,,1,,,,,
2026-08-02,mlb,props_k,Walbert Ureña Over 3.5 K,0.639,,,,,0,,W,historique-results.json,2026-08-02|mlb|props_k|Walbert Ureña Over 3.5 K|hist,2026-08-02,,Milwaukee Brewers @ Los Angeles Angels,,Walbert Ureña,3.5,4,,,,,,,import results.json,,,1,,,,,
2026-08-02,mlb,props_k,Peter Lambert Over 6.5 K,0.618,,,,,0,,W,historique-results.json,2026-08-02|mlb|props_k|Peter Lambert Over 6.5 K|hist,2026-08-02,,Texas Rangers @ Houston Astros,,Peter Lambert,6.5,7,,,,,,,import results.json,,,1,,,,,
2026-08-02,mlb,props_k,Gavin Williams Over 6.5 K,0.535,,,,,0,,W,historique-results.json,2026-08-02|mlb|props_k|Gavin Williams Over 6.5 K|hist,2026-08-02,,Arizona Diamondbacks @ Cleveland Guardians,,Gavin Williams,6.5,7,,,,,,,import results.json,,,1,,,,,
2026-08-02,mlb,props_k,Matthew Liberatore Over 4.5 K,0.542,,,,,0,,W,historique-results.json,2026-08-02|mlb|props_k|Matthew Liberatore Over 4.5 K|hist,2026-08-02,,St. Louis Cardinals @ Toronto Blue Jays,,Matthew Liberatore,4.5,5,,,,,,,import results.json,,,1,,,,,
2026-08-02,mlb,props_k,Griffin Jax Over 7.5 K,0.512,,,,,0,,W,historique-results.json,2026-08-02|mlb|props_k|Griffin Jax Over 7.5 K|hist,2026-08-02,,Chicago White Sox @ Tampa Bay Rays,,Griffin Jax,7.5,8,,,,,,,import results.json,,,1,,,,,
2026-08-02,mlb,props_k,Sandy Alcantara Over 5.5 K,0.61,,,,,0,,L,historique-results.json,2026-08-02|mlb|props_k|Sandy Alcantara Over 5.5 K|hist,2026-08-02,,Miami Marlins @ New York Mets,,Sandy Alcantara,5.5,6,,,,,,,import results.json,,,1,,,,,
2026-08-02,mlb,props_k,George Kirby Over 4.5 K,0.643,,,,,0,,L,historique-results.json,2026-08-02|mlb|props_k|George Kirby Over 4.5 K|hist,2026-08-02,,Minnesota Twins @ Seattle Mariners,,George Kirby,4.5,5,,,,,,,import results.json,,,1,,,,,
2026-08-02,mlb,props_k,Emmet Sheehan Over 5.5 K,0.535,,,,,0,,L,historique-results.json,2026-08-02|mlb|props_k|Emmet Sheehan Over 5.5 K|hist,2026-08-02,,Boston Red Sox @ Los Angeles Dodgers,,Emmet Sheehan,5.5,6,,,,,,,import results.json,,,1,,,,,
2026-08-01,mlb,props_k,Kevin Gausman Over 5.5 K,0.508,,,,,0,,L,historique-results.json,2026-08-01|mlb|props_k|Kevin Gausman Over 5.5 K|hist,2026-08-01,,St. Louis Cardinals @ Toronto Blue Jays,,Kevin Gausman,5.5,6,,,,,,,import results.json,,,1,,,,,
2026-08-01,mlb,props_k,Connor Prielipp Over 5.5 K,0.635,,,,,0,,L,historique-results.json,2026-08-01|mlb|props_k|Connor Prielipp Over 5.5 K|hist,2026-08-01,,Minnesota Twins @ Seattle Mariners,,Connor Prielipp,5.5,6,,,,,,,import results.json,,,1,,,,,
2026-08-01,mlb,props_k,Andrew Abbott Over 4.5 K,0.669,,,,,0,,L,historique-results.json,2026-08-01|mlb|props_k|Andrew Abbott Over 4.5 K|hist,2026-08-01,,Pittsburgh Pirates @ Cincinnati Reds,,Andrew Abbott,4.5,5,,,,,,,import results.json,,,1,,,,,
2026-08-01,mlb,props_k,Braxton Ashcraft Over 7.5 K,0.576,,,,,0,,L,historique-results.json,2026-08-01|mlb|props_k|Braxton Ashcraft Over 7.5 K|hist,2026-08-01,,Pittsburgh Pirates @ Cincinnati Reds,,Braxton Ashcraft,7.5,8,,,,,,,import results.json,,,1,,,,,
2026-08-01,mlb,props_k,Shane Baz Over 5.5 K,0.594,,,,,0,,L,historique-results.json,2026-08-01|mlb|props_k|Shane Baz Over 5.5 K|hist,2026-08-01,,Philadelphia Phillies @ Baltimore Orioles,,Shane Baz,5.5,6,,,,,,,import results.json,,,1,,,,,
2026-08-01,mlb,props_k,Cristopher Sánchez Over 6.5 K,0.584,,,,,0,,W,historique-results.json,2026-08-01|mlb|props_k|Cristopher Sánchez Over 6.5 K|hist,2026-08-01,,Philadelphia Phillies @ Baltimore Orioles,,Cristopher Sánchez,6.5,7,,,,,,,import results.json,,,1,,,,,
2026-08-01,mlb,props_k,Ronel Blanco Over 5.5 K,0.573,,,,,0,,L,historique-results.json,2026-08-01|mlb|props_k|Ronel Blanco Over 5.5 K|hist,2026-08-01,,Texas Rangers @ Houston Astros,,Ronel Blanco,5.5,6,,,,,,,import results.json,,,1,,,,,
2026-08-01,mlb,props_k,Jacob Degrom Over 5.5 K,0.662,,,,,0,,L,historique-results.json,2026-08-01|mlb|props_k|Jacob Degrom Over 5.5 K|hist,2026-08-01,,Texas Rangers @ Houston Astros,,Jacob Degrom,5.5,6,,,,,,,import results.json,,,1,,,,,
2026-08-01,mlb,props_k,Reynaldo López Over 3.5 K,0.639,,,,,0,,VOID,historique-results.json,2026-08-01|mlb|props_k|Reynaldo López Over 3.5 K|hist,2026-08-01,,Washington Nationals @ Atlanta Braves,,Reynaldo López,3.5,4,,,,,,,import results.json,,,1,,,,,
2026-08-01,mlb,props_k,Max Fried Over 4.5 K,0.652,,,,,0,,W,historique-results.json,2026-08-01|mlb|props_k|Max Fried Over 4.5 K|hist,2026-08-01,,New York Yankees @ Chicago Cubs,,Max Fried,4.5,5,,,,,,,import results.json,,,1,,,,,
2026-08-01,mlb,props_k,Yoshinobu Yamamoto Over 5.5 K,0.647,,,,,0,,L,historique-results.json,2026-08-01|mlb|props_k|Yoshinobu Yamamoto Over 5.5 K|hist,2026-08-01,,Boston Red Sox @ Los Angeles Dodgers,,Yoshinobu Yamamoto,5.5,6,,,,,,,import results.json,,,1,,,,,
2026-08-01,mlb,props_k,Tarik Skubal Over 7.5 K,0.556,,,,,0,,VOID,historique-results.json,2026-08-01|mlb|props_k|Tarik Skubal Over 7.5 K|hist,2026-08-01,,Detroit Tigers @ Athletics,,Tarik Skubal,7.5,8,,,,,,,import results.json,,,1,,,,,
2026-08-01,mlb,props_k,Framber Valdez Over 5.5 K,0.55,,,,,0,,W,historique-results.json,2026-08-01|mlb|props_k|Framber Valdez Over 5.5 K|hist,2026-08-01,,Detroit Tigers @ Athletics,,Framber Valdez,5.5,6,,,,,,,import results.json,,,1,,,,,
2026-08-01,mlb,props_k,Drew Rasmussen Over 5.5 K,0.573,,,,,0,,W,historique-results.json,2026-08-01|mlb|props_k|Drew Rasmussen Over 5.5 K|hist,2026-08-01,,Chicago White Sox @ Tampa Bay Rays,,Drew Rasmussen,5.5,6,,,,,,,import results.json,,,1,,,,,
2026-08-01,mlb,props_k,Walker Buehler Over 3.5 K,0.723,,,,,0,,L,historique-results.json,2026-08-01|mlb|props_k|Walker Buehler Over 3.5 K|hist,2026-08-01,,San Francisco Giants @ San Diego Padres,,Walker Buehler,3.5,4,,,,,,,import results.json,,,1,,,,,
2026-08-01,mlb,props_k,Payton Tolle Over 5.5 K,0.62,,,,,0,,W,historique-results.json,2026-08-01|mlb|props_k|Payton Tolle Over 5.5 K|hist,2026-08-01,,Boston Red Sox @ Los Angeles Dodgers,,Payton Tolle,5.5,6,,,,,,,import results.json,,,1,,,,,
2026-08-01,mlb,props_k,José Soriano Over 3.5 K,0.72,,,,,0,,VOID,historique-results.json,2026-08-01|mlb|props_k|José Soriano Over 3.5 K|hist,2026-08-01,,Milwaukee Brewers @ Los Angeles Angels,,José Soriano,3.5,4,,,,,,,import results.json,,,1,,,,,
2026-08-01,mlb,props_k,Kevin Gausman Over 4.5 K,0.583,,,,,0,,L,historique-results.json,2026-08-01|mlb|props_k|Kevin Gausman Over 4.5 K|hist,2026-08-01,,St. Louis Cardinals @ Toronto Blue Jays,,Kevin Gausman,4.5,5,,,,,,,import results.json,,,1,,,,,
2026-08-01,mlb,props_k,Logan Gilbert Over 5.5 K,0.543,,,,,0,,W,historique-results.json,2026-08-01|mlb|props_k|Logan Gilbert Over 5.5 K|hist,2026-08-01,,Minnesota Twins @ Seattle Mariners,,Logan Gilbert,5.5,6,,,,,,,import results.json,,,1,,,,,
2026-08-01,mlb,props_k,Jacob Degrom Over 6.5 K,0.503,,,,,0,,L,historique-results.json,2026-08-01|mlb|props_k|Jacob Degrom Over 6.5 K|hist,2026-08-01,,Texas Rangers @ Houston Astros,,Jacob Degrom,6.5,7,,,,,,,import results.json,,,1,,,,,
2026-08-01,mlb,props_k,Parker Messick Over 3.5 K,0.563,,,,,0,,W,historique-results.json,2026-08-01|mlb|props_k|Parker Messick Over 3.5 K|hist,2026-08-01,,Arizona Diamondbacks @ Cleveland Guardians,,Parker Messick,3.5,4,,,,,,,import results.json,,,1,,,,,
2026-08-01,mlb,props_k,Max Fried Over 5.5 K,0.543,,,,,0,,W,historique-results.json,2026-08-01|mlb|props_k|Max Fried Over 5.5 K|hist,2026-08-01,,New York Yankees @ Chicago Cubs,,Max Fried,5.5,6,,,,,,,import results.json,,,1,,,,,
2026-07-31,mlb,props_k,Paul Skenes Over 8.5 K,0.587,,,,,0,,L,historique-results.json,2026-07-31|mlb|props_k|Paul Skenes Over 8.5 K|hist,2026-07-31,,Pittsburgh Pirates @ Cincinnati Reds,,Paul Skenes,8.5,9,,,,,,,import results.json,,,1,,,,,
2026-07-31,mlb,props_k,Hunter Greene Over 8.5 K,0.545,,,,,0,,L,historique-results.json,2026-07-31|mlb|props_k|Hunter Greene Over 8.5 K|hist,2026-07-31,,Pittsburgh Pirates @ Cincinnati Reds,,Hunter Greene,8.5,9,,,,,,,import results.json,,,1,,,,,
2026-07-31,mlb,props_k,Dylan Cease Over 7.5 K,0.604,,,,,0,,L,historique-results.json,2026-07-31|mlb|props_k|Dylan Cease Over 7.5 K|hist,2026-07-31,,St. Louis Cardinals @ Toronto Blue Jays,,Dylan Cease,7.5,8,,,,,,,import results.json,,,1,,,,,
2026-07-31,mlb,props_k,Kyle Leahy Over 3.5 K,0.664,,,,,0,,L,historique-results.json,2026-07-31|mlb|props_k|Kyle Leahy Over 3.5 K|hist,2026-07-31,,St. Louis Cardinals @ Toronto Blue Jays,,Kyle Leahy,3.5,4,,,,,,,import results.json,,,1,,,,,
2026-07-31,mlb,props_k,Bryce Elder Over 3.5 K,0.658,,,,,0,,L,historique-results.json,2026-07-31|mlb|props_k|Bryce Elder Over 3.5 K|hist,2026-07-31,,Washington Nationals @ Atlanta Braves,,Bryce Elder,3.5,4,,,,,,,import results.json,,,1,,,,,
2026-07-31,mlb,props_k,Hunter Brown Over 5.5 K,0.502,,,,,0,,L,historique-results.json,2026-07-31|mlb|props_k|Hunter Brown Over 5.5 K|hist,2026-07-31,,Texas Rangers @ Houston Astros,,Hunter Brown,5.5,6,,,,,,,import results.json,,,1,,,,,
2026-07-31,mlb,props_k,Nathan Eovaldi Over 7.5 K,0.62,,,,,0,,L,historique-results.json,2026-07-31|mlb|props_k|Nathan Eovaldi Over 7.5 K|hist,2026-07-31,,Texas Rangers @ Houston Astros,,Nathan Eovaldi,7.5,8,,,,,,,import results.json,,,1,,,,,
2026-07-31,mlb,props_k,Michael Wacha Over 5.5 K,0.522,,,,,0,,W,historique-results.json,2026-07-31|mlb|props_k|Michael Wacha Over 5.5 K|hist,2026-07-31,,Kansas City Royals @ Colorado Rockies,,Michael Wacha,5.5,6,,,,,,,import results.json,,,1,,,,,
2026-07-31,mlb,props_k,Shane Drohan Over 5.5 K,0.639,,,,,0,,W,historique-results.json,2026-07-31|mlb|props_k|Shane Drohan Over 5.5 K|hist,2026-07-31,,Milwaukee Brewers @ Los Angeles Angels,,Shane Drohan,5.5,6,,,,,,,import results.json,,,1,,,,,
2026-07-31,mlb,props_k,Tarik Skubal Over 7.5 K,0.534,,,,,0,,VOID,historique-results.json,2026-07-31|mlb|props_k|Tarik Skubal Over 7.5 K|hist,2026-07-31,,Detroit Tigers @ Athletics,,Tarik Skubal,7.5,8,,,,,,,import results.json,,,1,,,,,
2026-07-31,mlb,props_k,Framber Valdez Over 5.5 K,0.529,,,,,0,,VOID,historique-results.json,2026-07-31|mlb|props_k|Framber Valdez Over 5.5 K|hist,2026-07-31,,Detroit Tigers @ Athletics,,Framber Valdez,5.5,6,,,,,,,import results.json,,,1,,,,,
2026-07-31,mlb,props_k,Bryce Miller Over 5.5 K,0.528,,,,,0,,L,historique-results.json,2026-07-31|mlb|props_k|Bryce Miller Over 5.5 K|hist,2026-07-31,,Minnesota Twins @ Seattle Mariners,,Bryce Miller,5.5,6,,,,,,,import results.json,,,1,,,,,
2026-07-31,mlb,props_k,Carson Whisenhunt Over 4.5 K,0.553,,,,,0,,L,historique-results.json,2026-07-31|mlb|props_k|Carson Whisenhunt Over 4.5 K|hist,2026-07-31,,San Francisco Giants @ San Diego Padres,,Carson Whisenhunt,4.5,5,,,,,,,import results.json,,,1,,,,,
2026-07-31,mlb,props_k,Shota Imanaga Over 5.5 K,0.587,,,,,0,,W,historique-results.json,2026-07-31|mlb|props_k|Shota Imanaga Over 5.5 K|hist,2026-07-31,,New York Yankees @ Chicago Cubs,,Shota Imanaga,5.5,6,,,,,,,import results.json,,,1,,,,,
2026-07-31,mlb,props_k,Kodai Senga Over 4.5 K,0.605,,,,,0,,L,historique-results.json,2026-07-31|mlb|props_k|Kodai Senga Over 4.5 K|hist,2026-07-31,,Miami Marlins @ New York Mets,,Kodai Senga,4.5,5,,,,,,,import results.json,,,1,,,,,
2026-07-31,mlb,props_k,Hunter Brown Over 4.5 K,0.665,,,,,0,,W,historique-results.json,2026-07-31|mlb|props_k|Hunter Brown Over 4.5 K|hist,2026-07-31,,Texas Rangers @ Houston Astros,,Hunter Brown,4.5,5,,,,,,,import results.json,,,1,,,,,
2026-07-31,mlb,props_k,Nathan Eovaldi Over 6.5 K,0.636,,,,,0,,L,historique-results.json,2026-07-31|mlb|props_k|Nathan Eovaldi Over 6.5 K|hist,2026-07-31,,Texas Rangers @ Houston Astros,,Nathan Eovaldi,6.5,7,,,,,,,import results.json,,,1,,,,,
2026-07-30,mlb,props_k,Noah Cameron Over 5.5 K,0.568,,,,,0,,W,historique-results.json,2026-07-30|mlb|props_k|Noah Cameron Over 5.5 K|hist,2026-07-30,,Kansas City Royals @ Minnesota Twins,,Noah Cameron,5.5,6,,,,,,,import results.json,,,1,,,,,
2026-07-30,mlb,props_k,Rhett Lowder Over 5.5 K,0.533,,,,,0,,L,historique-results.json,2026-07-30|mlb|props_k|Rhett Lowder Over 5.5 K|hist,2026-07-30,,Pittsburgh Pirates @ Cincinnati Reds,,Rhett Lowder,5.5,6,,,,,,,import results.json,,,1,,,,,
2026-07-30,mlb,props_k,Nolan Mclean Over 7.5 K,0.505,,,,,0,,L,historique-results.json,2026-07-30|mlb|props_k|Nolan Mclean Over 7.5 K|hist,2026-07-30,,Miami Marlins @ New York Mets,,Nolan Mclean,7.5,8,,,,,,,import results.json,,,1,,,,,
2026-07-30,mlb,props_k,Eury Pérez Over 7.5 K,0.577,,,,,0,,L,historique-results.json,2026-07-30|mlb|props_k|Eury Pérez Over 7.5 K|hist,2026-07-30,,Miami Marlins @ New York Mets,,Eury Pérez,7.5,8,,,,,,,import results.json,,,1,,,,,
2026-07-30,mlb,props_k,Bryan Woo Over 4.5 K,0.636,,,,,0,,W,historique-results.json,2026-07-30|mlb|props_k|Bryan Woo Over 4.5 K|hist,2026-07-30,,Seattle Mariners @ Los Angeles Dodgers,,Bryan Woo,4.5,5,,,,,,,import results.json,,,1,,,,,
2026-07-30,mlb,props_k,Roki Sasaki Over 4.5 K,0.672,,,,,0,,W,historique-results.json,2026-07-30|mlb|props_k|Roki Sasaki Over 4.5 K|hist,2026-07-30,,Seattle Mariners @ Los Angeles Dodgers,,Roki Sasaki,4.5,5,,,,,,,import results.json,,,1,,,,,
2026-07-30,mlb,props_k,Sean Burke Over 8.5 K,0.551,,,,,0,,W,historique-results.json,2026-07-30|mlb|props_k|Sean Burke Over 8.5 K|hist,2026-07-30,,New York Yankees @ Chicago White Sox,,Sean Burke,8.5,9,,,,,,,import results.json,,,1,,,,,
2026-07-30,mlb,props_k,Ryan Weathers Over 5.5 K,0.635,,,,,0,,L,historique-results.json,2026-07-30|mlb|props_k|Ryan Weathers Over 5.5 K|hist,2026-07-30,,New York Yankees @ Chicago White Sox,,Ryan Weathers,5.5,6,,,,,,,import results.json,,,1,,,,,
2026-07-30,mlb,props_k,Jake Irvin Over 5.5 K,0.559,,,,,0,,L,historique-results.json,2026-07-30|mlb|props_k|Jake Irvin Over 5.5 K|hist,2026-07-30,,Washington Nationals @ Atlanta Braves,,Jake Irvin,5.5,6,,,,,,,import results.json,,,1,,,,,
2026-07-30,mlb,props_k,Sean Burke Over 9.5 K,0.521,,,,,0,,W,historique-results.json,2026-07-30|mlb|props_k|Sean Burke Over 9.5 K|hist,2026-07-30,,New York Yankees @ Chicago White Sox,,Sean Burke,9.5,10,,,,,,,import results.json,,,1,,,,,
2026-07-30,mlb,props_k,Rhett Lowder Over 4.5 K,0.689,,,,,0,,W,historique-results.json,2026-07-30|mlb|props_k|Rhett Lowder Over 4.5 K|hist,2026-07-30,,Pittsburgh Pirates @ Cincinnati Reds,,Rhett Lowder,4.5,5,,,,,,,import results.json,,,1,,,,,
2026-07-30,mlb,props_k,Jake Irvin Over 4.5 K,0.583,,,,,0,,L,historique-results.json,2026-07-30|mlb|props_k|Jake Irvin Over 4.5 K|hist,2026-07-30,,Washington Nationals @ Atlanta Braves,,Jake Irvin,4.5,5,,,,,,,import results.json,,,1,,,,,
2026-07-30,mlb,props_k,Roki Sasaki Over 5.5 K,0.502,,,,,0,,W,historique-results.json,2026-07-30|mlb|props_k|Roki Sasaki Over 5.5 K|hist,2026-07-30,,Seattle Mariners @ Los Angeles Dodgers,,Roki Sasaki,5.5,6,,,,,,,import results.json,,,1,,,,,
2026-07-29,mlb,props_k,Jared Jones Over 3.5 K,0.715,,,,,0,,W,historique-results.json,2026-07-29|mlb|props_k|Jared Jones Over 3.5 K|hist,2026-07-29,,Arizona Diamondbacks @ Pittsburgh Pirates,,Jared Jones,3.5,4,,,,,,,import results.json,,,1,,,,,
2026-07-29,mlb,props_k,Christian Scott Over 5.5 K,0.589,,,,,0,,VOID,historique-results.json,2026-07-29|mlb|props_k|Christian Scott Over 5.5 K|hist,2026-07-29,,Atlanta Braves @ New York Mets,,Christian Scott,5.5,6,,,,,,,import results.json,,,1,,,,,
2026-07-29,mlb,props_k,Chris Sale Over 7.5 K,0.622,,,,,0,,VOID,historique-results.json,2026-07-29|mlb|props_k|Chris Sale Over 7.5 K|hist,2026-07-29,,Atlanta Braves @ New York Mets,,Chris Sale,7.5,8,,,,,,,import results.json,,,1,,,,,
2026-07-29,mlb,props_k,Tarik Skubal Over 8.5 K,0.568,,,,,0,,L,historique-results.json,2026-07-29|mlb|props_k|Tarik Skubal Over 8.5 K|hist,2026-07-29,,Baltimore Orioles @ Detroit Tigers,,Tarik Skubal,8.5,9,,,,,,,import results.json,,,1,,,,,
2026-07-29,mlb,props_k,Trevor Rogers Over 4.5 K,0.583,,,,,0,,W,historique-results.json,2026-07-29|mlb|props_k|Trevor Rogers Over 4.5 K|hist,2026-07-29,,Baltimore Orioles @ Detroit Tigers,,Trevor Rogers,4.5,5,,,,,,,import results.json,,,1,,,,,
2026-07-29,mlb,props_k,Joe Ryan Over 6.5 K,0.542,,,,,0,,L,historique-results.json,2026-07-29|mlb|props_k|Joe Ryan Over 6.5 K|hist,2026-07-29,,Kansas City Royals @ Minnesota Twins,,Joe Ryan,6.5,7,,,,,,,import results.json,,,1,,,,,
2026-07-29,mlb,props_k,Trey Yesavage Over 6.5 K,0.502,,,,,0,,L,historique-results.json,2026-07-29|mlb|props_k|Trey Yesavage Over 6.5 K|hist,2026-07-29,,Toronto Blue Jays @ Washington Nationals,,Trey Yesavage,6.5,7,,,,,,,import results.json,,,1,,,,,
2026-07-29,mlb,props_k,Shane Drohan Over 6.5 K,0.509,,,,,0,,VOID,historique-results.json,2026-07-29|mlb|props_k|Shane Drohan Over 6.5 K|hist,2026-07-29,,Milwaukee Brewers @ San Francisco Giants,,Shane Drohan,6.5,7,,,,,,,import results.json,,,1,,,,,
2026-07-29,mlb,props_k,Gabriel Hughes Over 3.5 K,0.718,,,,,0,,L,historique-results.json,2026-07-29|mlb|props_k|Gabriel Hughes Over 3.5 K|hist,2026-07-29,,Colorado Rockies @ San Diego Padres,,Gabriel Hughes,3.5,4,,,,,,,import results.json,,,1,,,,,
2026-07-29,mlb,props_k,Joey Cantillo Over 6.5 K,0.524,,,,,0,,W,historique-results.json,2026-07-29|mlb|props_k|Joey Cantillo Over 6.5 K|hist,2026-07-29,,Cleveland Guardians @ Cincinnati Reds,,Joey Cantillo,6.5,7,,,,,,,import results.json,,,1,,,,,
2026-07-29,mlb,props_k,Cam Schlittler Over 7.5 K,0.611,,,,,0,,W,historique-results.json,2026-07-29|mlb|props_k|Cam Schlittler Over 7.5 K|hist,2026-07-29,,New York Yankees @ Chicago White Sox,,Cam Schlittler,7.5,8,,,,,,,import results.json,,,1,,,,,
2026-07-29,mlb,props_k,Dustin May Over 6.5 K,0.512,,,,,0,,L,historique-results.json,2026-07-29|mlb|props_k|Dustin May Over 6.5 K|hist,2026-07-29,,Chicago Cubs @ St. Louis Cardinals,,Dustin May,6.5,7,,,,,,,import results.json,,,1,,,,,
2026-07-29,mlb,props_k,Trey Yesavage Over 5.5 K,0.638,,,,,0,,L,historique-results.json,2026-07-29|mlb|props_k|Trey Yesavage Over 5.5 K|hist,2026-07-29,,Toronto Blue Jays @ Washington Nationals,,Trey Yesavage,5.5,6,,,,,,,import results.json,,,1,,,,,
2026-07-29,mlb,props_k,Chris Sale Over 8.5 K,0.513,,,,,0,,VOID,historique-results.json,2026-07-29|mlb|props_k|Chris Sale Over 8.5 K|hist,2026-07-29,,Atlanta Braves @ New York Mets,,Chris Sale,8.5,9,,,,,,,import results.json,,,1,,,,,
2026-07-29,mlb,props_k,Tarik Skubal Over 7.5 K,0.581,,,,,0,,L,historique-results.json,2026-07-29|mlb|props_k|Tarik Skubal Over 7.5 K|hist,2026-07-29,,Baltimore Orioles @ Detroit Tigers,,Tarik Skubal,7.5,8,,,,,,,import results.json,,,1,,,,,
2026-07-29,mlb,props_k,Joe Ryan Over 5.5 K,0.58,,,,,0,,L,historique-results.json,2026-07-29|mlb|props_k|Joe Ryan Over 5.5 K|hist,2026-07-29,,Kansas City Royals @ Minnesota Twins,,Joe Ryan,5.5,6,,,,,,,import results.json,,,1,,,,,
2026-07-28,mlb,props_k,Gavin Williams Over 8.5 K,0.541,,,,,0,,VOID,historique-results.json,2026-07-28|mlb|props_k|Gavin Williams Over 8.5 K|hist,2026-07-28,,Cleveland Guardians @ Cincinnati Reds,,Gavin Williams,8.5,9,,,,,,,import results.json,,,1,,,,,
2026-07-28,mlb,props_k,Bubba Chandler Over 3.5 K,0.509,,,,,0,,L,historique-results.json,2026-07-28|mlb|props_k|Bubba Chandler Over 3.5 K|hist,2026-07-28,,Arizona Diamondbacks @ Pittsburgh Pirates,,Bubba Chandler,3.5,4,,,,,,,import results.json,,,1,,,,,
2026-07-28,mlb,props_k,Dean Kremer Over 4.5 K,0.568,,,,,0,,L,historique-results.json,2026-07-28|mlb|props_k|Dean Kremer Over 4.5 K|hist,2026-07-28,,Baltimore Orioles @ Detroit Tigers,,Dean Kremer,4.5,5,,,,,,,import results.json,,,1,,,,,
2026-07-28,mlb,props_k,Troy Melton Over 6.5 K,0.595,,,,,0,,L,historique-results.json,2026-07-28|mlb|props_k|Troy Melton Over 6.5 K|hist,2026-07-28,,Baltimore Orioles @ Detroit Tigers,,Troy Melton,6.5,7,,,,,,,import results.json,,,1,,,,,
2026-07-28,mlb,props_k,Sandy Alcantara Over 6.5 K,0.643,,,,,0,,L,historique-results.json,2026-07-28|mlb|props_k|Sandy Alcantara Over 6.5 K|hist,2026-07-28,,Philadelphia Phillies @ Miami Marlins,,Sandy Alcantara,6.5,7,,,,,,,import results.json,,,1,,,,,
2026-07-28,mlb,props_k,Aaron Nola Over 5.5 K,0.626,,,,,0,,L,historique-results.json,2026-07-28|mlb|props_k|Aaron Nola Over 5.5 K|hist,2026-07-28,,Philadelphia Phillies @ Miami Marlins,,Aaron Nola,5.5,6,,,,,,,import results.json,,,1,,,,,
2026-07-28,mlb,props_k,Griffin Jax Over 5.5 K,0.57,,,,,0,,W,historique-results.json,2026-07-28|mlb|props_k|Griffin Jax Over 5.5 K|hist,2026-07-28,,Texas Rangers @ Tampa Bay Rays,,Griffin Jax,5.5,6,,,,,,,import results.json,,,1,,,,,
2026-07-28,mlb,props_k,Cade Cavalli Over 5.5 K,0.626,,,,,0,,L,historique-results.json,2026-07-28|mlb|props_k|Cade Cavalli Over 5.5 K|hist,2026-07-28,,Toronto Blue Jays @ Washington Nationals,,Cade Cavalli,5.5,6,,,,,,,import results.json,,,1,,,,,
2026-07-28,mlb,props_k,Christian Scott Over 5.5 K,0.589,,,,,0,,VOID,historique-results.json,2026-07-28|mlb|props_k|Christian Scott Over 5.5 K|hist,2026-07-28,,Atlanta Braves @ New York Mets,,Christian Scott,5.5,6,,,,,,,import results.json,,,1,,,,,
2026-07-28,mlb,props_k,Chris Sale Over 7.5 K,0.622,,,,,0,,VOID,historique-results.json,2026-07-28|mlb|props_k|Chris Sale Over 7.5 K|hist,2026-07-28,,Atlanta Braves @ New York Mets,,Chris Sale,7.5,8,,,,,,,import results.json,,,1,,,,,
2026-07-28,mlb,props_k,Gerrit Cole Over 6.5 K,0.602,,,,,0,,W,historique-results.json,2026-07-28|mlb|props_k|Gerrit Cole Over 6.5 K|hist,2026-07-28,,New York Yankees @ Chicago White Sox,,Gerrit Cole,6.5,7,,,,,,,import results.json,,,1,,,,,
2026-07-28,mlb,props_k,Seth Lugo Over 4.5 K,0.533,,,,,0,,L,historique-results.json,2026-07-28|mlb|props_k|Seth Lugo Over 4.5 K|hist,2026-07-28,,Kansas City Royals @ Minnesota Twins,,Seth Lugo,4.5,5,,,,,,,import results.json,,,1,,,,,
2026-07-28,mlb,props_k,Peter Lambert Over 6.5 K,0.625,,,,,0,,L,historique-results.json,2026-07-28|mlb|props_k|Peter Lambert Over 6.5 K|hist,2026-07-28,,Houston Astros @ Los Angeles Angels,,Peter Lambert,6.5,7,,,,,,,import results.json,,,1,,,,,
2026-07-28,mlb,props_k,Landen Roupp Over 5.5 K,0.528,,,,,0,,L,historique-results.json,2026-07-28|mlb|props_k|Landen Roupp Over 5.5 K|hist,2026-07-28,,Milwaukee Brewers @ San Francisco Giants,,Landen Roupp,5.5,6,,,,,,,import results.json,,,1,,,,,
2026-07-28,mlb,props_k,Logan Henderson Over 5.5 K,0.651,,,,,0,,W,historique-results.json,2026-07-28|mlb|props_k|Logan Henderson Over 5.5 K|hist,2026-07-28,,Milwaukee Brewers @ San Francisco Giants,,Logan Henderson,5.5,6,,,,,,,import results.json,,,1,,,,,
2026-07-28,mlb,props_k,Justin Wrobleski Over 5.5 K,0.6,,,,,0,,W,historique-results.json,2026-07-28|mlb|props_k|Justin Wrobleski Over 5.5 K|hist,2026-07-28,,Seattle Mariners @ Los Angeles Dodgers,,Justin Wrobleski,5.5,6,,,,,,,import results.json,,,1,,,,,
2026-07-28,mlb,props_k,Sandy Alcantara Over 7.5 K,0.505,,,,,0,,L,historique-results.json,2026-07-28|mlb|props_k|Sandy Alcantara Over 7.5 K|hist,2026-07-28,,Philadelphia Phillies @ Miami Marlins,,Sandy Alcantara,7.5,8,,,,,,,import results.json,,,1,,,,,
2026-07-28,mlb,props_k,Troy Melton Over 5.5 K,0.647,,,,,0,,L,historique-results.json,2026-07-28|mlb|props_k|Troy Melton Over 5.5 K|hist,2026-07-28,,Baltimore Orioles @ Detroit Tigers,,Troy Melton,5.5,6,,,,,,,import results.json,,,1,,,,,
2026-07-28,mlb,props_k,Seth Lugo Over 3.5 K,0.726,,,,,0,,L,historique-results.json,2026-07-28|mlb|props_k|Seth Lugo Over 3.5 K|hist,2026-07-28,,Kansas City Royals @ Minnesota Twins,,Seth Lugo,3.5,4,,,,,,,import results.json,,,1,,,,,
2026-07-28,mlb,props_k,Reid Detmers Over 5.5 K,0.566,,,,,0,,W,historique-results.json,2026-07-28|mlb|props_k|Reid Detmers Over 5.5 K|hist,2026-07-28,,Houston Astros @ Los Angeles Angels,,Reid Detmers,5.5,6,,,,,,,import results.json,,,1,,,,,
2026-07-28,mlb,props_k,Landen Roupp Over 4.5 K,0.675,,,,,0,,L,historique-results.json,2026-07-28|mlb|props_k|Landen Roupp Over 4.5 K|hist,2026-07-28,,Milwaukee Brewers @ San Francisco Giants,,Landen Roupp,4.5,5,,,,,,,import results.json,,,1,,,,,
2026-07-28,mlb,props_k,Logan Henderson Over 6.5 K,0.507,,,,,0,,W,historique-results.json,2026-07-28|mlb|props_k|Logan Henderson Over 6.5 K|hist,2026-07-28,,Milwaukee Brewers @ San Francisco Giants,,Logan Henderson,6.5,7,,,,,,,import results.json,,,1,,,,,
2026-07-27,mlb,props_k,Kumar Rocker Over 4.5 K,0.553,,,,,0,,W,historique-results.json,2026-07-27|mlb|props_k|Kumar Rocker Over 4.5 K|hist,2026-07-27,,Seattle Mariners @ Texas Rangers,,Kumar Rocker,4.5,5,,,,,,,import results.json,,,1,,,,,
2026-07-27,mlb,props_k,George Kirby Over 5.5 K,0.568,,,,,0,,L,historique-results.json,2026-07-27|mlb|props_k|George Kirby Over 5.5 K|hist,2026-07-27,,Seattle Mariners @ Texas Rangers,,George Kirby,5.5,6,,,,,,,import results.json,,,1,,,,,
2026-07-27,mlb,props_k,Kyle Bradish Over 4.5 K,0.686,,,,,0,,L,historique-results.json,2026-07-27|mlb|props_k|Kyle Bradish Over 4.5 K|hist,2026-07-27,,Baltimore Orioles @ Detroit Tigers,,Kyle Bradish,4.5,5,,,,,,,import results.json,,,1,,,,,
2026-07-27,mlb,props_k,Zack Wheeler Over 9.5 K,0.623,,,,,0,,L,historique-results.json,2026-07-27|mlb|props_k|Zack Wheeler Over 9.5 K|hist,2026-07-27,,Philadelphia Phillies @ Miami Marlins,,Zack Wheeler,9.5,10,,,,,,,import results.json,,,1,,,,,
2026-07-27,mlb,props_k,Chase Burns Over 5.5 K,0.658,,,,,0,,L,historique-results.json,2026-07-27|mlb|props_k|Chase Burns Over 5.5 K|hist,2026-07-27,,Cleveland Guardians @ Cincinnati Reds,,Chase Burns,5.5,6,,,,,,,import results.json,,,1,,,,,
2026-07-27,mlb,props_k,Max Fried Over 5.5 K,0.561,,,,,0,,L,historique-results.json,2026-07-27|mlb|props_k|Max Fried Over 5.5 K|hist,2026-07-27,,New York Yankees @ Chicago White Sox,,Max Fried,5.5,6,,,,,,,import results.json,,,1,,,,,
2026-07-27,mlb,props_k,Walbert Ureña Over 4.5 K,0.56,,,,,0,,W,historique-results.json,2026-07-27|mlb|props_k|Walbert Ureña Over 4.5 K|hist,2026-07-27,,Houston Astros @ Los Angeles Angels,,Walbert Ureña,4.5,5,,,,,,,import results.json,,,1,,,,,
2026-07-27,mlb,props_k,Tatsuya Imai Over 8.5 K,0.565,,,,,0,,L,historique-results.json,2026-07-27|mlb|props_k|Tatsuya Imai Over 8.5 K|hist,2026-07-27,,Houston Astros @ Los Angeles Angels,,Tatsuya Imai,8.5,9,,,,,,,import results.json,,,1,,,,,
2026-07-27,mlb,props_k,Brandon Sproat Over 4.5 K,0.678,,,,,0,,W,historique-results.json,2026-07-27|mlb|props_k|Brandon Sproat Over 4.5 K|hist,2026-07-27,,Milwaukee Brewers @ San Francisco Giants,,Brandon Sproat,4.5,5,,,,,,,import results.json,,,1,,,,,
2026-07-27,mlb,props_k,Matthew Liberatore Over 5.5 K,0.658,,,,,0,,L,historique-results.json,2026-07-27|mlb|props_k|Matthew Liberatore Over 5.5 K|hist,2026-07-27,,Chicago Cubs @ St. Louis Cardinals,,Matthew Liberatore,5.5,6,,,,,,,import results.json,,,1,,,,,
2026-07-27,mlb,props_k,Max Fried Over 4.5 K,0.625,,,,,0,,L,historique-results.json,2026-07-27|mlb|props_k|Max Fried Over 4.5 K|hist,2026-07-27,,New York Yankees @ Chicago White Sox,,Max Fried,4.5,5,,,,,,,import results.json,,,1,,,,,
2026-07-27,mlb,props_k,Matthew Liberatore Over 6.5 K,0.529,,,,,0,,L,historique-results.json,2026-07-27|mlb|props_k|Matthew Liberatore Over 6.5 K|hist,2026-07-27,,Chicago Cubs @ St. Louis Cardinals,,Matthew Liberatore,6.5,7,,,,,,,import results.json,,,1,,,,,
2026-07-27,mlb,props_k,Brandon Sproat Over 5.5 K,0.537,,,,,0,,L,historique-results.json,2026-07-27|mlb|props_k|Brandon Sproat Over 5.5 K|hist,2026-07-27,,Milwaukee Brewers @ San Francisco Giants,,Brandon Sproat,5.5,6,,,,,,,import results.json,,,1,,,,,
2026-07-26,mlb,props_k,Parker Messick Over 4.5 K,0.605,,,,,0,,W,historique-results.json,2026-07-26|mlb|props_k|Parker Messick Over 4.5 K|hist,2026-07-26,,Cleveland Guardians @ Tampa Bay Rays,,Parker Messick,4.5,5,,,,,,,import results.json,,,1,,,,,
2026-07-26,mlb,props_k,Drew Rasmussen Over 4.5 K,0.681,,,,,0,,W,historique-results.json,2026-07-26|mlb|props_k|Drew Rasmussen Over 4.5 K|hist,2026-07-26,,Cleveland Guardians @ Tampa Bay Rays,,Drew Rasmussen,4.5,5,,,,,,,import results.json,,,1,,,,,
2026-07-26,mlb,props_k,Shane Baz Over 5.5 K,0.58,,,,,0,,L,historique-results.json,2026-07-26|mlb|props_k|Shane Baz Over 5.5 K|hist,2026-07-26,,Atlanta Braves @ Baltimore Orioles,,Shane Baz,5.5,6,,,,,,,import results.json,,,1,,,,,
2026-07-26,mlb,props_k,Kevin Gausman Over 5.5 K,0.642,,,,,0,,W,historique-results.json,2026-07-26|mlb|props_k|Kevin Gausman Over 5.5 K|hist,2026-07-26,,Toronto Blue Jays @ Boston Red Sox,,Kevin Gausman,5.5,6,,,,,,,import results.json,,,1,,,,,
2026-07-26,mlb,props_k,Braxton Ashcraft Over 6.5 K,0.631,,,,,0,,L,historique-results.json,2026-07-26|mlb|props_k|Braxton Ashcraft Over 6.5 K|hist,2026-07-26,,Chicago Cubs @ Pittsburgh Pirates,,Braxton Ashcraft,6.5,7,,,,,,,import results.json,,,1,,,,,
2026-07-26,mlb,props_k,Jameson Taillon Over 5.5 K,0.592,,,,,0,,L,historique-results.json,2026-07-26|mlb|props_k|Jameson Taillon Over 5.5 K|hist,2026-07-26,,Chicago Cubs @ Pittsburgh Pirates,,Jameson Taillon,5.5,6,,,,,,,import results.json,,,1,,,,,
2026-07-26,mlb,props_k,Framber Valdez Over 4.5 K,0.618,,,,,0,,L,historique-results.json,2026-07-26|mlb|props_k|Framber Valdez Over 4.5 K|hist,2026-07-26,,Kansas City Royals @ Detroit Tigers,,Framber Valdez,4.5,5,,,,,,,import results.json,,,1,,,,,
2026-07-26,mlb,props_k,Emmet Sheehan Over 6.5 K,0.529,,,,,0,,L,historique-results.json,2026-07-26|mlb|props_k|Emmet Sheehan Over 6.5 K|hist,2026-07-26,,Los Angeles Dodgers @ New York Mets,,Emmet Sheehan,6.5,7,,,,,,,import results.json,,,1,,,,,
2026-07-26,mlb,props_k,Walker Buehler Over 4.5 K,0.689,,,,,0,,W,historique-results.json,2026-07-26|mlb|props_k|Walker Buehler Over 4.5 K|hist,2026-07-26,,San Diego Padres @ Miami Marlins,,Walker Buehler,4.5,5,,,,,,,import results.json,,,1,,,,,
2026-07-26,mlb,props_k,Joe Ryan Over 5.5 K,0.627,,,,,0,,VOID,historique-results.json,2026-07-26|mlb|props_k|Joe Ryan Over 5.5 K|hist,2026-07-26,,Athletics @ Minnesota Twins,,Joe Ryan,5.5,6,,,,,,,import results.json,,,1,,,,,
2026-07-26,mlb,props_k,Kyle Freeland Over 5.5 K,0.531,,,,,0,,L,historique-results.json,2026-07-26|mlb|props_k|Kyle Freeland Over 5.5 K|hist,2026-07-26,,Colorado Rockies @ Milwaukee Brewers,,Kyle Freeland,5.5,6,,,,,,,import results.json,,,1,,,,,
2026-07-26,mlb,props_k,Andrew Abbott Over 4.5 K,0.638,,,,,0,,L,historique-results.json,2026-07-26|mlb|props_k|Andrew Abbott Over 4.5 K|hist,2026-07-26,,Cincinnati Reds @ St. Louis Cardinals,,Andrew Abbott,4.5,5,,,,,,,import results.json,,,1,,,,,
2026-07-26,mlb,props_k,Logan Gilbert Over 6.5 K,0.583,,,,,0,,L,historique-results.json,2026-07-26|mlb|props_k|Logan Gilbert Over 6.5 K|hist,2026-07-26,,Seattle Mariners @ Texas Rangers,,Logan Gilbert,6.5,7,,,,,,,import results.json,,,1,,,,,
2026-07-26,mlb,props_k,Jacob Degrom Over 6.5 K,0.538,,,,,0,,L,historique-results.json,2026-07-26|mlb|props_k|Jacob Degrom Over 6.5 K|hist,2026-07-26,,Seattle Mariners @ Texas Rangers,,Jacob Degrom,6.5,7,,,,,,,import results.json,,,1,,,,,
2026-07-26,mlb,props_k,José Soriano Over 5.5 K,0.6,,,,,0,,L,historique-results.json,2026-07-26|mlb|props_k|José Soriano Over 5.5 K|hist,2026-07-26,,Los Angeles Angels @ San Francisco Giants,,José Soriano,5.5,6,,,,,,,import results.json,,,1,,,,,
2026-07-26,mlb,props_k,Cristopher Sánchez Over 7.5 K,0.522,,,,,0,,L,historique-results.json,2026-07-26|mlb|props_k|Cristopher Sánchez Over 7.5 K|hist,2026-07-26,,New York Yankees @ Philadelphia Phillies,,Cristopher Sánchez,7.5,8,,,,,,,import results.json,,,1,,,,,
2026-07-26,mlb,props_k,Ronel Blanco Over 5.5 K,0.546,,,,,0,,L,historique-results.json,2026-07-26|mlb|props_k|Ronel Blanco Over 5.5 K|hist,2026-07-26,,Houston Astros @ Chicago White Sox,,Ronel Blanco,5.5,6,,,,,,,import results.json,,,1,,,,,
2026-07-26,mlb,props_k,Jacob Misiorowski Over 7.5 K,0.564,,,,,0,,W,historique-results.json,2026-07-26|mlb|props_k|Jacob Misiorowski Over 7.5 K|hist,2026-07-26,,Colorado Rockies @ Milwaukee Brewers,,Jacob Misiorowski,7.5,8,,,,,,,import results.json,,,1,,,,,
2026-07-26,mlb,props_k,Kevin Gausman Over 6.5 K,0.5,,,,,0,,L,historique-results.json,2026-07-26|mlb|props_k|Kevin Gausman Over 6.5 K|hist,2026-07-26,,Toronto Blue Jays @ Boston Red Sox,,Kevin Gausman,6.5,7,,,,,,,import results.json,,,1,,,,,
2026-07-26,mlb,props_k,Braxton Ashcraft Over 7.5 K,0.503,,,,,0,,L,historique-results.json,2026-07-26|mlb|props_k|Braxton Ashcraft Over 7.5 K|hist,2026-07-26,,Chicago Cubs @ Pittsburgh Pirates,,Braxton Ashcraft,7.5,8,,,,,,,import results.json,,,1,,,,,
2026-07-26,mlb,props_k,Walker Buehler Over 5.5 K,0.557,,,,,0,,W,historique-results.json,2026-07-26|mlb|props_k|Walker Buehler Over 5.5 K|hist,2026-07-26,,San Diego Padres @ Miami Marlins,,Walker Buehler,5.5,6,,,,,,,import results.json,,,1,,,,,
2026-07-26,mlb,props_k,Ronel Blanco Over 4.5 K,0.64,,,,,0,,L,historique-results.json,2026-07-26|mlb|props_k|Ronel Blanco Over 4.5 K|hist,2026-07-26,,Houston Astros @ Chicago White Sox,,Ronel Blanco,4.5,5,,,,,,,import results.json,,,1,,,,,
2026-07-26,mlb,props_k,Kyle Freeland Over 4.5 K,0.553,,,,,0,,L,historique-results.json,2026-07-26|mlb|props_k|Kyle Freeland Over 4.5 K|hist,2026-07-26,,Colorado Rockies @ Milwaukee Brewers,,Kyle Freeland,4.5,5,,,,,,,import results.json,,,1,,,,,
2026-07-26,mlb,props_k,Jacob Misiorowski Over 8.5 K,0.572,,,,,0,,W,historique-results.json,2026-07-26|mlb|props_k|Jacob Misiorowski Over 8.5 K|hist,2026-07-26,,Colorado Rockies @ Milwaukee Brewers,,Jacob Misiorowski,8.5,9,,,,,,,import results.json,,,1,,,,,
2026-07-26,mlb,props_k,Andrew Abbott Over 3.5 K,0.711,,,,,0,,W,historique-results.json,2026-07-26|mlb|props_k|Andrew Abbott Over 3.5 K|hist,2026-07-26,,Cincinnati Reds @ St. Louis Cardinals,,Andrew Abbott,3.5,4,,,,,,,import results.json,,,1,,,,,
2026-07-26,mlb,props_k,Logan Gilbert Over 5.5 K,0.582,,,,,0,,L,historique-results.json,2026-07-26|mlb|props_k|Logan Gilbert Over 5.5 K|hist,2026-07-26,,Seattle Mariners @ Texas Rangers,,Logan Gilbert,5.5,6,,,,,,,import results.json,,,1,,,,,
2026-07-25,mlb,props_k,Casey Mize Over 4.5 K,0.684,,,,,0,,L,historique-results.json,2026-07-25|mlb|props_k|Casey Mize Over 4.5 K|hist,2026-07-25,,Kansas City Royals @ Detroit Tigers,,Casey Mize,4.5,5,,,,,,,import results.json,,,1,,,,,
2026-07-25,mlb,props_k,Michael Wacha Over 5.5 K,0.548,,,,,0,,L,historique-results.json,2026-07-25|mlb|props_k|Michael Wacha Over 5.5 K|hist,2026-07-25,,Kansas City Royals @ Detroit Tigers,,Michael Wacha,5.5,6,,,,,,,import results.json,,,1,,,,,
2026-07-25,mlb,props_k,Foster Griffin Over 5.5 K,0.654,,,,,0,,L,historique-results.json,2026-07-25|mlb|props_k|Foster Griffin Over 5.5 K|hist,2026-07-25,,Arizona Diamondbacks @ Washington Nationals,,Foster Griffin,5.5,6,,,,,,,import results.json,,,1,,,,,
2026-07-25,mlb,props_k,Robbie Ray Over 5.5 K,0.51,,,,,0,,L,historique-results.json,2026-07-25|mlb|props_k|Robbie Ray Over 5.5 K|hist,2026-07-25,,Los Angeles Angels @ San Francisco Giants,,Robbie Ray,5.5,6,,,,,,,import results.json,,,1,,,,,
2026-07-25,mlb,props_k,Dylan Cease Over 7.5 K,0.576,,,,,0,,W,historique-results.json,2026-07-25|mlb|props_k|Dylan Cease Over 7.5 K|hist,2026-07-25,,Toronto Blue Jays @ Boston Red Sox,,Dylan Cease,7.5,8,,,,,,,import results.json,,,1,,,,,
2026-07-25,mlb,props_k,Ryan Weathers Over 6.5 K,0.595,,,,,0,,W,historique-results.json,2026-07-25|mlb|props_k|Ryan Weathers Over 6.5 K|hist,2026-07-25,,New York Yankees @ Philadelphia Phillies,,Ryan Weathers,6.5,7,,,,,,,import results.json,,,1,,,,,
2026-07-25,mlb,props_k,Paul Skenes Over 6.5 K,0.584,,,,,0,,W,historique-results.json,2026-07-25|mlb|props_k|Paul Skenes Over 6.5 K|hist,2026-07-25,,Chicago Cubs @ Pittsburgh Pirates,,Paul Skenes,6.5,7,,,,,,,import results.json,,,1,,,,,
2026-07-25,mlb,props_k,Shota Imanaga Over 5.5 K,0.612,,,,,0,,L,historique-results.json,2026-07-25|mlb|props_k|Shota Imanaga Over 5.5 K|hist,2026-07-25,,Chicago Cubs @ Pittsburgh Pirates,,Shota Imanaga,5.5,6,,,,,,,import results.json,,,1,,,,,
2026-07-25,mlb,props_k,Joe Ryan Over 5.5 K,0.641,,,,,0,,VOID,historique-results.json,2026-07-25|mlb|props_k|Joe Ryan Over 5.5 K|hist,2026-07-25,,Athletics @ Minnesota Twins,,Joe Ryan,5.5,6,,,,,,,import results.json,,,1,,,,,
2026-07-25,mlb,props_k,Sean Burke Over 5.5 K,0.613,,,,,0,,W,historique-results.json,2026-07-25|mlb|props_k|Sean Burke Over 5.5 K|hist,2026-07-25,,Houston Astros @ Chicago White Sox,,Sean Burke,5.5,6,,,,,,,import results.json,,,1,,,,,
2026-07-25,mlb,props_k,Hunter Greene Over 7.5 K,0.561,,,,,0,,L,historique-results.json,2026-07-25|mlb|props_k|Hunter Greene Over 7.5 K|hist,2026-07-25,,Cincinnati Reds @ St. Louis Cardinals,,Hunter Greene,7.5,8,,,,,,,import results.json,,,1,,,,,
2026-07-25,mlb,props_k,Yoshinobu Yamamoto Over 6.5 K,0.625,,,,,0,,L,historique-results.json,2026-07-25|mlb|props_k|Yoshinobu Yamamoto Over 6.5 K|hist,2026-07-25,,Los Angeles Dodgers @ New York Mets,,Yoshinobu Yamamoto,6.5,7,,,,,,,import results.json,,,1,,,,,
2026-07-25,mlb,props_k,Nolan Mclean Over 6.5 K,0.618,,,,,0,,W,historique-results.json,2026-07-25|mlb|props_k|Nolan Mclean Over 6.5 K|hist,2026-07-25,,Los Angeles Dodgers @ New York Mets,,Nolan Mclean,6.5,7,,,,,,,import results.json,,,1,,,,,
2026-07-25,mlb,props_k,Nathan Eovaldi Over 7.5 K,0.503,,,,,0,,W,historique-results.json,2026-07-25|mlb|props_k|Nathan Eovaldi Over 7.5 K|hist,2026-07-25,,Seattle Mariners @ Texas Rangers,,Nathan Eovaldi,7.5,8,,,,,,,import results.json,,,1,,,,,
2026-07-25,mlb,props_k,Eury Pérez Over 5.5 K,0.665,,,,,0,,L,historique-results.json,2026-07-25|mlb|props_k|Eury Pérez Over 5.5 K|hist,2026-07-25,,San Diego Padres @ Miami Marlins,,Eury Pérez,5.5,6,,,,,,,import results.json,,,1,,,,,
2026-07-25,mlb,props_k,Dylan Cease Over 6.5 K,0.639,,,,,0,,W,historique-results.json,2026-07-25|mlb|props_k|Dylan Cease Over 6.5 K|hist,2026-07-25,,Toronto Blue Jays @ Boston Red Sox,,Dylan Cease,6.5,7,,,,,,,import results.json,,,1,,,,,
2026-07-25,mlb,props_k,Dylan Cease Over 8.5 K,0.581,,,,,0,,W,historique-results.json,2026-07-25|mlb|props_k|Dylan Cease Over 8.5 K|hist,2026-07-25,,Toronto Blue Jays @ Boston Red Sox,,Dylan Cease,8.5,9,,,,,,,import results.json,,,1,,,,,
2026-07-25,mlb,props_k,Yoshinobu Yamamoto Over 7.5 K,0.534,,,,,0,,L,historique-results.json,2026-07-25|mlb|props_k|Yoshinobu Yamamoto Over 7.5 K|hist,2026-07-25,,Los Angeles Dodgers @ New York Mets,,Yoshinobu Yamamoto,7.5,8,,,,,,,import results.json,,,1,,,,,
2026-07-25,mlb,props_k,Bryan Woo Over 4.5 K,0.672,,,,,0,,W,historique-results.json,2026-07-25|mlb|props_k|Bryan Woo Over 4.5 K|hist,2026-07-25,,Seattle Mariners @ Texas Rangers,,Bryan Woo,4.5,5,,,,,,,import results.json,,,1,,,,,
2026-07-25,mlb,props_k,Hunter Brown Over 4.5 K,0.659,,,,,0,,W,historique-results.json,2026-07-25|mlb|props_k|Hunter Brown Over 4.5 K|hist,2026-07-25,,Houston Astros @ Chicago White Sox,,Hunter Brown,4.5,5,,,,,,,import results.json,,,1,,,,,
2026-07-24,mlb,props_k,Shane Drohan Over 4.5 K,0.676,,,,,0,,W,historique-results.json,2026-07-24|mlb|props_k|Shane Drohan Over 4.5 K|hist,2026-07-24,,Colorado Rockies @ Milwaukee Brewers,,Shane Drohan,4.5,5,,,,,,,import results.json,,,1,,,,,
2026-07-24,mlb,props_k,Jared Jones Over 6.5 K,0.51,,,,,0,,L,historique-results.json,2026-07-24|mlb|props_k|Jared Jones Over 6.5 K|hist,2026-07-24,,Chicago Cubs @ Pittsburgh Pirates,,Jared Jones,6.5,7,,,,,,,import results.json,,,1,,,,,
2026-07-24,mlb,props_k,Joey Cantillo Over 5.5 K,0.504,,,,,0,,L,historique-results.json,2026-07-24|mlb|props_k|Joey Cantillo Over 5.5 K|hist,2026-07-24,,Cleveland Guardians @ Tampa Bay Rays,,Joey Cantillo,5.5,6,,,,,,,import results.json,,,1,,,,,
2026-07-24,mlb,props_k,Trey Yesavage Over 5.5 K,0.552,,,,,0,,W,historique-results.json,2026-07-24|mlb|props_k|Trey Yesavage Over 5.5 K|hist,2026-07-24,,Toronto Blue Jays @ Boston Red Sox,,Trey Yesavage,5.5,6,,,,,,,import results.json,,,1,,,,,
2026-07-24,mlb,props_k,Spencer Arrighetti Over 5.5 K,0.618,,,,,0,,L,historique-results.json,2026-07-24|mlb|props_k|Spencer Arrighetti Over 5.5 K|hist,2026-07-24,,Houston Astros @ Chicago White Sox,,Spencer Arrighetti,5.5,6,,,,,,,import results.json,,,1,,,,,
2026-07-24,mlb,props_k,Bryce Miller Over 6.5 K,0.645,,,,,0,,L,historique-results.json,2026-07-24|mlb|props_k|Bryce Miller Over 6.5 K|hist,2026-07-24,,Seattle Mariners @ Texas Rangers,,Bryce Miller,6.5,7,,,,,,,import results.json,,,1,,,,,
2026-07-24,mlb,props_k,Joe Ryan Over 6.5 K,0.527,,,,,0,,VOID,historique-results.json,2026-07-24|mlb|props_k|Joe Ryan Over 6.5 K|hist,2026-07-24,,Athletics @ Minnesota Twins,,Joe Ryan,6.5,7,,,,,,,import results.json,,,1,,,,,
2026-07-24,mlb,props_k,Dustin May Over 5.5 K,0.531,,,,,0,,W,historique-results.json,2026-07-24|mlb|props_k|Dustin May Over 5.5 K|hist,2026-07-24,,Cincinnati Reds @ St. Louis Cardinals,,Dustin May,5.5,6,,,,,,,import results.json,,,1,,,,,
2026-07-24,mlb,props_k,Rhett Lowder Over 4.5 K,0.622,,,,,0,,L,historique-results.json,2026-07-24|mlb|props_k|Rhett Lowder Over 4.5 K|hist,2026-07-24,,Cincinnati Reds @ St. Louis Cardinals,,Rhett Lowder,4.5,5,,,,,,,import results.json,,,1,,,,,
2026-07-24,mlb,props_k,Logan Webb Over 5.5 K,0.605,,,,,0,,L,historique-results.json,2026-07-24|mlb|props_k|Logan Webb Over 5.5 K|hist,2026-07-24,,Los Angeles Angels @ San Francisco Giants,,Logan Webb,5.5,6,,,,,,,import results.json,,,1,,,,,
2026-07-24,mlb,props_k,Cam Schlittler Over 7.5 K,0.623,,,,,0,,W,historique-results.json,2026-07-24|mlb|props_k|Cam Schlittler Over 7.5 K|hist,2026-07-24,,New York Yankees @ Philadelphia Phillies,,Cam Schlittler,7.5,8,,,,,,,import results.json,,,1,,,,,
2026-07-24,mlb,props_k,Trevor Rogers Over 4.5 K,0.564,,,,,0,,W,historique-results.json,2026-07-24|mlb|props_k|Trevor Rogers Over 4.5 K|hist,2026-07-24,,Atlanta Braves @ Baltimore Orioles,,Trevor Rogers,4.5,5,,,,,,,import results.json,,,1,,,,,
2026-07-24,mlb,props_k,Cam Schlittler Over 8.5 K,0.521,,,,,0,,W,historique-results.json,2026-07-24|mlb|props_k|Cam Schlittler Over 8.5 K|hist,2026-07-24,,New York Yankees @ Philadelphia Phillies,,Cam Schlittler,8.5,9,,,,,,,import results.json,,,1,,,,,
2026-07-24,mlb,props_k,Bryce Miller Over 5.5 K,0.589,,,,,0,,L,historique-results.json,2026-07-24|mlb|props_k|Bryce Miller Over 5.5 K|hist,2026-07-24,,Seattle Mariners @ Texas Rangers,,Bryce Miller,5.5,6,,,,,,,import results.json,,,1,,,,,
2026-07-24,mlb,props_k,Joe Ryan Over 5.5 K,0.616,,,,,0,,VOID,historique-results.json,2026-07-24|mlb|props_k|Joe Ryan Over 5.5 K|hist,2026-07-24,,Athletics @ Minnesota Twins,,Joe Ryan,5.5,6,,,,,,,import results.json,,,1,,,,,
2026-07-23,mlb,props_k,Gavin Williams Over 7.5 K,0.508,,,,,0,,W,historique-results.json,2026-07-23|mlb|props_k|Gavin Williams Over 7.5 K|hist,2026-07-23,,Minnesota Twins @ Cleveland Guardians,,Gavin Williams,7.5,8,,,,,,,import results.json,,,1,,,,,
2026-07-23,mlb,props_k,Ian Seymour Over 4.5 K,0.595,,,,,0,,W,historique-results.json,2026-07-23|mlb|props_k|Ian Seymour Over 4.5 K|hist,2026-07-23,,Tampa Bay Rays @ Toronto Blue Jays,,Ian Seymour,4.5,5,,,,,,,import results.json,,,1,,,,,
2026-07-23,mlb,props_k,Troy Melton Over 6.5 K,0.51,,,,,0,,L,historique-results.json,2026-07-23|mlb|props_k|Troy Melton Over 6.5 K|hist,2026-07-23,,Kansas City Royals @ Detroit Tigers,,Troy Melton,6.5,7,,,,,,,import results.json,,,1,,,,,
2026-07-23,mlb,props_k,Gavin Williams Over 6.5 K,0.584,,,,,0,,W,historique-results.json,2026-07-23|mlb|props_k|Gavin Williams Over 6.5 K|hist,2026-07-23,,Minnesota Twins @ Cleveland Guardians,,Gavin Williams,6.5,7,,,,,,,import results.json,,,1,,,,,
2026-07-22,mlb,props_k,Bubba Chandler Over 5.5 K,0.512,,,,,0,,VOID,historique-results.json,2026-07-22|mlb|props_k|Bubba Chandler Over 5.5 K|hist,2026-07-22,,Pittsburgh Pirates @ New York Yankees,,Bubba Chandler,5.5,6,,,,,,,import results.json,,,1,,,,,
2026-07-22,mlb,props_k,Kyle Bradish Over 5.5 K,0.57,,,,,0,,VOID,historique-results.json,2026-07-22|mlb|props_k|Kyle Bradish Over 5.5 K|hist,2026-07-22,,Baltimore Orioles @ Boston Red Sox,,Kyle Bradish,5.5,6,,,,,,,import results.json,,,1,,,,,
2026-07-22,mlb,props_k,Landen Roupp Over 4.5 K,0.647,,,,,0,,W,historique-results.json,2026-07-22|mlb|props_k|Landen Roupp Over 4.5 K|hist,2026-07-22,,San Francisco Giants @ Kansas City Royals,,Landen Roupp,4.5,5,,,,,,,import results.json,,,1,,,,,
2026-07-22,mlb,props_k,Christian Scott Over 5.5 K,0.585,,,,,0,,W,historique-results.json,2026-07-22|mlb|props_k|Christian Scott Over 5.5 K|hist,2026-07-22,,New York Mets @ Milwaukee Brewers,,Christian Scott,5.5,6,,,,,,,import results.json,,,1,,,,,
2026-07-22,mlb,props_k,Logan Henderson Over 4.5 K,0.665,,,,,0,,W,historique-results.json,2026-07-22|mlb|props_k|Logan Henderson Over 4.5 K|hist,2026-07-22,,New York Mets @ Milwaukee Brewers,,Logan Henderson,4.5,5,,,,,,,import results.json,,,1,,,,,
2026-07-22,mlb,props_k,Gabriel Hughes Over 4.5 K,0.67,,,,,0,,W,historique-results.json,2026-07-22|mlb|props_k|Gabriel Hughes Over 4.5 K|hist,2026-07-22,,Washington Nationals @ Colorado Rockies,,Gabriel Hughes,4.5,5,,,,,,,import results.json,,,1,,,,,
2026-07-22,mlb,props_k,Cade Cavalli Over 6.5 K,0.553,,,,,0,,W,historique-results.json,2026-07-22|mlb|props_k|Cade Cavalli Over 6.5 K|hist,2026-07-22,,Washington Nationals @ Colorado Rockies,,Cade Cavalli,6.5,7,,,,,,,import results.json,,,1,,,,,
2026-07-22,mlb,props_k,Emerson Hancock Over 4.5 K,0.681,,,,,0,,L,historique-results.json,2026-07-22|mlb|props_k|Emerson Hancock Over 4.5 K|hist,2026-07-22,,Cincinnati Reds @ Seattle Mariners,,Emerson Hancock,4.5,5,,,,,,,import results.json,,,1,,,,,
2026-07-22,mlb,props_k,Reid Detmers Over 5.5 K,0.58,,,,,0,,W,historique-results.json,2026-07-22|mlb|props_k|Reid Detmers Over 5.5 K|hist,2026-07-22,,St. Louis Cardinals @ Los Angeles Angels,,Reid Detmers,5.5,6,,,,,,,import results.json,,,1,,,,,
2026-07-22,mlb,props_k,Aaron Nola Over 5.5 K,0.615,,,,,0,,L,historique-results.json,2026-07-22|mlb|props_k|Aaron Nola Over 5.5 K|hist,2026-07-22,,Los Angeles Dodgers @ Philadelphia Phillies,,Aaron Nola,5.5,6,,,,,,,import results.json,,,1,,,,,
2026-07-22,mlb,props_k,Griffin Jax Over 3.5 K,0.691,,,,,0,,W,historique-results.json,2026-07-22|mlb|props_k|Griffin Jax Over 3.5 K|hist,2026-07-22,,Tampa Bay Rays @ Toronto Blue Jays,,Griffin Jax,3.5,4,,,,,,,import results.json,,,1,,,,,
2026-07-22,mlb,props_k,Logan Henderson Over 5.5 K,0.518,,,,,0,,W,historique-results.json,2026-07-22|mlb|props_k|Logan Henderson Over 5.5 K|hist,2026-07-22,,New York Mets @ Milwaukee Brewers,,Logan Henderson,5.5,6,,,,,,,import results.json,,,1,,,,,
2026-07-22,mlb,props_k,Bubba Chandler Over 4.5 K,0.652,,,,,0,,VOID,historique-results.json,2026-07-22|mlb|props_k|Bubba Chandler Over 4.5 K|hist,2026-07-22,,Pittsburgh Pirates @ New York Yankees,,Bubba Chandler,4.5,5,,,,,,,import results.json,,,1,,,,,
2026-07-22,mlb,props_k,Cade Cavalli Over 5.5 K,0.652,,,,,0,,W,historique-results.json,2026-07-22|mlb|props_k|Cade Cavalli Over 5.5 K|hist,2026-07-22,,Washington Nationals @ Colorado Rockies,,Cade Cavalli,5.5,6,,,,,,,import results.json,,,1,,,,,
2026-07-22,mlb,props_k,Sandy Alcantara Over 5.5 K,0.52,,,,,0,,L,historique-results.json,2026-07-22|mlb|props_k|Sandy Alcantara Over 5.5 K|hist,2026-07-22,,Miami Marlins @ Houston Astros,,Sandy Alcantara,5.5,6,,,,,,,import results.json,,,1,,,,,
2026-07-22,mlb,props_k,Peter Lambert Over 6.5 K,0.551,,,,,0,,L,historique-results.json,2026-07-22|mlb|props_k|Peter Lambert Over 6.5 K|hist,2026-07-22,,Miami Marlins @ Houston Astros,,Peter Lambert,6.5,7,,,,,,,import results.json,,,1,,,,,
2026-07-22,mlb,props_k,Max Fried Over 5.5 K,0.661,,,,,0,,VOID,historique-results.json,2026-07-22|mlb|props_k|Max Fried Over 5.5 K|hist,2026-07-22,,Pittsburgh Pirates @ New York Yankees,,Max Fried,5.5,6,,,,,,,import results.json,,,1,,,,,
2026-07-21,mlb,props_k,Parker Messick Over 4.5 K,0.635,,,,,0,,W,historique-results.json,2026-07-21|mlb|props_k|Parker Messick Over 4.5 K|hist,2026-07-21,,Minnesota Twins @ Cleveland Guardians,,Parker Messick,4.5,5,,,,,,,import results.json,,,1,,,,,
2026-07-21,mlb,props_k,Zack Wheeler Over 8.5 K,0.508,,,,,0,,W,historique-results.json,2026-07-21|mlb|props_k|Zack Wheeler Over 8.5 K|hist,2026-07-21,,Los Angeles Dodgers @ Philadelphia Phillies,,Zack Wheeler,8.5,9,,,,,,,import results.json,,,1,,,,,
2026-07-21,mlb,props_k,Justin Wrobleski Over 6.5 K,0.562,,,,,0,,W,historique-results.json,2026-07-21|mlb|props_k|Justin Wrobleski Over 6.5 K|hist,2026-07-21,,Los Angeles Dodgers @ Philadelphia Phillies,,Justin Wrobleski,6.5,7,,,,,,,import results.json,,,1,,,,,
2026-07-21,mlb,props_k,Bubba Chandler Over 5.5 K,0.512,,,,,0,,VOID,historique-results.json,2026-07-21|mlb|props_k|Bubba Chandler Over 5.5 K|hist,2026-07-21,,Pittsburgh Pirates @ New York Yankees,,Bubba Chandler,5.5,6,,,,,,,import results.json,,,1,,,,,
2026-07-21,mlb,props_k,Kevin Gausman Over 4.5 K,0.678,,,,,0,,L,historique-results.json,2026-07-21|mlb|props_k|Kevin Gausman Over 4.5 K|hist,2026-07-21,,Tampa Bay Rays @ Toronto Blue Jays,,Kevin Gausman,4.5,5,,,,,,,import results.json,,,1,,,,,
2026-07-21,mlb,props_k,Drew Rasmussen Over 4.5 K,0.519,,,,,0,,W,historique-results.json,2026-07-21|mlb|props_k|Drew Rasmussen Over 4.5 K|hist,2026-07-21,,Tampa Bay Rays @ Toronto Blue Jays,,Drew Rasmussen,4.5,5,,,,,,,import results.json,,,1,,,,,
2026-07-21,mlb,props_k,Kyle Bradish Over 5.5 K,0.57,,,,,0,,VOID,historique-results.json,2026-07-21|mlb|props_k|Kyle Bradish Over 5.5 K|hist,2026-07-21,,Baltimore Orioles @ Boston Red Sox,,Kyle Bradish,5.5,6,,,,,,,import results.json,,,1,,,,,
2026-07-21,mlb,props_k,Walker Buehler Over 4.5 K,0.514,,,,,0,,L,historique-results.json,2026-07-21|mlb|props_k|Walker Buehler Over 4.5 K|hist,2026-07-21,,San Diego Padres @ Atlanta Braves,,Walker Buehler,4.5,5,,,,,,,import results.json,,,1,,,,,
2026-07-21,mlb,props_k,Framber Valdez Over 4.5 K,0.625,,,,,0,,L,historique-results.json,2026-07-21|mlb|props_k|Framber Valdez Over 4.5 K|hist,2026-07-21,,Detroit Tigers @ Chicago Cubs,,Framber Valdez,4.5,5,,,,,,,import results.json,,,1,,,,,
2026-07-21,mlb,props_k,Kumar Rocker Over 5.5 K,0.514,,,,,0,,W,historique-results.json,2026-07-21|mlb|props_k|Kumar Rocker Over 5.5 K|hist,2026-07-21,,Chicago White Sox @ Texas Rangers,,Kumar Rocker,5.5,6,,,,,,,import results.json,,,1,,,,,
2026-07-21,mlb,props_k,Walbert Ureña Over 4.5 K,0.601,,,,,0,,W,historique-results.json,2026-07-21|mlb|props_k|Walbert Ureña Over 4.5 K|hist,2026-07-21,,St. Louis Cardinals @ Los Angeles Angels,,Walbert Ureña,4.5,5,,,,,,,import results.json,,,1,,,,,
2026-07-21,mlb,props_k,Chase Burns Over 5.5 K,0.62,,,,,0,,W,historique-results.json,2026-07-21|mlb|props_k|Chase Burns Over 5.5 K|hist,2026-07-21,,Cincinnati Reds @ Seattle Mariners,,Chase Burns,5.5,6,,,,,,,import results.json,,,1,,,,,
2026-07-21,mlb,props_k,Brandon Sproat Over 4.5 K,0.564,,,,,0,,L,historique-results.json,2026-07-21|mlb|props_k|Brandon Sproat Over 4.5 K|hist,2026-07-21,,New York Mets @ Milwaukee Brewers,,Brandon Sproat,4.5,5,,,,,,,import results.json,,,1,,,,,
2026-07-21,mlb,props_k,Zac Thornton Over 4.5 K,0.667,,,,,0,,L,historique-results.json,2026-07-21|mlb|props_k|Zac Thornton Over 4.5 K|hist,2026-07-21,,New York Mets @ Milwaukee Brewers,,Zac Thornton,4.5,5,,,,,,,import results.json,,,1,,,,,
2026-07-21,mlb,props_k,Tatsuya Imai Over 7.5 K,0.607,,,,,0,,W,historique-results.json,2026-07-21|mlb|props_k|Tatsuya Imai Over 7.5 K|hist,2026-07-21,,Miami Marlins @ Houston Astros,,Tatsuya Imai,7.5,8,,,,,,,import results.json,,,1,,,,,
2026-07-21,mlb,props_k,Zac Thornton Over 5.5 K,0.51,,,,,0,,L,historique-results.json,2026-07-21|mlb|props_k|Zac Thornton Over 5.5 K|hist,2026-07-21,,New York Mets @ Milwaukee Brewers,,Zac Thornton,5.5,6,,,,,,,import results.json,,,1,,,,,
2026-07-20,mlb,props_k,Joe Ryan Over 7.5 K,0.602,,,,,0,,L,historique-results.json,2026-07-20|mlb|props_k|Joe Ryan Over 7.5 K|hist,2026-07-20,,Minnesota Twins @ Cleveland Guardians,,Joe Ryan,7.5,8,,,,,,,import results.json,,,1,,,,,
2026-07-20,mlb,props_k,Ryan Weathers Over 5.5 K,0.665,,,,,0,,L,historique-results.json,2026-07-20|mlb|props_k|Ryan Weathers Over 5.5 K|hist,2026-07-20,,Pittsburgh Pirates @ New York Yankees,,Ryan Weathers,5.5,6,,,,,,,import results.json,,,1,,,,,
2026-07-20,mlb,props_k,Braxton Ashcraft Over 7.5 K,0.602,,,,,0,,L,historique-results.json,2026-07-20|mlb|props_k|Braxton Ashcraft Over 7.5 K|hist,2026-07-20,,Pittsburgh Pirates @ New York Yankees,,Braxton Ashcraft,7.5,8,,,,,,,import results.json,,,1,,,,,
2026-07-20,mlb,props_k,Dylan Cease Over 7.5 K,0.512,,,,,0,,L,historique-results.json,2026-07-20|mlb|props_k|Dylan Cease Over 7.5 K|hist,2026-07-20,,Tampa Bay Rays @ Toronto Blue Jays,,Dylan Cease,7.5,8,,,,,,,import results.json,,,1,,,,,
2026-07-20,mlb,props_k,Payton Tolle Over 5.5 K,0.663,,,,,0,,W,historique-results.json,2026-07-20|mlb|props_k|Payton Tolle Over 5.5 K|hist,2026-07-20,,Baltimore Orioles @ Boston Red Sox,,Payton Tolle,5.5,6,,,,,,,import results.json,,,1,,,,,
2026-07-20,mlb,props_k,Shane Baz Over 4.5 K,0.647,,,,,0,,W,historique-results.json,2026-07-20|mlb|props_k|Shane Baz Over 4.5 K|hist,2026-07-20,,Baltimore Orioles @ Boston Red Sox,,Shane Baz,4.5,5,,,,,,,import results.json,,,1,,,,,
2026-07-20,mlb,props_k,Cristopher Sánchez Over 5.5 K,0.658,,,,,0,,W,historique-results.json,2026-07-20|mlb|props_k|Cristopher Sánchez Over 5.5 K|hist,2026-07-20,,Los Angeles Dodgers @ Philadelphia Phillies,,Cristopher Sánchez,5.5,6,,,,,,,import results.json,,,1,,,,,
2026-07-20,mlb,props_k,Emmet Sheehan Over 5.5 K,0.627,,,,,0,,W,historique-results.json,2026-07-20|mlb|props_k|Emmet Sheehan Over 5.5 K|hist,2026-07-20,,Los Angeles Dodgers @ Philadelphia Phillies,,Emmet Sheehan,5.5,6,,,,,,,import results.json,,,1,,,,,
2026-07-20,mlb,props_k,Michael Wacha Over 4.5 K,0.659,,,,,0,,W,historique-results.json,2026-07-20|mlb|props_k|Michael Wacha Over 4.5 K|hist,2026-07-20,,San Francisco Giants @ Kansas City Royals,,Michael Wacha,4.5,5,,,,,,,import results.json,,,1,,,,,
2026-07-20,mlb,props_k,Jack Flaherty Over 5.5 K,0.548,,,,,0,,L,historique-results.json,2026-07-20|mlb|props_k|Jack Flaherty Over 5.5 K|hist,2026-07-20,,Detroit Tigers @ Chicago Cubs,,Jack Flaherty,5.5,6,,,,,,,import results.json,,,1,,,,,
2026-07-20,mlb,props_k,Jacob Degrom Over 7.5 K,0.542,,,,,0,,L,historique-results.json,2026-07-20|mlb|props_k|Jacob Degrom Over 7.5 K|hist,2026-07-20,,Chicago White Sox @ Texas Rangers,,Jacob Degrom,7.5,8,,,,,,,import results.json,,,1,,,,,
2026-07-20,mlb,props_k,Kyle Freeland Over 4.5 K,0.684,,,,,0,,L,historique-results.json,2026-07-20|mlb|props_k|Kyle Freeland Over 4.5 K|hist,2026-07-20,,Washington Nationals @ Colorado Rockies,,Kyle Freeland,4.5,5,,,,,,,import results.json,,,1,,,,,
2026-07-20,mlb,props_k,Andrew Alvarez Over 4.5 K,0.57,,,,,0,,L,historique-results.json,2026-07-20|mlb|props_k|Andrew Alvarez Over 4.5 K|hist,2026-07-20,,Washington Nationals @ Colorado Rockies,,Andrew Alvarez,4.5,5,,,,,,,import results.json,,,1,,,,,
2026-07-20,mlb,props_k,Andrew Abbott Over 5.5 K,0.506,,,,,0,,W,historique-results.json,2026-07-20|mlb|props_k|Andrew Abbott Over 5.5 K|hist,2026-07-20,,Cincinnati Reds @ Seattle Mariners,,Andrew Abbott,5.5,6,,,,,,,import results.json,,,1,,,,,
2026-07-20,mlb,props_k,José Soriano Over 4.5 K,0.624,,,,,0,,W,historique-results.json,2026-07-20|mlb|props_k|José Soriano Over 4.5 K|hist,2026-07-20,,St. Louis Cardinals @ Los Angeles Angels,,José Soriano,4.5,5,,,,,,,import results.json,,,1,,,,,
2026-07-20,mlb,props_k,George Kirby Over 6.5 K,0.507,,,,,0,,L,historique-results.json,2026-07-20|mlb|props_k|George Kirby Over 6.5 K|hist,2026-07-20,,Cincinnati Reds @ Seattle Mariners,,George Kirby,6.5,7,,,,,,,import results.json,,,1,,,,,
2026-07-20,mlb,props_k,Jacob Misiorowski Over 8.5 K,0.531,,,,,0,,L,historique-results.json,2026-07-20|mlb|props_k|Jacob Misiorowski Over 8.5 K|hist,2026-07-20,,New York Mets @ Milwaukee Brewers,,Jacob Misiorowski,8.5,9,,,,,,,import results.json,,,1,,,,,
2026-07-20,mlb,props_k,Dylan Cease Over 6.5 K,0.644,,,,,0,,W,historique-results.json,2026-07-20|mlb|props_k|Dylan Cease Over 6.5 K|hist,2026-07-20,,Tampa Bay Rays @ Toronto Blue Jays,,Dylan Cease,6.5,7,,,,,,,import results.json,,,1,,,,,
2026-07-20,mlb,props_k,Andrew Abbott Over 4.5 K,0.675,,,,,0,,W,historique-results.json,2026-07-20|mlb|props_k|Andrew Abbott Over 4.5 K|hist,2026-07-20,,Cincinnati Reds @ Seattle Mariners,,Andrew Abbott,4.5,5,,,,,,,import results.json,,,1,,,,,
2026-07-19,mlb,props_k,Trey Yesavage Over 5.5 K,0.52,,,,,0,,W,historique-results.json,2026-07-19|mlb|props_k|Trey Yesavage Over 5.5 K|hist,2026-07-19,,Chicago White Sox @ Toronto Blue Jays,,Trey Yesavage,5.5,6,,,,,,,import results.json,,,1,,,,,
2026-07-19,mlb,props_k,Sean Burke Over 5.5 K,0.589,,,,,0,,L,historique-results.json,2026-07-19|mlb|props_k|Sean Burke Over 5.5 K|hist,2026-07-19,,Chicago White Sox @ Toronto Blue Jays,,Sean Burke,5.5,6,,,,,,,import results.json,,,1,,,,,
2026-07-19,mlb,props_k,Gerrit Cole Over 4.5 K,0.684,,,,,0,,VOID,historique-results.json,2026-07-19|mlb|props_k|Gerrit Cole Over 4.5 K|hist,2026-07-19,,Los Angeles Dodgers @ New York Yankees,,Gerrit Cole,4.5,5,,,,,,,import results.json,,,1,,,,,
2026-07-19,mlb,props_k,Shohei Ohtani Over 7.5 K,0.623,,,,,0,,VOID,historique-results.json,2026-07-19|mlb|props_k|Shohei Ohtani Over 7.5 K|hist,2026-07-19,,Los Angeles Dodgers @ New York Yankees,,Shohei Ohtani,7.5,8,,,,,,,import results.json,,,1,,,,,
2026-07-19,mlb,props_k,Yoshinobu Yamamoto Over 7.5 K,0.524,,,,,0,,L,historique-results.json,2026-07-19|mlb|props_k|Yoshinobu Yamamoto Over 7.5 K|hist,2026-07-19,,Los Angeles Dodgers @ New York Yankees,,Yoshinobu Yamamoto,7.5,8,,,,,,,import results.json,,,1,,,,,
2026-07-19,mlb,props_k,Nathan Eovaldi Over 7.5 K,0.572,,,,,0,,L,historique-results.json,2026-07-19|mlb|props_k|Nathan Eovaldi Over 7.5 K|hist,2026-07-19,,Texas Rangers @ Atlanta Braves,,Nathan Eovaldi,7.5,8,,,,,,,import results.json,,,1,,,,,
2026-07-19,mlb,props_k,Nolan Mclean Over 6.5 K,0.597,,,,,0,,W,historique-results.json,2026-07-19|mlb|props_k|Nolan Mclean Over 6.5 K|hist,2026-07-19,,New York Mets @ Philadelphia Phillies,,Nolan Mclean,6.5,7,,,,,,,import results.json,,,1,,,,,
2026-07-19,mlb,props_k,Paul Skenes Over 7.5 K,0.518,,,,,0,,W,historique-results.json,2026-07-19|mlb|props_k|Paul Skenes Over 7.5 K|hist,2026-07-19,,Pittsburgh Pirates @ Cleveland Guardians,,Paul Skenes,7.5,8,,,,,,,import results.json,,,1,,,,,
2026-07-19,mlb,props_k,Joey Cantillo Over 6.5 K,0.548,,,,,0,,W,historique-results.json,2026-07-19|mlb|props_k|Joey Cantillo Over 6.5 K|hist,2026-07-19,,Pittsburgh Pirates @ Cleveland Guardians,,Joey Cantillo,6.5,7,,,,,,,import results.json,,,1,,,,,
2026-07-19,mlb,props_k,Noah Cameron Over 5.5 K,0.526,,,,,0,,L,historique-results.json,2026-07-19|mlb|props_k|Noah Cameron Over 5.5 K|hist,2026-07-19,,San Diego Padres @ Kansas City Royals,,Noah Cameron,5.5,6,,,,,,,import results.json,,,1,,,,,
2026-07-19,mlb,props_k,Robert Gasser Over 3.5 K,0.672,,,,,0,,W,historique-results.json,2026-07-19|mlb|props_k|Robert Gasser Over 3.5 K|hist,2026-07-19,,Miami Marlins @ Milwaukee Brewers,,Robert Gasser,3.5,4,,,,,,,import results.json,,,1,,,,,
2026-07-19,mlb,props_k,Eury Pérez Over 5.5 K,0.629,,,,,0,,W,historique-results.json,2026-07-19|mlb|props_k|Eury Pérez Over 5.5 K|hist,2026-07-19,,Miami Marlins @ Milwaukee Brewers,,Eury Pérez,5.5,6,,,,,,,import results.json,,,1,,,,,
2026-07-19,mlb,props_k,Zebby Matthews Over 4.5 K,0.585,,,,,0,,L,historique-results.json,2026-07-19|mlb|props_k|Zebby Matthews Over 4.5 K|hist,2026-07-19,,Minnesota Twins @ Chicago Cubs,,Zebby Matthews,4.5,5,,,,,,,import results.json,,,1,,,,,
2026-07-19,mlb,props_k,Hunter Greene Over 9.5 K,0.523,,,,,0,,L,historique-results.json,2026-07-19|mlb|props_k|Hunter Greene Over 9.5 K|hist,2026-07-19,,Cincinnati Reds @ Colorado Rockies,,Hunter Greene,9.5,10,,,,,,,import results.json,,,1,,,,,
2026-07-19,mlb,props_k,Casey Mize Over 6.5 K,0.571,,,,,0,,L,historique-results.json,2026-07-19|mlb|props_k|Casey Mize Over 6.5 K|hist,2026-07-19,,Detroit Tigers @ Los Angeles Angels,,Casey Mize,6.5,7,,,,,,,import results.json,,,1,,,,,
2026-07-19,mlb,props_k,Gerrit Cole Over 5.5 K,0.545,,,,,0,,VOID,historique-results.json,2026-07-19|mlb|props_k|Gerrit Cole Over 5.5 K|hist,2026-07-19,,Los Angeles Dodgers @ New York Yankees,,Gerrit Cole,5.5,6,,,,,,,import results.json,,,1,,,,,
2026-07-19,mlb,props_k,Shohei Ohtani Over 8.5 K,0.52,,,,,0,,VOID,historique-results.json,2026-07-19|mlb|props_k|Shohei Ohtani Over 8.5 K|hist,2026-07-19,,Los Angeles Dodgers @ New York Yankees,,Shohei Ohtani,8.5,9,,,,,,,import results.json,,,1,,,,,
2026-07-19,mlb,props_k,Trey Yesavage Over 6.5 K,0.576,,,,,0,,W,historique-results.json,2026-07-19|mlb|props_k|Trey Yesavage Over 6.5 K|hist,2026-07-19,,Chicago White Sox @ Toronto Blue Jays,,Trey Yesavage,6.5,7,,,,,,,import results.json,,,1,,,,,
2026-07-19,mlb,props_k,Paul Skenes Over 6.5 K,0.629,,,,,0,,W,historique-results.json,2026-07-19|mlb|props_k|Paul Skenes Over 6.5 K|hist,2026-07-19,,Pittsburgh Pirates @ Cleveland Guardians,,Paul Skenes,6.5,7,,,,,,,import results.json,,,1,,,,,
2026-07-19,mlb,props_k,Hunter Brown Over 4.5 K,0.654,,,,,0,,L,historique-results.json,2026-07-19|mlb|props_k|Hunter Brown Over 4.5 K|hist,2026-07-19,,Baltimore Orioles @ Houston Astros,,Hunter Brown,4.5,5,,,,,,,import results.json,,,1,,,,,
2026-07-19,mlb,props_k,Noah Cameron Over 4.5 K,0.678,,,,,0,,L,historique-results.json,2026-07-19|mlb|props_k|Noah Cameron Over 4.5 K|hist,2026-07-19,,San Diego Padres @ Kansas City Royals,,Noah Cameron,4.5,5,,,,,,,import results.json,,,1,,,,,
2026-07-19,mlb,props_k,Shota Imanaga Over 4.5 K,0.537,,,,,0,,L,historique-results.json,2026-07-19|mlb|props_k|Shota Imanaga Over 4.5 K|hist,2026-07-19,,Minnesota Twins @ Chicago Cubs,,Shota Imanaga,4.5,5,,,,,,,import results.json,,,1,,,,,
2026-07-19,mlb,props_k,Hunter Greene Over 7.5 K,0.586,,,,,0,,L,historique-results.json,2026-07-19|mlb|props_k|Hunter Greene Over 7.5 K|hist,2026-07-19,,Cincinnati Reds @ Colorado Rockies,,Hunter Greene,7.5,8,,,,,,,import results.json,,,1,,,,,
2026-07-19,mlb,props_k,Robbie Ray Over 4.5 K,0.593,,,,,0,,W,historique-results.json,2026-07-19|mlb|props_k|Robbie Ray Over 4.5 K|hist,2026-07-19,,San Francisco Giants @ Seattle Mariners,,Robbie Ray,4.5,5,,,,,,,import results.json,,,1,,,,,
2026-07-19,mlb,props_k,Logan Gilbert Over 6.5 K,0.589,,,,,0,,W,historique-results.json,2026-07-19|mlb|props_k|Logan Gilbert Over 6.5 K|hist,2026-07-19,,San Francisco Giants @ Seattle Mariners,,Logan Gilbert,6.5,7,,,,,,,import results.json,,,1,,,,,
2026-07-18,mlb,props_k,Dustin May Over 5.5 K,0.568,,,,,0,,W,historique-results.json,2026-07-18|mlb|props_k|Dustin May Over 5.5 K|hist,2026-07-18,,St. Louis Cardinals @ Arizona Diamondbacks,,Dustin May,5.5,6,,,,,,,import results.json,,,1,,,,,
2026-07-18,mlb,props_k,Spencer Arrighetti Over 5.5 K,0.594,,,,,0,,W,historique-results.json,2026-07-18|mlb|props_k|Spencer Arrighetti Over 5.5 K|hist,2026-07-18,,Baltimore Orioles @ Houston Astros,,Spencer Arrighetti,5.5,6,,,,,,,import results.json,,,1,,,,,
2026-07-18,mlb,props_k,Ian Seymour Over 5.5 K,0.545,,,,,0,,L,historique-results.json,2026-07-18|mlb|props_k|Ian Seymour Over 5.5 K|hist,2026-07-18,,Tampa Bay Rays @ Boston Red Sox,,Ian Seymour,5.5,6,,,,,,,import results.json,,,1,,,,,
2026-07-18,mlb,props_k,Shane Drohan Over 4.5 K,0.514,,,,,0,,W,historique-results.json,2026-07-18|mlb|props_k|Shane Drohan Over 4.5 K|hist,2026-07-18,,Miami Marlins @ Milwaukee Brewers,,Shane Drohan,4.5,5,,,,,,,import results.json,,,1,,,,,
2026-07-18,mlb,props_k,Logan Webb Over 5.5 K,0.559,,,,,0,,L,historique-results.json,2026-07-18|mlb|props_k|Logan Webb Over 5.5 K|hist,2026-07-18,,San Francisco Giants @ Seattle Mariners,,Logan Webb,5.5,6,,,,,,,import results.json,,,1,,,,,
2026-07-18,mlb,props_k,Ryan Weathers Over 4.5 K,0.684,,,,,0,,VOID,historique-results.json,2026-07-18|mlb|props_k|Ryan Weathers Over 4.5 K|hist,2026-07-18,,Los Angeles Dodgers @ New York Yankees,,Ryan Weathers,4.5,5,,,,,,,import results.json,,,1,,,,,
2026-07-18,mlb,props_k,Emmet Sheehan Over 6.5 K,0.548,,,,,0,,VOID,historique-results.json,2026-07-18|mlb|props_k|Emmet Sheehan Over 6.5 K|hist,2026-07-18,,Los Angeles Dodgers @ New York Yankees,,Emmet Sheehan,6.5,7,,,,,,,import results.json,,,1,,,,,
2026-07-18,mlb,props_k,Rhett Lowder Over 4.5 K,0.662,,,,,0,,L,historique-results.json,2026-07-18|mlb|props_k|Rhett Lowder Over 4.5 K|hist,2026-07-18,,Cincinnati Reds @ Colorado Rockies,,Rhett Lowder,4.5,5,,,,,,,import results.json,,,1,,,,,
2026-07-18,mlb,props_k,Tarik Skubal Over 8.5 K,0.5,,,,,0,,W,historique-results.json,2026-07-18|mlb|props_k|Tarik Skubal Over 8.5 K|hist,2026-07-18,,Detroit Tigers @ Los Angeles Angels,,Tarik Skubal,8.5,9,,,,,,,import results.json,,,1,,,,,
2026-07-18,mlb,props_k,Max Meyer Over 4.5 K,0.589,,,,,0,,W,historique-results.json,2026-07-18|mlb|props_k|Max Meyer Over 4.5 K|hist,2026-07-18,,Miami Marlins @ Milwaukee Brewers,,Max Meyer,4.5,5,,,,,,,import results.json,,,1,,,,,
2026-07-18,mlb,props_k,Shane Drohan Over 3.5 K,0.649,,,,,0,,W,historique-results.json,2026-07-18|mlb|props_k|Shane Drohan Over 3.5 K|hist,2026-07-18,,Miami Marlins @ Milwaukee Brewers,,Shane Drohan,3.5,4,,,,,,,import results.json,,,1,,,,,
2026-07-18,mlb,props_k,Trevor Rogers Over 4.5 K,0.521,,,,,0,,W,historique-results.json,2026-07-18|mlb|props_k|Trevor Rogers Over 4.5 K|hist,2026-07-18,,Baltimore Orioles @ Houston Astros,,Trevor Rogers,4.5,5,,,,,,,import results.json,,,1,,,,,
2026-07-18,mlb,props_k,Bryan Woo Over 4.5 K,0.633,,,,,0,,W,historique-results.json,2026-07-18|mlb|props_k|Bryan Woo Over 4.5 K|hist,2026-07-18,,San Francisco Giants @ Seattle Mariners,,Bryan Woo,4.5,5,,,,,,,import results.json,,,1,,,,,
2026-07-17,mlb,props_k,Griffin Jax Over 5.5 K,0.568,,,,,0,,W,historique-results.json,2026-07-17|mlb|props_k|Griffin Jax Over 5.5 K|hist,2026-07-17,,Tampa Bay Rays @ Boston Red Sox,,Griffin Jax,5.5,6,,,,,,,import results.json,,,1,,,,,
2026-07-17,mlb,props_k,Roki Sasaki Over 5.5 K,0.546,,,,,0,,L,historique-results.json,2026-07-17|mlb|props_k|Roki Sasaki Over 5.5 K|hist,2026-07-17,,Los Angeles Dodgers @ New York Yankees,,Roki Sasaki,5.5,6,,,,,,,import results.json,,,1,,,,,
2026-07-17,mlb,props_k,Jared Jones Over 5.5 K,0.587,,,,,0,,W,historique-results.json,2026-07-17|mlb|props_k|Jared Jones Over 5.5 K|hist,2026-07-17,,Pittsburgh Pirates @ Cleveland Guardians,,Jared Jones,5.5,6,,,,,,,import results.json,,,1,,,,,
2026-07-17,mlb,props_k,Sandy Alcantara Over 4.5 K,0.669,,,,,0,,W,historique-results.json,2026-07-17|mlb|props_k|Sandy Alcantara Over 4.5 K|hist,2026-07-17,,Miami Marlins @ Milwaukee Brewers,,Sandy Alcantara,4.5,5,,,,,,,import results.json,,,1,,,,,
2026-07-17,mlb,props_k,Logan Henderson Over 4.5 K,0.5,,,,,0,,L,historique-results.json,2026-07-17|mlb|props_k|Logan Henderson Over 4.5 K|hist,2026-07-17,,Miami Marlins @ Milwaukee Brewers,,Logan Henderson,4.5,5,,,,,,,import results.json,,,1,,,,,
2026-07-17,mlb,props_k,Dean Kremer Over 4.5 K,0.583,,,,,0,,W,historique-results.json,2026-07-17|mlb|props_k|Dean Kremer Over 4.5 K|hist,2026-07-17,,Baltimore Orioles @ Houston Astros,,Dean Kremer,4.5,5,,,,,,,import results.json,,,1,,,,,
2026-07-17,mlb,props_k,Peter Lambert Over 5.5 K,0.508,,,,,0,,W,historique-results.json,2026-07-17|mlb|props_k|Peter Lambert Over 5.5 K|hist,2026-07-17,,Baltimore Orioles @ Houston Astros,,Peter Lambert,5.5,6,,,,,,,import results.json,,,1,,,,,
2026-07-17,mlb,props_k,Reid Detmers Over 6.5 K,0.556,,,,,0,,W,historique-results.json,2026-07-17|mlb|props_k|Reid Detmers Over 6.5 K|hist,2026-07-17,,Detroit Tigers @ Los Angeles Angels,,Reid Detmers,6.5,7,,,,,,,import results.json,,,1,,,,,
2026-07-17,mlb,props_k,Troy Melton Over 6.5 K,0.576,,,,,0,,W,historique-results.json,2026-07-17|mlb|props_k|Troy Melton Over 6.5 K|hist,2026-07-17,,Detroit Tigers @ Los Angeles Angels,,Troy Melton,6.5,7,,,,,,,import results.json,,,1,,,,,
2026-07-17,mlb,props_k,Bryce Miller Over 6.5 K,0.61,,,,,0,,L,historique-results.json,2026-07-17|mlb|props_k|Bryce Miller Over 6.5 K|hist,2026-07-17,,San Francisco Giants @ Seattle Mariners,,Bryce Miller,6.5,7,,,,,,,import results.json,,,1,,,,,
2026-07-17,mlb,props_k,Landen Roupp Over 5.5 K,0.585,,,,,0,,L,historique-results.json,2026-07-17|mlb|props_k|Landen Roupp Over 5.5 K|hist,2026-07-17,,San Francisco Giants @ Seattle Mariners,,Landen Roupp,5.5,6,,,,,,,import results.json,,,1,,,,,
2026-07-17,mlb,props_k,Gavin Williams Over 6.5 K,0.556,,,,,0,,VOID,historique-results.json,2026-07-17|mlb|props_k|Gavin Williams Over 6.5 K|hist,2026-07-17,,Pittsburgh Pirates @ Cleveland Guardians,,Gavin Williams,6.5,7,,,,,,,import results.json,,,1,,,,,
2026-07-17,mlb,props_k,Gerrit Cole Over 4.5 K,0.576,,,,,0,,W,historique-results.json,2026-07-17|mlb|props_k|Gerrit Cole Over 4.5 K|hist,2026-07-17,,Los Angeles Dodgers @ New York Yankees,,Gerrit Cole,4.5,5,,,,,,,import results.json,,,1,,,,,
2026-07-17,mlb,props_k,Chris Sale Over 5.5 K,0.639,,,,,0,,W,historique-results.json,2026-07-17|mlb|props_k|Chris Sale Over 5.5 K|hist,2026-07-17,,Texas Rangers @ Atlanta Braves,,Chris Sale,5.5,6,,,,,,,import results.json,,,1,,,,,
2026-07-17,mlb,props_k,Gabriel Hughes Over 5.5 K,0.535,,,,,0,,W,historique-results.json,2026-07-17|mlb|props_k|Gabriel Hughes Over 5.5 K|hist,2026-07-17,,Cincinnati Reds @ Colorado Rockies,,Gabriel Hughes,5.5,6,,,,,,,import results.json,,,1,,,,,
2026-07-16,mlb,props_k,Christian Scott Over 5.5 K,0.616,,,,,0,,W,historique-results.json,2026-07-16|mlb|props_k|Christian Scott Over 5.5 K|hist,2026-07-16,,New York Mets @ Philadelphia Phillies,,Christian Scott,5.5,6,,,,,,,import results.json,,,1,,,,,
2026-07-16,mlb,props_k,Aaron Nola Over 4.5 K,0.607,,,,,0,,W,historique-results.json,2026-07-16|mlb|props_k|Aaron Nola Over 4.5 K|hist,2026-07-16,,New York Mets @ Philadelphia Phillies,,Aaron Nola,4.5,5,,,,,,,import results.json,,,1,,,,,
2026-07-15,mlb,props_k,Christian Scott Over 5.5 K,0.616,,,,,0,,W,historique-results.json,2026-07-15|mlb|props_k|Christian Scott Over 5.5 K|hist,2026-07-15,,New York Mets @ Philadelphia Phillies,,Christian Scott,5.5,6,,,,,,,import results.json,,,1,,,,,
2026-07-12,mlb,props_k,Robert Gasser Over 4.5 K,0.597,,,,,0,,L,historique-results.json,2026-07-12|mlb|props_k|Robert Gasser Over 4.5 K|hist,2026-07-12,,Milwaukee Brewers @ Pittsburgh Pirates,,Robert Gasser,4.5,5,,,,,,,import results.json,,,1,,,,,
2026-07-12,mlb,props_k,Shane Baz Over 4.5 K,0.574,,,,,0,,W,historique-results.json,2026-07-12|mlb|props_k|Shane Baz Over 4.5 K|hist,2026-07-12,,Kansas City Royals @ Baltimore Orioles,,Shane Baz,4.5,5,,,,,,,import results.json,,,1,,,,,
2026-07-12,mlb,props_k,Will Warren Over 3.5 K,0.699,,,,,0,,L,historique-results.json,2026-07-12|mlb|props_k|Will Warren Over 3.5 K|hist,2026-07-12,,New York Yankees @ Washington Nationals,,Will Warren,3.5,4,,,,,,,import results.json,,,1,,,,,
2026-07-12,mlb,props_k,Payton Tolle Over 4.5 K,0.521,,,,,0,,W,historique-results.json,2026-07-12|mlb|props_k|Payton Tolle Over 4.5 K|hist,2026-07-12,,Boston Red Sox @ New York Mets,,Payton Tolle,4.5,5,,,,,,,import results.json,,,1,,,,,
2026-07-12,mlb,props_k,Andrew Abbott Over 4.5 K,0.629,,,,,0,,L,historique-results.json,2026-07-12|mlb|props_k|Andrew Abbott Over 4.5 K|hist,2026-07-12,,Chicago Cubs @ Cincinnati Reds,,Andrew Abbott,4.5,5,,,,,,,import results.json,,,1,,,,,
2026-07-12,mlb,props_k,Joey Cantillo Over 4.5 K,0.514,,,,,0,,W,historique-results.json,2026-07-12|mlb|props_k|Joey Cantillo Over 4.5 K|hist,2026-07-12,,Cleveland Guardians @ Miami Marlins,,Joey Cantillo,4.5,5,,,,,,,import results.json,,,1,,,,,
2026-07-12,mlb,props_k,Tarik Skubal Over 7.5 K,0.585,,,,,0,,L,historique-results.json,2026-07-12|mlb|props_k|Tarik Skubal Over 7.5 K|hist,2026-07-12,,Philadelphia Phillies @ Detroit Tigers,,Tarik Skubal,7.5,8,,,,,,,import results.json,,,1,,,,,
2026-07-12,mlb,props_k,Zack Wheeler Over 8.5 K,0.553,,,,,0,,W,historique-results.json,2026-07-12|mlb|props_k|Zack Wheeler Over 8.5 K|hist,2026-07-12,,Philadelphia Phillies @ Detroit Tigers,,Zack Wheeler,8.5,9,,,,,,,import results.json,,,1,,,,,
2026-07-12,mlb,props_k,Ian Seymour Over 8.5 K,0.534,,,,,0,,L,historique-results.json,2026-07-12|mlb|props_k|Ian Seymour Over 8.5 K|hist,2026-07-12,,Seattle Mariners @ Tampa Bay Rays,,Ian Seymour,8.5,9,,,,,,,import results.json,,,1,,,,,
2026-07-12,mlb,props_k,Emerson Hancock Over 4.5 K,0.54,,,,,0,,L,historique-results.json,2026-07-12|mlb|props_k|Emerson Hancock Over 4.5 K|hist,2026-07-12,,Seattle Mariners @ Tampa Bay Rays,,Emerson Hancock,4.5,5,,,,,,,import results.json,,,1,,,,,
2026-07-12,mlb,props_k,José Soriano Over 5.5 K,0.546,,,,,0,,L,historique-results.json,2026-07-12|mlb|props_k|José Soriano Over 5.5 K|hist,2026-07-12,,Los Angeles Angels @ Minnesota Twins,,José Soriano,5.5,6,,,,,,,import results.json,,,1,,,,,
2026-07-12,mlb,props_k,Emmet Sheehan Over 4.5 K,0.601,,,,,0,,W,historique-results.json,2026-07-12|mlb|props_k|Emmet Sheehan Over 4.5 K|hist,2026-07-12,,Arizona Diamondbacks @ Los Angeles Dodgers,,Emmet Sheehan,4.5,5,,,,,,,import results.json,,,1,,,,,
2026-07-12,mlb,props_k,Kevin Gausman Over 5.5 K,0.665,,,,,0,,W,historique-results.json,2026-07-12|mlb|props_k|Kevin Gausman Over 5.5 K|hist,2026-07-12,,Toronto Blue Jays @ San Diego Padres,,Kevin Gausman,5.5,6,,,,,,,import results.json,,,1,,,,,
2026-07-12,mlb,props_k,Matthew Boyd Over 5.5 K,0.585,,,,,0,,L,historique-results.json,2026-07-12|mlb|props_k|Matthew Boyd Over 5.5 K|hist,2026-07-12,,Chicago Cubs @ Cincinnati Reds,,Matthew Boyd,5.5,6,,,,,,,import results.json,,,1,,,,,
2026-07-12,mlb,props_k,Dustin May Over 6.5 K,0.599,,,,,0,,L,historique-results.json,2026-07-12|mlb|props_k|Dustin May Over 6.5 K|hist,2026-07-12,,Atlanta Braves @ St. Louis Cardinals,,Dustin May,6.5,7,,,,,,,import results.json,,,1,,,,,
2026-07-12,mlb,props_k,Cade Cavalli Over 8.5 K,0.58,,,,,0,,L,historique-results.json,2026-07-12|mlb|props_k|Cade Cavalli Over 8.5 K|hist,2026-07-12,,New York Yankees @ Washington Nationals,,Cade Cavalli,8.5,9,,,,,,,import results.json,,,1,,,,,
2026-07-12,mlb,props_k,Zach Thornton Over 4.5 K,0.645,,,,,0,,W,historique-results.json,2026-07-12|mlb|props_k|Zach Thornton Over 4.5 K|hist,2026-07-12,,Boston Red Sox @ New York Mets,,Zach Thornton,4.5,5,,,,,,,import results.json,,,1,,,,,
2026-07-12,mlb,props_k,Paul Skenes Over 4.5 K,0.683,,,,,0,,W,historique-results.json,2026-07-12|mlb|props_k|Paul Skenes Over 4.5 K|hist,2026-07-12,,Milwaukee Brewers @ Pittsburgh Pirates,,Paul Skenes,4.5,5,,,,,,,import results.json,,,1,,,,,
2026-07-12,mlb,props_k,Payton Tolle Over 3.5 K,0.701,,,,,0,,W,historique-results.json,2026-07-12|mlb|props_k|Payton Tolle Over 3.5 K|hist,2026-07-12,,Boston Red Sox @ New York Mets,,Payton Tolle,3.5,4,,,,,,,import results.json,,,1,,,,,
2026-07-12,mlb,props_k,Joey Cantillo Over 3.5 K,0.684,,,,,0,,W,historique-results.json,2026-07-12|mlb|props_k|Joey Cantillo Over 3.5 K|hist,2026-07-12,,Cleveland Guardians @ Miami Marlins,,Joey Cantillo,3.5,4,,,,,,,import results.json,,,1,,,,,
2026-07-12,mlb,props_k,Ian Seymour Over 7.5 K,0.616,,,,,0,,L,historique-results.json,2026-07-12|mlb|props_k|Ian Seymour Over 7.5 K|hist,2026-07-12,,Seattle Mariners @ Tampa Bay Rays,,Ian Seymour,7.5,8,,,,,,,import results.json,,,1,,,,,
2026-07-12,mlb,props_k,Paul Skenes Over 5.5 K,0.522,,,,,0,,W,historique-results.json,2026-07-12|mlb|props_k|Paul Skenes Over 5.5 K|hist,2026-07-12,,Milwaukee Brewers @ Pittsburgh Pirates,,Paul Skenes,5.5,6,,,,,,,import results.json,,,1,,,,,
2026-07-12,mlb,props_k,Cade Cavalli Over 7.5 K,0.58,,,,,0,,L,historique-results.json,2026-07-12|mlb|props_k|Cade Cavalli Over 7.5 K|hist,2026-07-12,,New York Yankees @ Washington Nationals,,Cade Cavalli,7.5,8,,,,,,,import results.json,,,1,,,,,
2026-07-12,mlb,props_k,Tarik Skubal Over 6.5 K,0.63,,,,,0,,L,historique-results.json,2026-07-12|mlb|props_k|Tarik Skubal Over 6.5 K|hist,2026-07-12,,Philadelphia Phillies @ Detroit Tigers,,Tarik Skubal,6.5,7,,,,,,,import results.json,,,1,,,,,
2026-07-12,mlb,props_k,Zack Wheeler Over 9.5 K,0.563,,,,,0,,W,historique-results.json,2026-07-12|mlb|props_k|Zack Wheeler Over 9.5 K|hist,2026-07-12,,Philadelphia Phillies @ Detroit Tigers,,Zack Wheeler,9.5,10,,,,,,,import results.json,,,1,,,,,
2026-07-12,mlb,props_k,Shane Baz Over 5.5 K,0.512,,,,,0,,W,historique-results.json,2026-07-12|mlb|props_k|Shane Baz Over 5.5 K|hist,2026-07-12,,Kansas City Royals @ Baltimore Orioles,,Shane Baz,5.5,6,,,,,,,import results.json,,,1,,,,,
2026-07-12,mlb,props_k,Kevin Gausman Over 6.5 K,0.56,,,,,0,,W,historique-results.json,2026-07-12|mlb|props_k|Kevin Gausman Over 6.5 K|hist,2026-07-12,,Toronto Blue Jays @ San Diego Padres,,Kevin Gausman,6.5,7,,,,,,,import results.json,,,1,,,,,
2026-07-11,mlb,props_k,Joe Ryan Over 7.5 K,0.584,,,,,0,,L,historique-results.json,2026-07-11|mlb|props_k|Joe Ryan Over 7.5 K|hist,2026-07-11,,Los Angeles Angels @ Minnesota Twins,,Joe Ryan,7.5,8,,,,,,,import results.json,,,1,,,,,
2026-07-11,mlb,props_k,Cam Schlittler Over 6.5 K,0.512,,,,,0,,L,historique-results.json,2026-07-11|mlb|props_k|Cam Schlittler Over 6.5 K|hist,2026-07-11,,New York Yankees @ Washington Nationals,,Cam Schlittler,6.5,7,,,,,,,import results.json,,,1,,,,,
2026-07-11,mlb,props_k,Tyler Mahle Over 3.5 K,0.702,,,,,0,,W,historique-results.json,2026-07-11|mlb|props_k|Tyler Mahle Over 3.5 K|hist,2026-07-11,,Colorado Rockies @ San Francisco Giants,,Tyler Mahle,3.5,4,,,,,,,import results.json,,,1,,,,,
2026-07-11,mlb,props_k,Kyle Freeland Over 4.5 K,0.54,,,,,0,,W,historique-results.json,2026-07-11|mlb|props_k|Kyle Freeland Over 4.5 K|hist,2026-07-11,,Colorado Rockies @ San Francisco Giants,,Kyle Freeland,4.5,5,,,,,,,import results.json,,,1,,,,,
2026-07-11,mlb,props_k,Eury Pérez Over 7.5 K,0.591,,,,,0,,L,historique-results.json,2026-07-11|mlb|props_k|Eury Pérez Over 7.5 K|hist,2026-07-11,,Cleveland Guardians @ Miami Marlins,,Eury Pérez,7.5,8,,,,,,,import results.json,,,1,,,,,
2026-07-11,mlb,props_k,Griffin Jax Over 6.5 K,0.546,,,,,0,,L,historique-results.json,2026-07-11|mlb|props_k|Griffin Jax Over 6.5 K|hist,2026-07-11,,Seattle Mariners @ Tampa Bay Rays,,Griffin Jax,6.5,7,,,,,,,import results.json,,,1,,,,,
2026-07-11,mlb,props_k,Logan Gilbert Over 5.5 K,0.645,,,,,0,,L,historique-results.json,2026-07-11|mlb|props_k|Logan Gilbert Over 5.5 K|hist,2026-07-11,,Seattle Mariners @ Tampa Bay Rays,,Logan Gilbert,5.5,6,,,,,,,import results.json,,,1,,,,,
2026-07-11,mlb,props_k,Casey Mize Over 5.5 K,0.604,,,,,0,,L,historique-results.json,2026-07-11|mlb|props_k|Casey Mize Over 5.5 K|hist,2026-07-11,,Philadelphia Phillies @ Detroit Tigers,,Casey Mize,5.5,6,,,,,,,import results.json,,,1,,,,,
2026-07-11,mlb,props_k,Cristopher Sánchez Over 6.5 K,0.587,,,,,0,,W,historique-results.json,2026-07-11|mlb|props_k|Cristopher Sánchez Over 6.5 K|hist,2026-07-11,,Philadelphia Phillies @ Detroit Tigers,,Cristopher Sánchez,6.5,7,,,,,,,import results.json,,,1,,,,,
2026-07-11,mlb,props_k,Kyle Bradish Over 5.5 K,0.663,,,,,0,,L,historique-results.json,2026-07-11|mlb|props_k|Kyle Bradish Over 5.5 K|hist,2026-07-11,,Kansas City Royals @ Baltimore Orioles,,Kyle Bradish,5.5,6,,,,,,,import results.json,,,1,,,,,
2026-07-11,mlb,props_k,Noah Cameron Over 5.5 K,0.524,,,,,0,,W,historique-results.json,2026-07-11|mlb|props_k|Noah Cameron Over 5.5 K|hist,2026-07-11,,Kansas City Royals @ Baltimore Orioles,,Noah Cameron,5.5,6,,,,,,,import results.json,,,1,,,,,
2026-07-11,mlb,props_k,Kumar Rocker Over 4.5 K,0.507,,,,,0,,W,historique-results.json,2026-07-11|mlb|props_k|Kumar Rocker Over 4.5 K|hist,2026-07-11,,Houston Astros @ Texas Rangers,,Kumar Rocker,4.5,5,,,,,,,import results.json,,,1,,,,,
2026-07-11,mlb,props_k,Peter Lambert Over 4.5 K,0.519,,,,,0,,W,historique-results.json,2026-07-11|mlb|props_k|Peter Lambert Over 4.5 K|hist,2026-07-11,,Houston Astros @ Texas Rangers,,Peter Lambert,4.5,5,,,,,,,import results.json,,,1,,,,,
2026-07-11,mlb,props_k,Walker Buehler Over 3.5 K,0.576,,,,,0,,L,historique-results.json,2026-07-11|mlb|props_k|Walker Buehler Over 3.5 K|hist,2026-07-11,,Toronto Blue Jays @ San Diego Padres,,Walker Buehler,3.5,4,,,,,,,import results.json,,,1,,,,,
2026-07-11,mlb,props_k,Trey Yesavage Over 5.5 K,0.561,,,,,0,,L,historique-results.json,2026-07-11|mlb|props_k|Trey Yesavage Over 5.5 K|hist,2026-07-11,,Toronto Blue Jays @ San Diego Padres,,Trey Yesavage,5.5,6,,,,,,,import results.json,,,1,,,,,
2026-07-11,mlb,props_k,Bubba Chandler Over 3.5 K,0.668,,,,,0,,VOID,historique-results.json,2026-07-11|mlb|props_k|Bubba Chandler Over 3.5 K|hist,2026-07-11,,Milwaukee Brewers @ Pittsburgh Pirates,,Bubba Chandler,3.5,4,,,,,,,import results.json,,,1,,,,,
2026-07-11,mlb,props_k,Shane Drohan Over 4.5 K,0.635,,,,,0,,VOID,historique-results.json,2026-07-11|mlb|props_k|Shane Drohan Over 4.5 K|hist,2026-07-11,,Milwaukee Brewers @ Pittsburgh Pirates,,Shane Drohan,4.5,5,,,,,,,import results.json,,,1,,,,,
2026-07-11,mlb,props_k,Joe Ryan Over 6.5 K,0.627,,,,,0,,L,historique-results.json,2026-07-11|mlb|props_k|Joe Ryan Over 6.5 K|hist,2026-07-11,,Los Angeles Angels @ Minnesota Twins,,Joe Ryan,6.5,7,,,,,,,import results.json,,,1,,,,,
2026-07-11,mlb,props_k,Yoshinobu Yamamoto Over 5.5 K,0.573,,,,,0,,W,historique-results.json,2026-07-11|mlb|props_k|Yoshinobu Yamamoto Over 5.5 K|hist,2026-07-11,,Arizona Diamondbacks @ Los Angeles Dodgers,,Yoshinobu Yamamoto,5.5,6,,,,,,,import results.json,,,1,,,,,
2026-07-11,mlb,props_k,Cam Schlittler Over 5.5 K,0.623,,,,,0,,W,historique-results.json,2026-07-11|mlb|props_k|Cam Schlittler Over 5.5 K|hist,2026-07-11,,New York Yankees @ Washington Nationals,,Cam Schlittler,5.5,6,,,,,,,import results.json,,,1,,,,,
2026-07-11,mlb,props_k,Eury Pérez Over 6.5 K,0.64,,,,,0,,L,historique-results.json,2026-07-11|mlb|props_k|Eury Pérez Over 6.5 K|hist,2026-07-11,,Cleveland Guardians @ Miami Marlins,,Eury Pérez,6.5,7,,,,,,,import results.json,,,1,,,,,
2026-07-11,mlb,props_k,Noah Cameron Over 4.5 K,0.67,,,,,0,,W,historique-results.json,2026-07-11|mlb|props_k|Noah Cameron Over 4.5 K|hist,2026-07-11,,Kansas City Royals @ Baltimore Orioles,,Noah Cameron,4.5,5,,,,,,,import results.json,,,1,,,,,
2026-07-10,mlb,props_k,Jack Flaherty Over 7.5 K,0.518,,,,,0,,L,historique-results.json,2026-07-10|mlb|props_k|Jack Flaherty Over 7.5 K|hist,2026-07-10,,Philadelphia Phillies @ Detroit Tigers,,Jack Flaherty,7.5,8,,,,,,,import results.json,,,1,,,,,
2026-07-10,mlb,props_k,Braxton Ashcraft Over 5.5 K,0.522,,,,,0,,W,historique-results.json,2026-07-10|mlb|props_k|Braxton Ashcraft Over 5.5 K|hist,2026-07-10,,Milwaukee Brewers @ Pittsburgh Pirates,,Braxton Ashcraft,5.5,6,,,,,,,import results.json,,,1,,,,,
2026-07-10,mlb,props_k,Brandon Sproat Over 4.5 K,0.681,,,,,0,,VOID,historique-results.json,2026-07-10|mlb|props_k|Brandon Sproat Over 4.5 K|hist,2026-07-10,,Milwaukee Brewers @ Pittsburgh Pirates,,Brandon Sproat,4.5,5,,,,,,,import results.json,,,1,,,,,
2026-07-10,mlb,props_k,Ryan Weathers Over 5.5 K,0.535,,,,,0,,W,historique-results.json,2026-07-10|mlb|props_k|Ryan Weathers Over 5.5 K|hist,2026-07-10,,New York Yankees @ Washington Nationals,,Ryan Weathers,5.5,6,,,,,,,import results.json,,,1,,,,,
2026-07-10,mlb,props_k,Shota Imanaga Over 5.5 K,0.602,,,,,0,,L,historique-results.json,2026-07-10|mlb|props_k|Shota Imanaga Over 5.5 K|hist,2026-07-10,,Chicago Cubs @ Cincinnati Reds,,Shota Imanaga,5.5,6,,,,,,,import results.json,,,1,,,,,
2026-07-10,mlb,props_k,Sandy Alcantara Over 5.5 K,0.656,,,,,0,,W,historique-results.json,2026-07-10|mlb|props_k|Sandy Alcantara Over 5.5 K|hist,2026-07-10,,Cleveland Guardians @ Miami Marlins,,Sandy Alcantara,5.5,6,,,,,,,import results.json,,,1,,,,,
2026-07-10,mlb,props_k,Nolan Mclean Over 6.5 K,0.522,,,,,0,,W,historique-results.json,2026-07-10|mlb|props_k|Nolan Mclean Over 6.5 K|hist,2026-07-10,,Boston Red Sox @ New York Mets,,Nolan Mclean,6.5,7,,,,,,,import results.json,,,1,,,,,
2026-07-10,mlb,props_k,Hunter Brown Over 4.5 K,0.652,,,,,0,,L,historique-results.json,2026-07-10|mlb|props_k|Hunter Brown Over 4.5 K|hist,2026-07-10,,Houston Astros @ Texas Rangers,,Hunter Brown,4.5,5,,,,,,,import results.json,,,1,,,,,
2026-07-10,mlb,props_k,Chris Sale Over 5.5 K,0.589,,,,,0,,L,historique-results.json,2026-07-10|mlb|props_k|Chris Sale Over 5.5 K|hist,2026-07-10,,Atlanta Braves @ St. Louis Cardinals,,Chris Sale,5.5,6,,,,,,,import results.json,,,1,,,,,
2026-07-10,mlb,props_k,Kyle Leahy Over 4.5 K,0.601,,,,,0,,L,historique-results.json,2026-07-10|mlb|props_k|Kyle Leahy Over 4.5 K|hist,2026-07-10,,Atlanta Braves @ St. Louis Cardinals,,Kyle Leahy,4.5,5,,,,,,,import results.json,,,1,,,,,
2026-07-10,mlb,props_k,Hunter Greene Over 5.5 K,0.512,,,,,0,,W,historique-results.json,2026-07-10|mlb|props_k|Hunter Greene Over 5.5 K|hist,2026-07-10,,Chicago Cubs @ Cincinnati Reds,,Hunter Greene,5.5,6,,,,,,,import results.json,,,1,,,,,
2026-07-10,mlb,props_k,Zebby Matthews Over 5.5 K,0.5,,,,,0,,L,historique-results.json,2026-07-10|mlb|props_k|Zebby Matthews Over 5.5 K|hist,2026-07-10,,Los Angeles Angels @ Minnesota Twins,,Zebby Matthews,5.5,6,,,,,,,import results.json,,,1,,,,,
2026-07-10,mlb,props_k,Aaron Nola Over 4.5 K,0.684,,,,,0,,W,historique-results.json,2026-07-10|mlb|props_k|Aaron Nola Over 4.5 K|hist,2026-07-10,,Philadelphia Phillies @ Detroit Tigers,,Aaron Nola,4.5,5,,,,,,,import results.json,,,1,,,,,
2026-07-10,mlb,props_k,Jack Flaherty Over 6.5 K,0.557,,,,,0,,L,historique-results.json,2026-07-10|mlb|props_k|Jack Flaherty Over 6.5 K|hist,2026-07-10,,Philadelphia Phillies @ Detroit Tigers,,Jack Flaherty,6.5,7,,,,,,,import results.json,,,1,,,,,
2026-07-10,mlb,props_k,Brandon Sproat Over 5.5 K,0.58,,,,,0,,L,historique-results.json,2026-07-10|mlb|props_k|Brandon Sproat Over 5.5 K|hist,2026-07-10,,Milwaukee Brewers @ Pittsburgh Pirates,,Brandon Sproat,5.5,6,,,,,,,import results.json,,,1,,,,,
2026-07-10,mlb,props_k,Ryan Weathers Over 4.5 K,0.672,,,,,0,,W,historique-results.json,2026-07-10|mlb|props_k|Ryan Weathers Over 4.5 K|hist,2026-07-10,,New York Yankees @ Washington Nationals,,Ryan Weathers,4.5,5,,,,,,,import results.json,,,1,,,,,
2026-07-10,mlb,props_k,Shota Imanaga Over 6.5 K,0.537,,,,,0,,L,historique-results.json,2026-07-10|mlb|props_k|Shota Imanaga Over 6.5 K|hist,2026-07-10,,Chicago Cubs @ Cincinnati Reds,,Shota Imanaga,6.5,7,,,,,,,import results.json,,,1,,,,,
2026-07-10,mlb,props_k,Sandy Alcantara Over 6.5 K,0.5,,,,,0,,W,historique-results.json,2026-07-10|mlb|props_k|Sandy Alcantara Over 6.5 K|hist,2026-07-10,,Cleveland Guardians @ Miami Marlins,,Sandy Alcantara,6.5,7,,,,,,,import results.json,,,1,,,,,
2026-07-10,mlb,props_k,Chris Sale Over 6.5 K,0.54,,,,,0,,L,historique-results.json,2026-07-10|mlb|props_k|Chris Sale Over 6.5 K|hist,2026-07-10,,Atlanta Braves @ St. Louis Cardinals,,Chris Sale,6.5,7,,,,,,,import results.json,,,1,,,,,
2026-07-10,mlb,props_k,Aaron Nola Over 5.5 K,0.516,,,,,0,,W,historique-results.json,2026-07-10|mlb|props_k|Aaron Nola Over 5.5 K|hist,2026-07-10,,Philadelphia Phillies @ Detroit Tigers,,Aaron Nola,5.5,6,,,,,,,import results.json,,,1,,,,,
2026-07-10,mlb,props_k,Jack Flaherty Over 5.5 K,0.556,,,,,0,,W,historique-results.json,2026-07-10|mlb|props_k|Jack Flaherty Over 5.5 K|hist,2026-07-10,,Philadelphia Phillies @ Detroit Tigers,,Jack Flaherty,5.5,6,,,,,,,import results.json,,,1,,,,,
2026-07-10,mlb,props_k,Parker Messick Over 4.5 K,0.574,,,,,0,,L,historique-results.json,2026-07-10|mlb|props_k|Parker Messick Over 4.5 K|hist,2026-07-10,,Cleveland Guardians @ Miami Marlins,,Parker Messick,4.5,5,,,,,,,import results.json,,,1,,,,,
2026-07-10,mlb,props_k,Hunter Brown Over 3.5 K,0.702,,,,,0,,W,historique-results.json,2026-07-10|mlb|props_k|Hunter Brown Over 3.5 K|hist,2026-07-10,,Houston Astros @ Texas Rangers,,Hunter Brown,3.5,4,,,,,,,import results.json,,,1,,,,,
2026-07-09,mlb,props_k,Drew Rasmussen Over 5.5 K,0.566,,,,,0,,L,historique-results.json,2026-07-09|mlb|props_k|Drew Rasmussen Over 5.5 K|hist,2026-07-09,,New York Yankees @ Tampa Bay Rays,,Drew Rasmussen,5.5,6,,,,,,,import results.json,,,1,,,,,
2026-07-09,mlb,props_k,Gavin Williams Over 4.5 K,0.659,,,,,0,,W,historique-results.json,2026-07-09|mlb|props_k|Gavin Williams Over 4.5 K|hist,2026-07-09,,Cleveland Guardians @ Minnesota Twins,,Gavin Williams,4.5,5,,,,,,,import results.json,,,1,,,,,
2026-07-09,mlb,props_k,Tarik Skubal Over 6.5 K,0.604,,,,,0,,VOID,historique-results.json,2026-07-09|mlb|props_k|Tarik Skubal Over 6.5 K|hist,2026-07-09,,Athletics @ Detroit Tigers,,Tarik Skubal,6.5,7,,,,,,,import results.json,,,1,,,,,
2026-07-09,mlb,props_k,Bryce Miller Over 7.5 K,0.568,,,,,0,,L,historique-results.json,2026-07-09|mlb|props_k|Bryce Miller Over 7.5 K|hist,2026-07-09,,Seattle Mariners @ Miami Marlins,,Bryce Miller,7.5,8,,,,,,,import results.json,,,1,,,,,
2026-07-09,mlb,props_k,Nathan Eovaldi Over 5.5 K,0.645,,,,,0,,W,historique-results.json,2026-07-09|mlb|props_k|Nathan Eovaldi Over 5.5 K|hist,2026-07-09,,Los Angeles Angels @ Texas Rangers,,Nathan Eovaldi,5.5,6,,,,,,,import results.json,,,1,,,,,
2026-07-09,mlb,props_k,Reid Detmers Over 5.5 K,0.514,,,,,0,,W,historique-results.json,2026-07-09|mlb|props_k|Reid Detmers Over 5.5 K|hist,2026-07-09,,Los Angeles Angels @ Texas Rangers,,Reid Detmers,5.5,6,,,,,,,import results.json,,,1,,,,,
2026-07-09,mlb,props_k,Drew Rasmussen Over 8.5 K,0.599,,,,,0,,L,historique-results.json,2026-07-09|mlb|props_k|Drew Rasmussen Over 8.5 K|hist,2026-07-09,,New York Yankees @ Tampa Bay Rays,,Drew Rasmussen,8.5,9,,,,,,,import results.json,,,1,,,,,
2026-07-09,mlb,props_k,Tarik Skubal Over 8.5 K,0.521,,,,,0,,VOID,historique-results.json,2026-07-09|mlb|props_k|Tarik Skubal Over 8.5 K|hist,2026-07-09,,Athletics @ Detroit Tigers,,Tarik Skubal,8.5,9,,,,,,,import results.json,,,1,,,,,
2026-07-09,mlb,props_k,Bryce Miller Over 5.5 K,0.656,,,,,0,,L,historique-results.json,2026-07-09|mlb|props_k|Bryce Miller Over 5.5 K|hist,2026-07-09,,Seattle Mariners @ Miami Marlins,,Bryce Miller,5.5,6,,,,,,,import results.json,,,1,,,,,
2026-07-09,mlb,props_k,Nathan Eovaldi Over 7.5 K,0.532,,,,,0,,W,historique-results.json,2026-07-09|mlb|props_k|Nathan Eovaldi Over 7.5 K|hist,2026-07-09,,Los Angeles Angels @ Texas Rangers,,Nathan Eovaldi,7.5,8,,,,,,,import results.json,,,1,,,,,
2026-07-09,mlb,props_k,Reid Detmers Over 4.5 K,0.667,,,,,0,,W,historique-results.json,2026-07-09|mlb|props_k|Reid Detmers Over 4.5 K|hist,2026-07-09,,Los Angeles Angels @ Texas Rangers,,Reid Detmers,4.5,5,,,,,,,import results.json,,,1,,,,,
2026-07-09,mlb,props_k,Gavin Williams Over 6.5 K,0.505,,,,,0,,W,historique-results.json,2026-07-09|mlb|props_k|Gavin Williams Over 6.5 K|hist,2026-07-09,,Cleveland Guardians @ Minnesota Twins,,Gavin Williams,6.5,7,,,,,,,import results.json,,,1,,,,,
2026-07-09,mlb,props_k,Logan Henderson Over 5.5 K,0.587,,,,,0,,L,historique-results.json,2026-07-09|mlb|props_k|Logan Henderson Over 5.5 K|hist,2026-07-09,,Milwaukee Brewers @ St. Louis Cardinals,,Logan Henderson,5.5,6,,,,,,,import results.json,,,1,,,,,
2026-07-09,mlb,props_k,Nathan Eovaldi Over 8.5 K,0.512,,,,,0,,W,historique-results.json,2026-07-09|mlb|props_k|Nathan Eovaldi Over 8.5 K|hist,2026-07-09,,Los Angeles Angels @ Texas Rangers,,Nathan Eovaldi,8.5,9,,,,,,,import results.json,,,1,,,,,
2026-07-08,mlb,props_k,Logan Webb Over 4.5 K,0.662,,,,,0,,L,historique-results.json,2026-07-08|mlb|props_k|Logan Webb Over 4.5 K|hist,2026-07-08,,Toronto Blue Jays @ San Francisco Giants,,Logan Webb,4.5,5,,,,,,,import results.json,,,1,,,,,
2026-07-08,mlb,props_k,Dylan Cease Over 8.5 K,0.508,,,,,0,,W,historique-results.json,2026-07-08|mlb|props_k|Dylan Cease Over 8.5 K|hist,2026-07-08,,Toronto Blue Jays @ San Francisco Giants,,Dylan Cease,8.5,9,,,,,,,import results.json,,,1,,,,,
2026-07-08,mlb,props_k,Dean Kremer Over 6.5 K,0.534,,,,,0,,L,historique-results.json,2026-07-08|mlb|props_k|Dean Kremer Over 6.5 K|hist,2026-07-08,,Chicago Cubs @ Baltimore Orioles,,Dean Kremer,6.5,7,,,,,,,import results.json,,,1,,,,,
2026-07-08,mlb,props_k,Tarik Skubal Over 6.5 K,0.604,,,,,0,,VOID,historique-results.json,2026-07-08|mlb|props_k|Tarik Skubal Over 6.5 K|hist,2026-07-08,,Athletics @ Detroit Tigers,,Tarik Skubal,6.5,7,,,,,,,import results.json,,,1,,,,,
2026-07-08,mlb,props_k,George Kirby Over 5.5 K,0.568,,,,,0,,W,historique-results.json,2026-07-08|mlb|props_k|George Kirby Over 5.5 K|hist,2026-07-08,,Seattle Mariners @ Miami Marlins,,George Kirby,5.5,6,,,,,,,import results.json,,,1,,,,,
2026-07-08,mlb,props_k,Gerrit Cole Over 4.5 K,0.605,,,,,0,,W,historique-results.json,2026-07-08|mlb|props_k|Gerrit Cole Over 4.5 K|hist,2026-07-08,,New York Yankees @ Tampa Bay Rays,,Gerrit Cole,4.5,5,,,,,,,import results.json,,,1,,,,,
2026-07-08,mlb,props_k,Foster Griffin Over 4.5 K,0.642,,,,,0,,W,historique-results.json,2026-07-08|mlb|props_k|Foster Griffin Over 4.5 K|hist,2026-07-08,,Houston Astros @ Washington Nationals,,Foster Griffin,4.5,5,,,,,,,import results.json,,,1,,,,,
2026-07-08,mlb,props_k,Spencer Arrighetti Over 5.5 K,0.554,,,,,0,,L,historique-results.json,2026-07-08|mlb|props_k|Spencer Arrighetti Over 5.5 K|hist,2026-07-08,,Houston Astros @ Washington Nationals,,Spencer Arrighetti,5.5,6,,,,,,,import results.json,,,1,,,,,
2026-07-08,mlb,props_k,Connor Prielipp Over 5.5 K,0.584,,,,,0,,W,historique-results.json,2026-07-08|mlb|props_k|Connor Prielipp Over 5.5 K|hist,2026-07-08,,Cleveland Guardians @ Minnesota Twins,,Connor Prielipp,5.5,6,,,,,,,import results.json,,,1,,,,,
2026-07-08,mlb,props_k,Kyle Harrison Over 5.5 K,0.642,,,,,0,,L,historique-results.json,2026-07-08|mlb|props_k|Kyle Harrison Over 5.5 K|hist,2026-07-08,,Milwaukee Brewers @ St. Louis Cardinals,,Kyle Harrison,5.5,6,,,,,,,import results.json,,,1,,,,,
2026-07-08,mlb,props_k,Walbert Ureña Over 4.5 K,0.68,,,,,0,,L,historique-results.json,2026-07-08|mlb|props_k|Walbert Ureña Over 4.5 K|hist,2026-07-08,,Los Angeles Angels @ Texas Rangers,,Walbert Ureña,4.5,5,,,,,,,import results.json,,,1,,,,,
2026-07-08,mlb,props_k,Roki Sasaki Over 5.5 K,0.514,,,,,0,,L,historique-results.json,2026-07-08|mlb|props_k|Roki Sasaki Over 5.5 K|hist,2026-07-08,,Colorado Rockies @ Los Angeles Dodgers,,Roki Sasaki,5.5,6,,,,,,,import results.json,,,1,,,,,
2026-07-08,mlb,props_k,Christian Scott Over 4.5 K,0.643,,,,,0,,W,historique-results.json,2026-07-08|mlb|props_k|Christian Scott Over 4.5 K|hist,2026-07-08,,Kansas City Royals @ New York Mets,,Christian Scott,4.5,5,,,,,,,import results.json,,,1,,,,,
2026-07-08,mlb,props_k,Chase Burns Over 6.5 K,0.503,,,,,0,,L,historique-results.json,2026-07-08|mlb|props_k|Chase Burns Over 6.5 K|hist,2026-07-08,,Philadelphia Phillies @ Cincinnati Reds,,Chase Burns,6.5,7,,,,,,,import results.json,,,1,,,,,
2026-07-08,mlb,props_k,Dylan Cease Over 7.5 K,0.596,,,,,0,,W,historique-results.json,2026-07-08|mlb|props_k|Dylan Cease Over 7.5 K|hist,2026-07-08,,Toronto Blue Jays @ San Francisco Giants,,Dylan Cease,7.5,8,,,,,,,import results.json,,,1,,,,,
2026-07-08,mlb,props_k,Dean Kremer Over 5.5 K,0.587,,,,,0,,L,historique-results.json,2026-07-08|mlb|props_k|Dean Kremer Over 5.5 K|hist,2026-07-08,,Chicago Cubs @ Baltimore Orioles,,Dean Kremer,5.5,6,,,,,,,import results.json,,,1,,,,,
2026-07-08,mlb,props_k,Foster Griffin Over 5.5 K,0.504,,,,,0,,W,historique-results.json,2026-07-08|mlb|props_k|Foster Griffin Over 5.5 K|hist,2026-07-08,,Houston Astros @ Washington Nationals,,Foster Griffin,5.5,6,,,,,,,import results.json,,,1,,,,,
2026-07-08,mlb,props_k,Chase Burns Over 5.5 K,0.626,,,,,0,,L,historique-results.json,2026-07-08|mlb|props_k|Chase Burns Over 5.5 K|hist,2026-07-08,,Philadelphia Phillies @ Cincinnati Reds,,Chase Burns,5.5,6,,,,,,,import results.json,,,1,,,,,
2026-07-07,mlb,props_k,Jacob Misiorowski Over 7.5 K,0.633,,,,,0,,VOID,historique-results.json,2026-07-07|mlb|props_k|Jacob Misiorowski Over 7.5 K|hist,2026-07-07,,Milwaukee Brewers @ St. Louis Cardinals,,Jacob Misiorowski,7.5,8,,,,,,,import results.json,,,1,,,,,
2026-07-07,mlb,props_k,Matthew Boyd Over 3.5 K,0.716,,,,,0,,W,historique-results.json,2026-07-07|mlb|props_k|Matthew Boyd Over 3.5 K|hist,2026-07-07,,Chicago Cubs @ Baltimore Orioles,,Matthew Boyd,3.5,4,,,,,,,import results.json,,,1,,,,,
2026-07-07,mlb,props_k,Shane Baz Over 5.5 K,0.55,,,,,0,,VOID,historique-results.json,2026-07-07|mlb|props_k|Shane Baz Over 5.5 K|hist,2026-07-07,,Chicago Cubs @ Baltimore Orioles,,Shane Baz,5.5,6,,,,,,,import results.json,,,1,,,,,
2026-07-07,mlb,props_k,Tarik Skubal Over 6.5 K,0.5,,,,,0,,VOID,historique-results.json,2026-07-07|mlb|props_k|Tarik Skubal Over 6.5 K|hist,2026-07-07,,Athletics @ Detroit Tigers,,Tarik Skubal,6.5,7,,,,,,,import results.json,,,1,,,,,
2026-07-07,mlb,props_k,Paul Skenes Over 6.5 K,0.554,,,,,0,,VOID,historique-results.json,2026-07-07|mlb|props_k|Paul Skenes Over 6.5 K|hist,2026-07-07,,Atlanta Braves @ Pittsburgh Pirates,,Paul Skenes,6.5,7,,,,,,,import results.json,,,1,,,,,
2026-07-07,mlb,props_k,Max Meyer Over 5.5 K,0.514,,,,,0,,VOID,historique-results.json,2026-07-07|mlb|props_k|Max Meyer Over 5.5 K|hist,2026-07-07,,Seattle Mariners @ Miami Marlins,,Max Meyer,5.5,6,,,,,,,import results.json,,,1,,,,,
2026-07-07,mlb,props_k,Ian Seymour Over 4.5 K,0.505,,,,,0,,VOID,historique-results.json,2026-07-07|mlb|props_k|Ian Seymour Over 4.5 K|hist,2026-07-07,,New York Yankees @ Tampa Bay Rays,,Ian Seymour,4.5,5,,,,,,,import results.json,,,1,,,,,
2026-07-07,mlb,props_k,Andrew Alvarez Over 3.5 K,0.62,,,,,0,,L,historique-results.json,2026-07-07|mlb|props_k|Andrew Alvarez Over 3.5 K|hist,2026-07-07,,Houston Astros @ Washington Nationals,,Andrew Alvarez,3.5,4,,,,,,,import results.json,,,1,,,,,
2026-07-07,mlb,props_k,Tatsuya Imai Over 7.5 K,0.534,,,,,0,,VOID,historique-results.json,2026-07-07|mlb|props_k|Tatsuya Imai Over 7.5 K|hist,2026-07-07,,Houston Astros @ Washington Nationals,,Tatsuya Imai,7.5,8,,,,,,,import results.json,,,1,,,,,
2026-07-07,mlb,props_k,Andrew Abbott Over 3.5 K,0.72,,,,,0,,W,historique-results.json,2026-07-07|mlb|props_k|Andrew Abbott Over 3.5 K|hist,2026-07-07,,Philadelphia Phillies @ Cincinnati Reds,,Andrew Abbott,3.5,4,,,,,,,import results.json,,,1,,,,,
2026-07-07,mlb,props_k,Payton Tolle Over 4.5 K,0.562,,,,,0,,VOID,historique-results.json,2026-07-07|mlb|props_k|Payton Tolle Over 4.5 K|hist,2026-07-07,,Boston Red Sox @ Chicago White Sox,,Payton Tolle,4.5,5,,,,,,,import results.json,,,1,,,,,
2026-07-07,mlb,props_k,Joey Cantillo Over 5.5 K,0.522,,,,,0,,VOID,historique-results.json,2026-07-07|mlb|props_k|Joey Cantillo Over 5.5 K|hist,2026-07-07,,Cleveland Guardians @ Minnesota Twins,,Joey Cantillo,5.5,6,,,,,,,import results.json,,,1,,,,,
2026-07-07,mlb,props_k,José Soriano Over 5.5 K,0.585,,,,,0,,VOID,historique-results.json,2026-07-07|mlb|props_k|José Soriano Over 5.5 K|hist,2026-07-07,,Los Angeles Angels @ Texas Rangers,,José Soriano,5.5,6,,,,,,,import results.json,,,1,,,,,
2026-07-07,mlb,props_k,Jacob Degrom Over 6.5 K,0.525,,,,,0,,VOID,historique-results.json,2026-07-07|mlb|props_k|Jacob Degrom Over 6.5 K|hist,2026-07-07,,Los Angeles Angels @ Texas Rangers,,Jacob Degrom,6.5,7,,,,,,,import results.json,,,1,,,,,
2026-07-07,mlb,props_k,Justin Wrobleski Over 5.5 K,0.552,,,,,0,,VOID,historique-results.json,2026-07-07|mlb|props_k|Justin Wrobleski Over 5.5 K|hist,2026-07-07,,Colorado Rockies @ Los Angeles Dodgers,,Justin Wrobleski,5.5,6,,,,,,,import results.json,,,1,,,,,
2026-07-07,mlb,props_k,Robert Gasser Over 4.5 K,0.528,,,,,0,,VOID,historique-results.json,2026-07-07|mlb|props_k|Robert Gasser Over 4.5 K|hist,2026-07-07,,Milwaukee Brewers @ St. Louis Cardinals,,Robert Gasser,4.5,5,,,,,,,import results.json,,,1,,,,,
2026-07-07,mlb,props_k,Zack Wheeler Over 6.5 K,0.554,,,,,0,,VOID,historique-results.json,2026-07-07|mlb|props_k|Zack Wheeler Over 6.5 K|hist,2026-07-07,,Philadelphia Phillies @ Cincinnati Reds,,Zack Wheeler,6.5,7,,,,,,,import results.json,,,1,,,,,
2026-07-07,mlb,props_k,Bryan Woo Over 5.5 K,0.626,,,,,0,,L,historique-results.json,2026-07-07|mlb|props_k|Bryan Woo Over 5.5 K|hist,2026-07-07,,Seattle Mariners @ Miami Marlins,,Bryan Woo,5.5,6,,,,,,,import results.json,,,1,,,,,
2026-07-07,mlb,props_k,Paul Skenes Over 5.5 K,0.644,,,,,0,,L,historique-results.json,2026-07-07|mlb|props_k|Paul Skenes Over 5.5 K|hist,2026-07-07,,Atlanta Braves @ Pittsburgh Pirates,,Paul Skenes,5.5,6,,,,,,,import results.json,,,1,,,,,
2026-07-07,mlb,props_k,Max Meyer Over 4.5 K,0.625,,,,,0,,L,historique-results.json,2026-07-07|mlb|props_k|Max Meyer Over 4.5 K|hist,2026-07-07,,Seattle Mariners @ Miami Marlins,,Max Meyer,4.5,5,,,,,,,import results.json,,,1,,,,,
2026-07-07,mlb,props_k,Bryan Woo Over 4.5 K,0.667,,,,,0,,W,historique-results.json,2026-07-07|mlb|props_k|Bryan Woo Over 4.5 K|hist,2026-07-07,,Seattle Mariners @ Miami Marlins,,Bryan Woo,4.5,5,,,,,,,import results.json,,,1,,,,,
2026-07-07,mlb,props_k,Tatsuya Imai Over 5.5 K,0.612,,,,,0,,L,historique-results.json,2026-07-07|mlb|props_k|Tatsuya Imai Over 5.5 K|hist,2026-07-07,,Houston Astros @ Washington Nationals,,Tatsuya Imai,5.5,6,,,,,,,import results.json,,,1,,,,,
2026-07-07,mlb,props_k,Andrew Abbott Over 4.5 K,0.595,,,,,0,,W,historique-results.json,2026-07-07|mlb|props_k|Andrew Abbott Over 4.5 K|hist,2026-07-07,,Philadelphia Phillies @ Cincinnati Reds,,Andrew Abbott,4.5,5,,,,,,,import results.json,,,1,,,,,
2026-07-07,mlb,props_k,Zack Wheeler Over 7.5 K,0.568,,,,,0,,W,historique-results.json,2026-07-07|mlb|props_k|Zack Wheeler Over 7.5 K|hist,2026-07-07,,Philadelphia Phillies @ Cincinnati Reds,,Zack Wheeler,7.5,8,,,,,,,import results.json,,,1,,,,,
2026-07-06,mlb,props_k,Cristopher Sánchez Over 5.5 K,0.62,,,,,0,,L,historique-results.json,2026-07-06|mlb|props_k|Cristopher Sánchez Over 5.5 K|hist,2026-07-06,,Philadelphia Phillies @ Kansas City Royals,,Cristopher Sánchez,5.5,6,,,,,,,import results.json,,,1,,,,,
2026-07-06,mlb,mlb_hits,Bryce Harper — Coups surs Over 1.5,0.368,,,,,0,,L,historique-results.json,2026-07-06|mlb|mlb_hits|Bryce Harper — Coups surs Over 1.5|hist,2026-07-06,,Philadelphia Phillies @ Kansas City Royals,,,,,,,,,,,import results.json,2.99,,1,,,,,
2026-07-06,mlb,props_k,Reynaldo López Over 4.5 K,0.643,,,,,0,,W,historique-results.json,2026-07-06|mlb|props_k|Reynaldo López Over 4.5 K|hist,2026-07-06,,New York Mets @ Atlanta Braves,,Reynaldo López,4.5,5,,,,,,,import results.json,,,1,,,,,
2026-07-06,mlb,mlb_total_bases,Michael Harris II — Buts totaux Over 1.5,0.521,,,,,0,,W,historique-results.json,2026-07-06|mlb|mlb_total_bases|Michael Harris II — Buts totaux Over 1.5|hist,2026-07-06,,New York Mets @ Atlanta Braves,,,,,,,,,,,import results.json,2.28,,1,,,,,
2026-07-06,mlb,mlb_total_bases,Fernando Tatis Jr. — Buts totaux Over 1.5,0.552,,,,,0,,L,historique-results.json,2026-07-06|mlb|mlb_total_bases|Fernando Tatis Jr. — Buts totaux Over 1.5|hist,2026-07-06,,Arizona Diamondbacks @ San Diego Padres,,,,,,,,,,,import results.json,2.11,,1,,,,,
2026-07-06,mlb,props_k,Landen Roupp Over 4.5 K,0.64,,,,,0,,W,historique-results.json,2026-07-06|mlb|props_k|Landen Roupp Over 4.5 K|hist,2026-07-06,,Toronto Blue Jays @ San Francisco Giants,,Landen Roupp,4.5,5,,,,,,,import results.json,,,1,,,,,
2026-07-06,mlb,mlb_total_bases,Mookie Betts — Buts totaux Over 1.5,0.61,,,,,0,,L,historique-results.json,2026-07-06|mlb|mlb_total_bases|Mookie Betts — Buts totaux Over 1.5|hist,2026-07-06,,Colorado Rockies @ Los Angeles Dodgers,,,,,,,,,,,import results.json,2.11,,1,,,,,
2026-07-06,mlb,mlb_total_bases,Freddie Freeman — Buts totaux Over 1.5,0.651,,,,,0,,L,historique-results.json,2026-07-06|mlb|mlb_total_bases|Freddie Freeman — Buts totaux Over 1.5|hist,2026-07-06,,Colorado Rockies @ Los Angeles Dodgers,,,,,,,,,,,import results.json,1.95,,1,,,,,
2026-07-06,mlb,props_k,Walker Buehler Over 4.5 K,0.675,,,,,0,,L,historique-results.json,2026-07-06|mlb|props_k|Walker Buehler Over 4.5 K|hist,2026-07-06,,Arizona Diamondbacks @ San Diego Padres,,Walker Buehler,4.5,5,,,,,,,import results.json,,,1,,,,,
2026-07-06,mlb,props_k,Cristopher Sánchez Over 4.5 K,0.776,,,,,0,,L,historique-results.json,2026-07-06|mlb|props_k|Cristopher Sánchez Over 4.5 K|hist,2026-07-06,,Philadelphia Phillies @ Kansas City Royals,,Cristopher Sánchez,4.5,5,,,,,,,import results.json,1.8,,1,,,,,
2026-07-06,mlb,props_k,Cam Schlittler Over 4.5 K,0.815,,,,,0,,W,historique-results.json,2026-07-06|mlb|props_k|Cam Schlittler Over 4.5 K|hist,2026-07-06,,New York Yankees @ Tampa Bay Rays,,Cam Schlittler,4.5,5,,,,,,,import results.json,1.8,,1,,,,,
2026-07-06,mlb,props_k,Dustin May Over 4.5 K,0.813,,,,,0,,W,historique-results.json,2026-07-06|mlb|props_k|Dustin May Over 4.5 K|hist,2026-07-06,,Milwaukee Brewers @ St. Louis Cardinals,,Dustin May,4.5,5,,,,,,,import results.json,1.8,,1,,,,,
2026-07-06,mlb,props_k,Walker Buehler Over 3.5 K,0.834,,,,,0,,W,historique-results.json,2026-07-06|mlb|props_k|Walker Buehler Over 3.5 K|hist,2026-07-06,,Arizona Diamondbacks @ San Diego Padres,,Walker Buehler,3.5,4,,,,,,,import results.json,1.48,,1,,,,,
2026-07-06,mlb,props_k,Kevin Gausman Over 4.5 K,0.713,,,,,0,,W,historique-results.json,2026-07-06|mlb|props_k|Kevin Gausman Over 4.5 K|hist,2026-07-06,,Toronto Blue Jays @ San Francisco Giants,,Kevin Gausman,4.5,5,,,,,,,import results.json,1.8,,1,,,,,
2026-07-06,mlb,props_k,Landen Roupp Over 3.5 K,0.814,,,,,0,,W,historique-results.json,2026-07-06|mlb|props_k|Landen Roupp Over 3.5 K|hist,2026-07-06,,Toronto Blue Jays @ San Francisco Giants,,Landen Roupp,3.5,4,,,,,,,import results.json,1.48,,1,,,,,
2026-07-06,mlb,props_k,Noah Cameron Over 4.5 K,0.54,,,,,0,,W,historique-results.json,2026-07-06|mlb|props_k|Noah Cameron Over 4.5 K|hist,2026-07-06,,Philadelphia Phillies @ Kansas City Royals,,Noah Cameron,4.5,5,,,,,,,import results.json,,,1,,,,,
2026-07-06,mlb,props_k,Griffin Jax Over 3.5 K,0.695,,,,,0,,W,historique-results.json,2026-07-06|mlb|props_k|Griffin Jax Over 3.5 K|hist,2026-07-06,,New York Yankees @ Tampa Bay Rays,,Griffin Jax,3.5,4,,,,,,,import results.json,,,1,,,,,
2026-07-06,mlb,props_k,Cam Schlittler Over 6.5 K,0.517,,,,,0,,W,historique-results.json,2026-07-06|mlb|props_k|Cam Schlittler Over 6.5 K|hist,2026-07-06,,New York Yankees @ Tampa Bay Rays,,Cam Schlittler,6.5,7,,,,,,,import results.json,,,1,,,,,
2026-07-06,mlb,props_k,Reynaldo López Over 4.5 K,0.528,,,,,0,,W,historique-results.json,2026-07-06|mlb|props_k|Reynaldo López Over 4.5 K|hist,2026-07-06,,New York Mets @ Atlanta Braves,,Reynaldo López,4.5,5,,,,,,,import results.json,,,1,,,,,
2026-07-06,mlb,props_k,Shane Drohan Over 3.5 K,0.695,,,,,0,,L,historique-results.json,2026-07-06|mlb|props_k|Shane Drohan Over 3.5 K|hist,2026-07-06,,Milwaukee Brewers @ St. Louis Cardinals,,Shane Drohan,3.5,4,,,,,,,import results.json,,,1,,,,,
2026-07-06,mlb,props_k,Dustin May Over 6.5 K,0.512,,,,,0,,W,historique-results.json,2026-07-06|mlb|props_k|Dustin May Over 6.5 K|hist,2026-07-06,,Milwaukee Brewers @ St. Louis Cardinals,,Dustin May,6.5,7,,,,,,,import results.json,,,1,,,,,
2026-07-06,mlb,props_k,Kevin Gausman Over 5.5 K,0.528,,,,,0,,W,historique-results.json,2026-07-06|mlb|props_k|Kevin Gausman Over 5.5 K|hist,2026-07-06,,Toronto Blue Jays @ San Francisco Giants,,Kevin Gausman,5.5,6,,,,,,,import results.json,,,1,,,,,
2026-07-05,mlb,mlb_total_bases,Francisco Lindor — Buts totaux Over 1.5,0.54,,,,,0,,L,historique-results.json,2026-07-05|mlb|mlb_total_bases|Francisco Lindor — Buts totaux Over 1.5|hist,2026-07-05,,New York Mets @ Atlanta Braves,,,,,,,,,,,import results.json,2.17,,1,,,,,
2026-07-05,mlb,props_k,Bubba Chandler Over 4.5 K,0.597,,,,,0,,L,historique-results.json,2026-07-05|mlb|props_k|Bubba Chandler Over 4.5 K|hist,2026-07-05,,Pittsburgh Pirates @ Washington Nationals,,Bubba Chandler,4.5,5,,,,,,,import results.json,,,1,,,,,
2026-07-05,mlb,props_k,Cade Cavalli Over 6.5 K,0.573,,,,,0,,L,historique-results.json,2026-07-05|mlb|props_k|Cade Cavalli Over 6.5 K|hist,2026-07-05,,Pittsburgh Pirates @ Washington Nationals,,Cade Cavalli,6.5,7,,,,,,,import results.json,,,1,,,,,
2026-07-05,mlb,props_k,Brandon Sproat Over 4.5 K,0.645,,,,,0,,L,historique-results.json,2026-07-05|mlb|props_k|Brandon Sproat Over 4.5 K|hist,2026-07-05,,Milwaukee Brewers @ Arizona Diamondbacks,,Brandon Sproat,4.5,5,,,,,,,import results.json,,,1,,,,,
2026-07-05,mlb,props_k,Sandy Alcantara Over 4.5 K,0.667,,,,,0,,VOID,historique-results.json,2026-07-05|mlb|props_k|Sandy Alcantara Over 4.5 K|hist,2026-07-05,,Miami Marlins @ Athletics,,Sandy Alcantara,4.5,5,,,,,,,import results.json,,,1,,,,,
2026-07-05,mlb,props_k,Max Meyer Over 5.5 K,0.654,,,,,0,,VOID,historique-results.json,2026-07-05|mlb|props_k|Max Meyer Over 5.5 K|hist,2026-07-05,,Miami Marlins @ Athletics,,Max Meyer,5.5,6,,,,,,,import results.json,,,1,,,,,
2026-07-05,mlb,mlb_total_bases,Byron Buxton — Buts totaux Over 1.5,0.559,,,,,0,,L,historique-results.json,2026-07-05|mlb|mlb_total_bases|Byron Buxton — Buts totaux Over 1.5|hist,2026-07-05,,Minnesota Twins @ New York Yankees,,,,,,,,,,,import results.json,2.05,,1,,,,,
2026-07-05,mlb,mlb_total_bases,Yordan Alvarez — Buts totaux Over 1.5,0.626,,,,,0,,L,historique-results.json,2026-07-05|mlb|mlb_total_bases|Yordan Alvarez — Buts totaux Over 1.5|hist,2026-07-05,,Tampa Bay Rays @ Houston Astros,,,,,,,,,,,import results.json,1.83,,1,,,,,
2026-07-05,mlb,mlb_total_bases,Mookie Betts — Buts totaux Over 1.5,0.624,,,,,0,,L,historique-results.json,2026-07-05|mlb|mlb_total_bases|Mookie Betts — Buts totaux Over 1.5|hist,2026-07-05,,San Diego Padres @ Los Angeles Dodgers,,,,,,,,,,,import results.json,2.05,,1,,,,,
2026-07-05,mlb,props_k,Cade Cavalli Over 6.5 K,0.65,,,,,0,,L,historique-results.json,2026-07-05|mlb|props_k|Cade Cavalli Over 6.5 K|hist,2026-07-05,,Pittsburgh Pirates @ Washington Nationals,,Cade Cavalli,6.5,7,,,,,,,import results.json,,,1,,,,,
2026-07-05,mlb,props_k,Kyle Bradish Over 4.5 K,0.667,,,,,0,,W,historique-results.json,2026-07-05|mlb|props_k|Kyle Bradish Over 4.5 K|hist,2026-07-05,,Baltimore Orioles @ Cincinnati Reds,,Kyle Bradish,4.5,5,,,,,,,import results.json,,,1,,,,,
2026-07-05,mlb,props_k,Ryan Weathers Over 5.5 K,0.63,,,,,0,,W,historique-results.json,2026-07-05|mlb|props_k|Ryan Weathers Over 5.5 K|hist,2026-07-05,,Minnesota Twins @ New York Yankees,,Ryan Weathers,5.5,6,,,,,,,import results.json,,,1,,,,,
2026-07-05,mlb,props_k,Joe Ryan Over 5.5 K,0.62,,,,,0,,W,historique-results.json,2026-07-05|mlb|props_k|Joe Ryan Over 5.5 K|hist,2026-07-05,,Minnesota Twins @ New York Yankees,,Joe Ryan,5.5,6,,,,,,,import results.json,,,1,,,,,
2026-07-05,mlb,mlb_total_bases,Francisco Lindor — Buts totaux Over 1.0,0.628,,,,,0,,L,historique-results.json,2026-07-05|mlb|mlb_total_bases|Francisco Lindor — Buts totaux Over 1.0|hist,2026-07-05,,New York Mets @ Atlanta Braves,,,,,,,,,,,import results.json,,,1,,,,,
2026-07-05,mlb,mlb_total_bases,Michael Harris II — Buts totaux Over 1.0,0.618,,,,,0,,W,historique-results.json,2026-07-05|mlb|mlb_total_bases|Michael Harris II — Buts totaux Over 1.0|hist,2026-07-05,,New York Mets @ Atlanta Braves,,,,,,,,,,,import results.json,,,1,,,,,
2026-07-05,mlb,props_k,Kumar Rocker Over 4.5 K,0.623,,,,,0,,L,historique-results.json,2026-07-05|mlb|props_k|Kumar Rocker Over 4.5 K|hist,2026-07-05,,Detroit Tigers @ Texas Rangers,,Kumar Rocker,4.5,5,,,,,,,import results.json,,,1,,,,,
2026-07-05,mlb,mlb_total_bases,Freddie Freeman — Buts totaux Over 1.5,0.651,,,,,0,,L,historique-results.json,2026-07-05|mlb|mlb_total_bases|Freddie Freeman — Buts totaux Over 1.5|hist,2026-07-05,,San Diego Padres @ Los Angeles Dodgers,,,,,,,,,,,import results.json,1.99,,1,,,,,
2026-07-05,mlb,props_k,Matthew Liberatore Over 5.5 K,0.621,,,,,0,,L,historique-results.json,2026-07-05|mlb|props_k|Matthew Liberatore Over 5.5 K|hist,2026-07-05,,St. Louis Cardinals @ Chicago Cubs,,Matthew Liberatore,5.5,6,,,,,,,import results.json,,,1,,,,,
2026-07-05,mlb,mlb_total_bases,Trea Turner — Buts totaux Over 1.5,0.517,,,,,0,,L,historique-results.json,2026-07-05|mlb|mlb_total_bases|Trea Turner — Buts totaux Over 1.5|hist,2026-07-05,,Philadelphia Phillies @ Kansas City Royals,,,,,,,,,,,import results.json,2.35,,1,,,,,
2026-07-05,mlb,props_k,Aaron Nola Over 4.5 K,0.629,,,,,0,,W,historique-results.json,2026-07-05|mlb|props_k|Aaron Nola Over 4.5 K|hist,2026-07-05,,Philadelphia Phillies @ Kansas City Royals,,Aaron Nola,4.5,5,,,,,,,import results.json,,,1,,,,,
2026-07-05,mlb,mlb_hits,Bryce Harper — Coups surs Over 0.5,0.738,,,,,0,,L,historique-results.json,2026-07-05|mlb|mlb_hits|Bryce Harper — Coups surs Over 0.5|hist,2026-07-05,,Philadelphia Phillies @ Kansas City Royals,,,,,,,,,,,import results.json,1.48,,1,,,,,
2026-07-05,mlb,props_k,Casey Mize Over 4.5 K,0.65,,,,,0,,L,historique-results.json,2026-07-05|mlb|props_k|Casey Mize Over 4.5 K|hist,2026-07-05,,Detroit Tigers @ Texas Rangers,,Casey Mize,4.5,5,,,,,,,import results.json,,,1,,,,,
2026-07-05,mlb,props_k,Peter Lambert Over 4.5 K,0.666,,,,,0,,W,historique-results.json,2026-07-05|mlb|props_k|Peter Lambert Over 4.5 K|hist,2026-07-05,,Tampa Bay Rays @ Houston Astros,,Peter Lambert,4.5,5,,,,,,,import results.json,,,1,,,,,
2026-07-05,mlb,mlb_hits,Fernando Tatis Jr. — Coups surs Over 0.5,0.503,,,,,0,,W,historique-results.json,2026-07-05|mlb|mlb_hits|Fernando Tatis Jr. — Coups surs Over 0.5|hist,2026-07-05,,San Diego Padres @ Los Angeles Dodgers,,,,,,,,,,,import results.json,2.25,,1,,,,,
2026-07-05,mlb,mlb_hits,Freddie Freeman — Coups surs Over 0.5,0.682,,,,,0,,L,historique-results.json,2026-07-05|mlb|mlb_hits|Freddie Freeman — Coups surs Over 0.5|hist,2026-07-05,,San Diego Padres @ Los Angeles Dodgers,,,,,,,,,,,import results.json,1.65,,1,,,,,
2026-07-04,mlb,props_k,Sean Burke Over 5.5 K,0.62,,,,,0,,W,historique-results.json,2026-07-04|mlb|props_k|Sean Burke Over 5.5 K|hist,2026-07-04,,Chicago White Sox @ Cleveland Guardians,,Sean Burke,5.5,6,,,,,,,import results.json,,,1,,,,,
2026-07-04,mlb,props_k,Brandon Woodruff Over 4.5 K,0.675,,,,,0,,W,historique-results.json,2026-07-04|mlb|props_k|Brandon Woodruff Over 4.5 K|hist,2026-07-04,,Milwaukee Brewers @ Arizona Diamondbacks,,Brandon Woodruff,4.5,5,,,,,,,import results.json,,,1,,,,,
2026-07-04,mlb,props_k,Max Meyer Over 5.5 K,0.654,,,,,0,,VOID,historique-results.json,2026-07-04|mlb|props_k|Max Meyer Over 5.5 K|hist,2026-07-04,,Miami Marlins @ Athletics,,Max Meyer,5.5,6,,,,,,,import results.json,,,1,,,,,
2026-07-04,mlb,mlb_total_bases,Mookie Betts — Buts totaux Over 1.5,0.595,,,,,0,,W,historique-results.json,2026-07-04|mlb|mlb_total_bases|Mookie Betts — Buts totaux Over 1.5|hist,2026-07-04,,San Diego Padres @ Los Angeles Dodgers,,,,,,,,,,,import results.json,2.13,,1,,,,,
2026-07-04,mlb,mlb_total_bases,Bobby Witt Jr. — Buts totaux Over 1.5,0.587,,,,,0,,L,historique-results.json,2026-07-04|mlb|mlb_total_bases|Bobby Witt Jr. — Buts totaux Over 1.5|hist,2026-07-04,,Philadelphia Phillies @ Kansas City Royals,,,,,,,,,,,import results.json,1.85,,1,,,,,
2026-07-04,mlb,props_k,Braxton Ashcraft Over 6.5 K,0.629,,,,,0,,W,historique-results.json,2026-07-04|mlb|props_k|Braxton Ashcraft Over 6.5 K|hist,2026-07-04,,Pittsburgh Pirates @ Washington Nationals,,Braxton Ashcraft,6.5,7,,,,,,,import results.json,,,1,,,,,
2026-07-04,mlb,props_k,Braxton Ashcraft Over 6.5 K,0.609,,,,,0,,W,historique-results.json,2026-07-04|mlb|props_k|Braxton Ashcraft Over 6.5 K|hist,2026-07-04,,Pittsburgh Pirates @ Washington Nationals,,Braxton Ashcraft,6.5,7,,,,,,,import results.json,,,1,,,,,
2026-07-04,mlb,mlb_total_bases,Freddie Freeman — Buts totaux Over 1.5,0.533,,,,,0,,W,historique-results.json,2026-07-04|mlb|mlb_total_bases|Freddie Freeman — Buts totaux Over 1.5|hist,2026-07-04,,San Diego Padres @ Los Angeles Dodgers,,,,,,,,,,,import results.json,2.15,,1,,,,,
2026-07-04,mlb,props_k,Zebby Matthews Over 3.5 K,0.664,,,,,0,,W,historique-results.json,2026-07-04|mlb|props_k|Zebby Matthews Over 3.5 K|hist,2026-07-04,,Minnesota Twins @ New York Yankees,,Zebby Matthews,3.5,4,,,,,,,import results.json,,,1,,,,,
2026-07-04,mlb,props_k,Jack Flaherty Over 6.5 K,0.58,,,,,0,,L,historique-results.json,2026-07-04|mlb|props_k|Jack Flaherty Over 6.5 K|hist,2026-07-04,,Detroit Tigers @ Texas Rangers,,Jack Flaherty,6.5,7,,,,,,,import results.json,,,1,,,,,
2026-07-04,mlb,props_k,Logan Gilbert Over 6.5 K,0.58,,,,,0,,W,historique-results.json,2026-07-04|mlb|props_k|Logan Gilbert Over 6.5 K|hist,2026-07-04,,Toronto Blue Jays @ Seattle Mariners,,Logan Gilbert,6.5,7,,,,,,,import results.json,,,1,,,,,
2026-07-04,mlb,mlb_total_bases,Francisco Lindor — Buts totaux Over 1.5,0.495,,,,,0,,W,historique-results.json,2026-07-04|mlb|mlb_total_bases|Francisco Lindor — Buts totaux Over 1.5|hist,2026-07-04,,New York Mets @ Atlanta Braves,,,,,,,,,,,import results.json,2.35,,1,,,,,
2026-07-04,mlb,mlb_hits,Bryce Harper — Coups surs Over 1.5,0.368,,,,,0,,L,historique-results.json,2026-07-04|mlb|mlb_hits|Bryce Harper — Coups surs Over 1.5|hist,2026-07-04,,Philadelphia Phillies @ Kansas City Royals,,,,,,,,,,,import results.json,2.96,,1,,,,,
2026-07-04,mlb,props_k,Hunter Brown Over 5.5 K,0.678,,,,,0,,L,historique-results.json,2026-07-04|mlb|props_k|Hunter Brown Over 5.5 K|hist,2026-07-04,,Tampa Bay Rays @ Houston Astros,,Hunter Brown,5.5,6,,,,,,,import results.json,,,1,,,,,
2026-07-04,mlb,props_k,Chris Sale Over 5.5 K,0.644,,,,,0,,L,historique-results.json,2026-07-04|mlb|props_k|Chris Sale Over 5.5 K|hist,2026-07-04,,New York Mets @ Atlanta Braves,,Chris Sale,5.5,6,,,,,,,import results.json,,,1,,,,,
2026-07-04,mlb,mlb_hits,Bobby Witt Jr. — Coups surs Over 0.5,0.622,,,,,0,,L,historique-results.json,2026-07-04|mlb|mlb_hits|Bobby Witt Jr. — Coups surs Over 0.5|hist,2026-07-04,,Philadelphia Phillies @ Kansas City Royals,,,,,,,,,,,import results.json,,,1,,,,,
2026-07-04,mlb,mlb_total_bases,Bryce Harper — Buts totaux Over 2.0,0.605,,,,,0,,L,historique-results.json,2026-07-04|mlb|mlb_total_bases|Bryce Harper — Buts totaux Over 2.0|hist,2026-07-04,,Philadelphia Phillies @ Kansas City Royals,,,,,,,,,,,import results.json,,,1,,,,,
2026-07-03,mlb,props_k,Christian Scott Over 4.5 K,0.609,,,,,0,,W,historique-results.json,2026-07-03|mlb|props_k|Christian Scott Over 4.5 K|hist,2026-07-03,,New York Mets @ Atlanta Braves,,Christian Scott,4.5,5,,,,,,,import results.json,,,1,,,,,
2026-07-03,mlb,props_k,Sandy Alcantara Over 4.5 K,0.681,,,,,0,,VOID,historique-results.json,2026-07-03|mlb|props_k|Sandy Alcantara Over 4.5 K|hist,2026-07-03,,Miami Marlins @ Athletics,,Sandy Alcantara,4.5,5,,,,,,,import results.json,,,1,,,,,
2026-07-03,mlb,props_k,Max Meyer Over 5.5 K,0.654,,,,,0,,VOID,historique-results.json,2026-07-03|mlb|props_k|Max Meyer Over 5.5 K|hist,2026-07-03,,Miami Marlins @ Athletics,,Max Meyer,5.5,6,,,,,,,import results.json,,,1,,,,,
2026-07-03,mlb,props_k,Dylan Cease Over 7.5 K,0.593,,,,,0,,W,historique-results.json,2026-07-03|mlb|props_k|Dylan Cease Over 7.5 K|hist,2026-07-03,,Toronto Blue Jays @ Seattle Mariners,,Dylan Cease,7.5,8,,,,,,,import results.json,,,1,,,,,
2026-07-03,mlb,mlb_total_bases,Francisco Lindor — Buts totaux Over 1.5,0.575,,,,,0,,L,historique-results.json,2026-07-03|mlb|mlb_total_bases|Francisco Lindor — Buts totaux Over 1.5|hist,2026-07-03,,New York Mets @ Atlanta Braves,,,,,,,,,,,import results.json,2.18,,1,,,,,
2026-07-03,mlb,props_k,Logan Webb Over 5.5 K,0.585,,,,,0,,L,historique-results.json,2026-07-03|mlb|props_k|Logan Webb Over 5.5 K|hist,2026-07-03,,San Francisco Giants @ Colorado Rockies,,Logan Webb,5.5,6,,,,,,,import results.json,,,1,,,,,
2026-07-03,mlb,props_k,Spencer Arrighetti Over 4.5 K,0.68,,,,,0,,L,historique-results.json,2026-07-03|mlb|props_k|Spencer Arrighetti Over 4.5 K|hist,2026-07-03,,Tampa Bay Rays @ Houston Astros,,Spencer Arrighetti,4.5,5,,,,,,,import results.json,,,1,,,,,
2026-07-03,mlb,mlb_runs_scored,Steven Kwan — Runs marques Over 0.5,0.348,,,,,0,,VOID,historique-results.json,2026-07-03|mlb|mlb_runs_scored|Steven Kwan — Runs marques Over 0.5|hist,2026-07-03,,Chicago White Sox @ Cleveland Guardians,,,,,,,,,,,import results.json,3.65,,1,,,,,
2026-07-03,mlb,props_k,Gavin Williams Over 4.5 K,0.624,,,,,0,,W,historique-results.json,2026-07-03|mlb|props_k|Gavin Williams Over 4.5 K|hist,2026-07-03,,Chicago White Sox @ Cleveland Guardians,,Gavin Williams,4.5,5,,,,,,,import results.json,,,1,,,,,
2026-07-03,mlb,props_k,Reid Detmers Over 4.5 K,0.667,,,,,0,,W,historique-results.json,2026-07-03|mlb|props_k|Reid Detmers Over 4.5 K|hist,2026-07-03,,Boston Red Sox @ Los Angeles Angels,,Reid Detmers,4.5,5,,,,,,,import results.json,,,1,,,,,
2026-07-03,mlb,props_k,Kyle Harrison Over 6.5 K,0.627,,,,,0,,L,historique-results.json,2026-07-03|mlb|props_k|Kyle Harrison Over 6.5 K|hist,2026-07-03,,Milwaukee Brewers @ Arizona Diamondbacks,,Kyle Harrison,6.5,7,,,,,,,import results.json,,,1,,,,,
2026-07-03,mlb,props_k,Shohei Ohtani Over 5.5 K,0.62,,,,,0,,W,historique-results.json,2026-07-03|mlb|props_k|Shohei Ohtani Over 5.5 K|hist,2026-07-03,,San Diego Padres @ Los Angeles Dodgers,,Shohei Ohtani,5.5,6,,,,,,,import results.json,,,1,,,,,
2026-07-02,mlb,mlb_total_bases,Trea Turner — Buts totaux Over 1.5,0.559,,,,,0,,L,historique-results.json,2026-07-02|mlb|mlb_total_bases|Trea Turner — Buts totaux Over 1.5|hist,2026-07-02,,Pittsburgh Pirates @ Philadelphia Phillies,,,,,,,,,,,import results.json,2.04,,1,,,,,
2026-07-02,mlb,props_k,Walbert Ureña Over 4.5 K,0.671,,,,,0,,W,historique-results.json,2026-07-02|mlb|props_k|Walbert Ureña Over 4.5 K|hist,2026-07-02,,Los Angeles Angels @ Seattle Mariners,,Walbert Ureña,4.5,5,,,,,,,import results.json,,,1,,,,,
2026-07-02,mlb,mlb_total_bases,Fernando Tatis Jr. — Buts totaux Over 1.5,0.481,,,,,0,,W,historique-results.json,2026-07-02|mlb|mlb_total_bases|Fernando Tatis Jr. — Buts totaux Over 1.5|hist,2026-07-02,,San Diego Padres @ Los Angeles Dodgers,,,,,,,,,,,import results.json,2.32,,1,,,,,
2026-07-02,mlb,mlb_total_bases,Freddie Freeman — Buts totaux Over 1.5,0.603,,,,,0,,L,historique-results.json,2026-07-02|mlb|mlb_total_bases|Freddie Freeman — Buts totaux Over 1.5|hist,2026-07-02,,San Diego Padres @ Los Angeles Dodgers,,,,,,,,,,,import results.json,2.1,,1,,,,,
2026-07-02,mlb,mlb_hits,Trea Turner — Coups surs Over 0.5,0.663,,,,,0,,W,historique-results.json,2026-07-02|mlb|mlb_hits|Trea Turner — Coups surs Over 0.5|hist,2026-07-02,,Pittsburgh Pirates @ Philadelphia Phillies,,,,,,,,,,,import results.json,1.8,,1,,,,,
2026-07-02,mlb,mlb_total_bases,Bryce Harper — Buts totaux Over 2.5,0.553,,,,,0,,L,historique-results.json,2026-07-02|mlb|mlb_total_bases|Bryce Harper — Buts totaux Over 2.5|hist,2026-07-02,,Pittsburgh Pirates @ Philadelphia Phillies,,,,,,,,,,,import results.json,2,,1,,,,,
2026-07-02,mlb,mlb_total_bases,Bryce Harper — Buts totaux Over 2.0,0.608,,,,,0,,L,historique-results.json,2026-07-02|mlb|mlb_total_bases|Bryce Harper — Buts totaux Over 2.0|hist,2026-07-02,,Pittsburgh Pirates @ Philadelphia Phillies,,,,,,,,,,,import results.json,,,1,,,,,
2026-07-02,mlb,props_k,Jacob Misiorowski Over 8.5 K,0.65,,,,,0,,W,historique-results.json,2026-07-02|mlb|props_k|Jacob Misiorowski Over 8.5 K|hist,2026-07-02,,Cincinnati Reds @ Milwaukee Brewers,,Jacob Misiorowski,8.5,9,,,,,,,import results.json,,,1,,,,,
2026-07-02,mlb,props_k,Dustin May Over 6.5 K,0.611,,,,,0,,L,historique-results.json,2026-07-02|mlb|props_k|Dustin May Over 6.5 K|hist,2026-07-02,,St. Louis Cardinals @ Atlanta Braves,,Dustin May,6.5,7,,,,,,,import results.json,,,1,,,,,
2026-07-02,mlb,props_k,Roki Sasaki Over 4.5 K,0.66,,,,,0,,L,historique-results.json,2026-07-02|mlb|props_k|Roki Sasaki Over 4.5 K|hist,2026-07-02,,San Diego Padres @ Los Angeles Dodgers,,Roki Sasaki,4.5,5,,,,,,,import results.json,,,1,,,,,
2026-07-01,mlb,props_k,Joey Cantillo Over 5.5 K,0.635,,,,,0,,L,historique-results.json,2026-07-01|mlb|props_k|Joey Cantillo Over 5.5 K|hist,2026-07-01,,Texas Rangers @ Cleveland Guardians,,Joey Cantillo,5.5,6,,,,,,,import results.json,,,1,,,,,
2026-07-01,mlb,props_k,Max Meyer Over 5.5 K,0.718,,,,,0,,L,historique-results.json,2026-07-01|mlb|props_k|Max Meyer Over 5.5 K|hist,2026-07-01,,Miami Marlins @ Colorado Rockies,,Max Meyer,5.5,6,,,,,,,import results.json,,,1,,,,,
2026-07-01,mlb,mlb_total_bases,Freddie Freeman — Buts totaux Over 1.5,0.663,,,,,0,,W,historique-results.json,2026-07-01|mlb|mlb_total_bases|Freddie Freeman — Buts totaux Over 1.5|hist,2026-07-01,,Los Angeles Dodgers @ Athletics,,,,,,,,,,,import results.json,1.94,,1,,,,,
2026-07-01,mlb,props_k,Yoshinobu Yamamoto Over 4.5 K,0.64,,,,,0,,VOID,historique-results.json,2026-07-01|mlb|props_k|Yoshinobu Yamamoto Over 4.5 K|hist,2026-07-01,,Los Angeles Dodgers @ Athletics,,Yoshinobu Yamamoto,4.5,5,,,,,,,import results.json,,,1,,,,,
2026-07-01,mlb,props_k,Shohei Ohtani Over 5.5 K,0.6,,,,,0,,VOID,historique-results.json,2026-07-01|mlb|props_k|Shohei Ohtani Over 5.5 K|hist,2026-07-01,,Los Angeles Dodgers @ Athletics,,Shohei Ohtani,5.5,6,,,,,,,import results.json,,,1,,,,,
2026-07-01,mlb,props_k,Walker Buehler Over 4.5 K,0.667,,,,,0,,W,historique-results.json,2026-07-01|mlb|props_k|Walker Buehler Over 4.5 K|hist,2026-07-01,,San Diego Padres @ Chicago Cubs,,Walker Buehler,4.5,5,,,,,,,import results.json,,,1,,,,,
2026-07-01,mlb,props_k,Tatsuya Imai Over 6.5 K,0.613,,,,,0,,L,historique-results.json,2026-07-01|mlb|props_k|Tatsuya Imai Over 6.5 K|hist,2026-07-01,,Minnesota Twins @ Houston Astros,,Tatsuya Imai,6.5,7,,,,,,,import results.json,,,1,,,,,
2026-07-01,mlb,mlb_hits,Fernando Tatis Jr. — Coups surs Over 0.5,0.561,,,,,0,,L,historique-results.json,2026-07-01|mlb|mlb_hits|Fernando Tatis Jr. — Coups surs Over 0.5|hist,2026-07-01,,San Diego Padres @ Chicago Cubs,,,,,,,,,,,import results.json,2.25,,1,,,,,
2026-07-01,mlb,mlb_total_bases,Mookie Betts — Buts totaux Over 1.5,0.662,,,,,0,,VOID,historique-results.json,2026-07-01|mlb|mlb_total_bases|Mookie Betts — Buts totaux Over 1.5|hist,2026-07-01,,Los Angeles Dodgers @ Athletics,,,,,,,,,,,import results.json,1.9,,1,,,,,
2026-07-01,mlb,props_k,Paul Skenes Over 6.5 K,0.626,,,,,0,,L,historique-results.json,2026-07-01|mlb|props_k|Paul Skenes Over 6.5 K|hist,2026-07-01,,Pittsburgh Pirates @ Philadelphia Phillies,,Paul Skenes,6.5,7,,,,,,,import results.json,,,1,,,,,
2026-07-01,mlb,props_k,Shane Drohan Over 4.5 K,0.653,,,,,0,,W,historique-results.json,2026-07-01|mlb|props_k|Shane Drohan Over 4.5 K|hist,2026-07-01,,Cincinnati Reds @ Milwaukee Brewers,,Shane Drohan,4.5,5,,,,,,,import results.json,,,1,,,,,
2026-07-01,mlb,props_k,Andrew Abbott Over 4.5 K,0.639,,,,,0,,L,historique-results.json,2026-07-01|mlb|props_k|Andrew Abbott Over 4.5 K|hist,2026-07-01,,Cincinnati Reds @ Milwaukee Brewers,,Andrew Abbott,4.5,5,,,,,,,import results.json,,,1,,,,,
2026-07-01,mlb,props_k,Max Meyer Over 6.5 K,0.617,,,,,0,,L,historique-results.json,2026-07-01|mlb|props_k|Max Meyer Over 6.5 K|hist,2026-07-01,,Miami Marlins @ Colorado Rockies,,Max Meyer,6.5,7,,,,,,,import results.json,,,1,,,,,
2026-06-30,mlb,props_k,Cristopher Sánchez Over 6.5 K,0.597,,,,,0,,W,historique-results.json,2026-06-30|mlb|props_k|Cristopher Sánchez Over 6.5 K|hist,2026-06-30,,Pittsburgh Pirates @ Philadelphia Phillies,,Cristopher Sánchez,6.5,7,,,,,,,import results.json,,,1,,,,,
2026-06-30,mlb,props_k,Nolan Mclean Over 5.5 K,0.667,,,,,0,,W,historique-results.json,2026-06-30|mlb|props_k|Nolan Mclean Over 5.5 K|hist,2026-06-30,,New York Mets @ Toronto Blue Jays,,Nolan Mclean,5.5,6,,,,,,,import results.json,,,1,,,,,
2026-06-30,mlb,props_k,Matthew Liberatore Over 4.5 K,0.64,,,,,0,,W,historique-results.json,2026-06-30|mlb|props_k|Matthew Liberatore Over 4.5 K|hist,2026-06-30,,St. Louis Cardinals @ Atlanta Braves,,Matthew Liberatore,4.5,5,,,,,,,import results.json,,,1,,,,,
2026-06-30,mlb,props_k,Rhett Lowder Over 4.5 K,0.612,,,,,0,,W,historique-results.json,2026-06-30|mlb|props_k|Rhett Lowder Over 4.5 K|hist,2026-06-30,,Cincinnati Reds @ Milwaukee Brewers,,Rhett Lowder,4.5,5,,,,,,,import results.json,,,1,,,,,
2026-06-30,mlb,props_k,Eury Pérez Over 6.5 K,0.583,,,,,0,,W,historique-results.json,2026-06-30|mlb|props_k|Eury Pérez Over 6.5 K|hist,2026-06-30,,Miami Marlins @ Colorado Rockies,,Eury Pérez,6.5,7,,,,,,,import results.json,,,1,,,,,
2026-06-30,mlb,mlb_total_bases,Freddie Freeman — Buts totaux Over 1.5,0.617,,,,,0,,W,historique-results.json,2026-06-30|mlb|mlb_total_bases|Freddie Freeman — Buts totaux Over 1.5|hist,2026-06-30,,Los Angeles Dodgers @ Athletics,,,,,,,,,,,import results.json,2.05,,1,,,,,
2026-06-30,mlb,props_k,Yoshinobu Yamamoto Over 4.5 K,0.64,,,,,0,,VOID,historique-results.json,2026-06-30|mlb|props_k|Yoshinobu Yamamoto Over 4.5 K|hist,2026-06-30,,Los Angeles Dodgers @ Athletics,,Yoshinobu Yamamoto,4.5,5,,,,,,,import results.json,,,1,,,,,
2026-06-30,mlb,props_k,Shohei Ohtani Over 5.5 K,0.6,,,,,0,,VOID,historique-results.json,2026-06-30|mlb|props_k|Shohei Ohtani Over 5.5 K|hist,2026-06-30,,Los Angeles Dodgers @ Athletics,,Shohei Ohtani,5.5,6,,,,,,,import results.json,,,1,,,,,
2026-06-30,mlb,mlb_total_bases,Francisco Lindor — Buts totaux Over 1.5,0.526,,,,,0,,L,historique-results.json,2026-06-30|mlb|mlb_total_bases|Francisco Lindor — Buts totaux Over 1.5|hist,2026-06-30,,New York Mets @ Toronto Blue Jays,,,,,,,,,,,import results.json,2.27,,1,,,,,
2026-06-30,mlb,mlb_total_bases,Byron Buxton — Buts totaux Over 1.5,0.643,,,,,0,,VOID,historique-results.json,2026-06-30|mlb|mlb_total_bases|Byron Buxton — Buts totaux Over 1.5|hist,2026-06-30,,Minnesota Twins @ Houston Astros,,,,,,,,,,,import results.json,1.94,,1,,,,,
2026-06-30,mlb,mlb_total_bases,Mookie Betts — Buts totaux Over 1.5,0.65,,,,,0,,W,historique-results.json,2026-06-30|mlb|mlb_total_bases|Mookie Betts — Buts totaux Over 1.5|hist,2026-06-30,,Los Angeles Dodgers @ Athletics,,,,,,,,,,,import results.json,1.97,,1,,,,,
2026-06-30,mlb,props_k,Connelly Early Over 5.5 K,0.612,,,,,0,,L,historique-results.json,2026-06-30|mlb|props_k|Connelly Early Over 5.5 K|hist,2026-06-30,,Washington Nationals @ Boston Red Sox,,Connelly Early,5.5,6,,,,,,,import results.json,,,1,,,,,
2026-06-30,mlb,props_k,Landen Roupp Over 4.5 K,0.703,,,,,0,,L,historique-results.json,2026-06-30|mlb|props_k|Landen Roupp Over 4.5 K|hist,2026-06-30,,San Francisco Giants @ Arizona Diamondbacks,,Landen Roupp,4.5,5,,,,,,,import results.json,,,1,,,,,
2026-06-30,mlb,props_k,Jacob Degrom Over 6.5 K,0.586,,,,,0,,W,historique-results.json,2026-06-30|mlb|props_k|Jacob Degrom Over 6.5 K|hist,2026-06-30,,Texas Rangers @ Cleveland Guardians,,Jacob Degrom,6.5,7,,,,,,,import results.json,,,1,,,,,
2026-06-30,mlb,props_k,Cristopher Sánchez Over 6.5 K,0.65,,,,,0,,W,historique-results.json,2026-06-30|mlb|props_k|Cristopher Sánchez Over 6.5 K|hist,2026-06-30,,Pittsburgh Pirates @ Philadelphia Phillies,,Cristopher Sánchez,6.5,7,,,,,,,import results.json,,,1,,,,,
2026-06-30,mlb,props_k,Tarik Skubal Over 5.5 K,0.62,,,,,0,,W,historique-results.json,2026-06-30|mlb|props_k|Tarik Skubal Over 5.5 K|hist,2026-06-30,,Detroit Tigers @ New York Yankees,,Tarik Skubal,5.5,6,,,,,,,import results.json,,,1,,,,,
2026-06-30,mlb,props_k,Kevin Gausman Over 4.5 K,0.683,,,,,0,,W,historique-results.json,2026-06-30|mlb|props_k|Kevin Gausman Over 4.5 K|hist,2026-06-30,,New York Mets @ Toronto Blue Jays,,Kevin Gausman,4.5,5,,,,,,,import results.json,,,1,,,,,
2026-06-30,mlb,mlb_hits,Francisco Lindor — Coups surs Over 0.5,0.484,,,,,0,,L,historique-results.json,2026-06-30|mlb|mlb_hits|Francisco Lindor — Coups surs Over 0.5|hist,2026-06-30,,New York Mets @ Toronto Blue Jays,,,,,,,,,,,import results.json,2.3,,1,,,,,
2026-06-30,mlb,props_k,Cade Cavalli Over 5.5 K,0.639,,,,,0,,W,historique-results.json,2026-06-30|mlb|props_k|Cade Cavalli Over 5.5 K|hist,2026-06-30,,Washington Nationals @ Boston Red Sox,,Cade Cavalli,5.5,6,,,,,,,import results.json,,,1,,,,,
2026-06-30,mlb,props_k,Brandon Sproat Over 4.5 K,0.681,,,,,0,,W,historique-results.json,2026-06-30|mlb|props_k|Brandon Sproat Over 4.5 K|hist,2026-06-30,,Cincinnati Reds @ Milwaukee Brewers,,Brandon Sproat,4.5,5,,,,,,,import results.json,,,1,,,,,
2026-06-29,mlb,props_k,Sean Burke Over 5.5 K,0.629,,,,,0,,W,historique-results.json,2026-06-29|mlb|props_k|Sean Burke Over 5.5 K|hist,2026-06-29,,Chicago White Sox @ Baltimore Orioles,,Sean Burke,5.5,6,,,,,,,import results.json,,,1,,,,,
2026-06-29,mlb,props_k,Shane Baz Over 5.5 K,0.59,,,,,0,,W,historique-results.json,2026-06-29|mlb|props_k|Shane Baz Over 5.5 K|hist,2026-06-29,,Chicago White Sox @ Baltimore Orioles,,Shane Baz,5.5,6,,,,,,,import results.json,,,1,,,,,
2026-06-29,mlb,mlb_total_bases,Byron Buxton — Buts totaux Over 1.5,0.643,,,,,0,,VOID,historique-results.json,2026-06-29|mlb|mlb_total_bases|Byron Buxton — Buts totaux Over 1.5|hist,2026-06-29,,Minnesota Twins @ Houston Astros,,,,,,,,,,,import results.json,1.91,,1,,,,,
2026-06-29,mlb,props_k,Tyler Mahle Over 4.5 K,0.645,,,,,0,,L,historique-results.json,2026-06-29|mlb|props_k|Tyler Mahle Over 4.5 K|hist,2026-06-29,,San Francisco Giants @ Arizona Diamondbacks,,Tyler Mahle,4.5,5,,,,,,,import results.json,,,1,,,,,
2026-06-29,mlb,mlb_total_bases,Mookie Betts — Buts totaux Over 1.5,0.637,,,,,0,,L,historique-results.json,2026-06-29|mlb|mlb_total_bases|Mookie Betts — Buts totaux Over 1.5|hist,2026-06-29,,Los Angeles Dodgers @ Athletics,,,,,,,,,,,import results.json,1.95,,1,,,,,
2026-06-29,mlb,props_k,Yoshinobu Yamamoto Over 4.5 K,0.64,,,,,0,,VOID,historique-results.json,2026-06-29|mlb|props_k|Yoshinobu Yamamoto Over 4.5 K|hist,2026-06-29,,Los Angeles Dodgers @ Athletics,,Yoshinobu Yamamoto,4.5,5,,,,,,,import results.json,,,1,,,,,
2026-06-29,mlb,mlb_total_bases,Freddie Freeman — Buts totaux Over 1.5,0.581,,,,,0,,W,historique-results.json,2026-06-29|mlb|mlb_total_bases|Freddie Freeman — Buts totaux Over 1.5|hist,2026-06-29,,Los Angeles Dodgers @ Athletics,,,,,,,,,,,import results.json,1.98,,1,,,,,
2026-06-29,mlb,props_k,Shohei Ohtani Over 5.5 K,0.6,,,,,0,,VOID,historique-results.json,2026-06-29|mlb|props_k|Shohei Ohtani Over 5.5 K|hist,2026-06-29,,Los Angeles Dodgers @ Athletics,,Shohei Ohtani,5.5,6,,,,,,,import results.json,,,1,,,,,
2026-06-29,mlb,mlb_total_bases,Bryce Harper — Buts totaux Over 1.5,0.624,,,,,0,,W,historique-results.json,2026-06-29|mlb|mlb_total_bases|Bryce Harper — Buts totaux Over 1.5|hist,2026-06-29,,Pittsburgh Pirates @ Philadelphia Phillies,,,,,,,,,,,import results.json,2.06,,1,,,,,
2026-06-29,mlb,props_k,Griffin Canning Over 4.5 K,0.589,,,,,0,,L,historique-results.json,2026-06-29|mlb|props_k|Griffin Canning Over 4.5 K|hist,2026-06-29,,San Diego Padres @ Chicago Cubs,,Griffin Canning,4.5,5,,,,,,,import results.json,,,1,,,,,
2026-06-29,mlb,props_k,Braxton Ashcraft Over 5.5 K,0.626,,,,,0,,W,historique-results.json,2026-06-29|mlb|props_k|Braxton Ashcraft Over 5.5 K|hist,2026-06-29,,Pittsburgh Pirates @ Philadelphia Phillies,,Braxton Ashcraft,5.5,6,,,,,,,import results.json,,,1,,,,,
2026-06-29,mlb,props_k,Sean Burke Over 5.5 K,0.666,,,,,0,,W,historique-results.json,2026-06-29|mlb|props_k|Sean Burke Over 5.5 K|hist,2026-06-29,,Chicago White Sox @ Baltimore Orioles,,Sean Burke,5.5,6,,,,,,,import results.json,,,1,,,,,
2026-06-29,mlb,props_k,Aaron Nola Over 4.5 K,0.657,,,,,0,,W,historique-results.json,2026-06-29|mlb|props_k|Aaron Nola Over 4.5 K|hist,2026-06-29,,Pittsburgh Pirates @ Philadelphia Phillies,,Aaron Nola,4.5,5,,,,,,,import results.json,,,1,,,,,
2026-06-29,mlb,mlb_runs_scored,Vladimir Guerrero Jr. — Runs marques Over 0.5,0.356,,,,,0,,VOID,historique-results.json,2026-06-29|mlb|mlb_runs_scored|Vladimir Guerrero Jr. — Runs marques Over 0.5|hist,2026-06-29,,New York Mets @ Toronto Blue Jays,,,,,,,,,,,import results.json,3.3,,1,,,,,
2026-06-29,mlb,props_k,Ryan Weathers Over 4.5 K,0.645,,,,,0,,L,historique-results.json,2026-06-29|mlb|props_k|Ryan Weathers Over 4.5 K|hist,2026-06-29,,Detroit Tigers @ New York Yankees,,Ryan Weathers,4.5,5,,,,,,,import results.json,,,1,,,,,
2026-06-29,mlb,props_k,Sandy Alcantara Over 5.5 K,0.612,,,,,0,,L,historique-results.json,2026-06-29|mlb|props_k|Sandy Alcantara Over 5.5 K|hist,2026-06-29,,Miami Marlins @ Colorado Rockies,,Sandy Alcantara,5.5,6,,,,,,,import results.json,,,1,,,,,
2026-06-29,mlb,props_k,George Kirby Over 4.5 K,0.649,,,,,0,,W,historique-results.json,2026-06-29|mlb|props_k|George Kirby Over 4.5 K|hist,2026-06-29,,Los Angeles Angels @ Seattle Mariners,,George Kirby,4.5,5,,,,,,,import results.json,,,1,,,,,
2026-06-28,mlb,mlb_total_bases,Yordan Alvarez — Buts totaux Over 1.5,0.557,,,,,0,,L,historique-results.json,2026-06-28|mlb|mlb_total_bases|Yordan Alvarez — Buts totaux Over 1.5|hist,2026-06-28,,Houston Astros @ Detroit Tigers,,,,,,,,,,,import results.json,1.97,,1,,,,,
2026-06-28,mlb,mlb_total_bases,Byron Buxton — Buts totaux Over 1.5,0.648,,,,,0,,L,historique-results.json,2026-06-28|mlb|mlb_total_bases|Byron Buxton — Buts totaux Over 1.5|hist,2026-06-28,,Colorado Rockies @ Minnesota Twins,,,,,,,,,,,import results.json,1.85,,1,,,,,
2026-06-28,mlb,props_k,Brandon Woodruff Over 4.5 K,0.683,,,,,0,,W,historique-results.json,2026-06-28|mlb|props_k|Brandon Woodruff Over 4.5 K|hist,2026-06-28,,Chicago Cubs @ Milwaukee Brewers,,Brandon Woodruff,4.5,5,,,,,,,import results.json,,,1,,,,,
2026-06-28,mlb,props_k,Kyle Leahy Over 4.5 K,0.65,,,,,0,,W,historique-results.json,2026-06-28|mlb|props_k|Kyle Leahy Over 4.5 K|hist,2026-06-28,,Miami Marlins @ St. Louis Cardinals,,Kyle Leahy,4.5,5,,,,,,,import results.json,,,1,,,,,
2026-06-28,mlb,props_k,Reid Detmers Over 5.5 K,0.629,,,,,0,,VOID,historique-results.json,2026-06-28|mlb|props_k|Reid Detmers Over 5.5 K|hist,2026-06-28,,Athletics @ Los Angeles Angels,,Reid Detmers,5.5,6,,,,,,,import results.json,,,1,,,,,
2026-06-28,mlb,mlb_total_bases,Fernando Tatis Jr. — Buts totaux Over 1.5,0.47,,,,,0,,L,historique-results.json,2026-06-28|mlb|mlb_total_bases|Fernando Tatis Jr. — Buts totaux Over 1.5|hist,2026-06-28,,Los Angeles Dodgers @ San Diego Padres,,,,,,,,,,,import results.json,2.3,,1,,,,,
2026-06-28,mlb,props_k,Carlos Rodón Over 5.5 K,0.6,,,,,0,,W,historique-results.json,2026-06-28|mlb|props_k|Carlos Rodón Over 5.5 K|hist,2026-06-28,,New York Yankees @ Boston Red Sox,,Carlos Rodón,5.5,6,,,,,,,import results.json,,,1,,,,,
2026-06-28,mlb,mlb_total_bases,Bryce Harper — Buts totaux Over 1.5,0.593,,,,,0,,L,historique-results.json,2026-06-28|mlb|mlb_total_bases|Bryce Harper — Buts totaux Over 1.5|hist,2026-06-28,,Philadelphia Phillies @ New York Mets,,,,,,,,,,,import results.json,2.19,,1,,,,,
2026-06-28,mlb,mlb_total_bases,Freddie Freeman — Buts totaux Over 1.5,0.576,,,,,0,,L,historique-results.json,2026-06-28|mlb|mlb_total_bases|Freddie Freeman — Buts totaux Over 1.5|hist,2026-06-28,,Los Angeles Dodgers @ San Diego Padres,,,,,,,,,,,import results.json,2.14,,1,,,,,
2026-06-28,mlb,props_k,Kyle Bradish Over 5.5 K,0.617,,,,,0,,L,historique-results.json,2026-06-28|mlb|props_k|Kyle Bradish Over 5.5 K|hist,2026-06-28,,Washington Nationals @ Baltimore Orioles,,Kyle Bradish,5.5,6,,,,,,,import results.json,,,1,,,,,
2026-06-28,mlb,props_k,Drew Rasmussen Over 6.5 K,0.656,,,,,0,,L,historique-results.json,2026-06-28|mlb|props_k|Drew Rasmussen Over 6.5 K|hist,2026-06-28,,Arizona Diamondbacks @ Tampa Bay Rays,,Drew Rasmussen,6.5,7,,,,,,,import results.json,,,1,,,,,
2026-06-28,mlb,props_k,Gavin Williams Over 4.5 K,0.671,,,,,0,,W,historique-results.json,2026-06-28|mlb|props_k|Gavin Williams Over 4.5 K|hist,2026-06-28,,Seattle Mariners @ Cleveland Guardians,,Gavin Williams,4.5,5,,,,,,,import results.json,,,1,,,,,
2026-06-28,mlb,props_k,Jack Flaherty Over 5.5 K,0.599,,,,,0,,W,historique-results.json,2026-06-28|mlb|props_k|Jack Flaherty Over 5.5 K|hist,2026-06-28,,Houston Astros @ Detroit Tigers,,Jack Flaherty,5.5,6,,,,,,,import results.json,,,1,,,,,
2026-06-28,mlb,mlb_hits,Byron Buxton — Coups surs Over 0.5,0.638,,,,,0,,L,historique-results.json,2026-06-28|mlb|mlb_hits|Byron Buxton — Coups surs Over 0.5|hist,2026-06-28,,Colorado Rockies @ Minnesota Twins,,,,,,,,,,,import results.json,1.95,,1,,,,,
2026-06-28,mlb,props_k,Hunter Brown Over 5.5 K,0.669,,,,,0,,L,historique-results.json,2026-06-28|mlb|props_k|Hunter Brown Over 5.5 K|hist,2026-06-28,,Houston Astros @ Detroit Tigers,,Hunter Brown,5.5,6,,,,,,,import results.json,,,1,,,,,
2026-06-28,mlb,mlb_total_bases,Yordan Alvarez — Buts totaux Over 1.0,0.649,,,,,0,,L,historique-results.json,2026-06-28|mlb|mlb_total_bases|Yordan Alvarez — Buts totaux Over 1.0|hist,2026-06-28,,Houston Astros @ Detroit Tigers,,,,,,,,,,,import results.json,,,1,,,,,
2026-06-28,mlb,mlb_hits,Bryce Harper — Coups surs Over 0.5,0.616,,,,,0,,L,historique-results.json,2026-06-28|mlb|mlb_hits|Bryce Harper — Coups surs Over 0.5|hist,2026-06-28,,Philadelphia Phillies @ New York Mets,,,,,,,,,,,import results.json,,,1,,,,,
2026-06-28,mlb,props_k,Emmet Sheehan Over 4.5 K,0.629,,,,,0,,W,historique-results.json,2026-06-28|mlb|props_k|Emmet Sheehan Over 4.5 K|hist,2026-06-28,,Los Angeles Dodgers @ San Diego Padres,,Emmet Sheehan,4.5,5,,,,,,,import results.json,,,1,,,,,
2026-06-28,mlb,mlb_hits,Freddie Freeman — Coups surs Over 0.5,0.573,,,,,0,,L,historique-results.json,2026-06-28|mlb|mlb_hits|Freddie Freeman — Coups surs Over 0.5|hist,2026-06-28,,Los Angeles Dodgers @ San Diego Padres,,,,,,,,,,,import results.json,2,,1,,,,,
2026-06-28,mlb,mlb_total_bases,Michael Harris II — Buts totaux Over 0.5,0.669,,,,,0,,L,historique-results.json,2026-06-28|mlb|mlb_total_bases|Michael Harris II — Buts totaux Over 0.5|hist,2026-06-28,,Atlanta Braves @ San Francisco Giants,,,,,,,,,,,import results.json,,,1,,,,,
2026-06-28,mlb,props_k,Chris Sale Over 6.5 K,0.604,,,,,0,,W,historique-results.json,2026-06-28|mlb|props_k|Chris Sale Over 6.5 K|hist,2026-06-28,,Atlanta Braves @ San Francisco Giants,,Chris Sale,6.5,7,,,,,,,import results.json,,,1,,,,,
2026-06-28,mlb,mlb_runs_scored,Freddie Freeman — Runs marques Over 0.5,0.327,,,,,0,,VOID,historique-results.json,2026-06-28|mlb|mlb_runs_scored|Freddie Freeman — Runs marques Over 0.5|hist,2026-06-28,,Los Angeles Dodgers @ San Diego Padres,,,,,,,,,,,import results.json,3.7,,1,,,,,
2026-06-28,mlb,mlb_total_bases,Freddie Freeman — Buts totaux Over 1.0,0.665,,,,,0,,L,historique-results.json,2026-06-28|mlb|mlb_total_bases|Freddie Freeman — Buts totaux Over 1.0|hist,2026-06-28,,Los Angeles Dodgers @ San Diego Padres,,,,,,,,,,,import results.json,,,1,,,,,
2026-06-27,mlb,mlb_total_bases,Yordan Alvarez — Buts totaux Over 1.0,0.603,,,,,0,,VOID,historique-results.json,2026-06-27|mlb|mlb_total_bases|Yordan Alvarez — Buts totaux Over 1.0|hist,2026-06-27,,Houston Astros @ Detroit Tigers,,,,,,,,,,,import results.json,,,1,,,,,
2026-06-27,mlb,props_k,Dylan Cease Over 8.5 K,0.6,,,,,0,,W,historique-results.json,2026-06-27|mlb|props_k|Dylan Cease Over 8.5 K|hist,2026-06-27,,Texas Rangers @ Toronto Blue Jays,,Dylan Cease,8.5,9,,,,,,,import results.json,,,1,,,,,
2026-06-27,mlb,props_k,Chase Burns Over 7.5 K,0.643,,,,,0,,W,historique-results.json,2026-06-27|mlb|props_k|Chase Burns Over 7.5 K|hist,2026-06-27,,Cincinnati Reds @ Pittsburgh Pirates,,Chase Burns,7.5,8,,,,,,,import results.json,,,1,,,,,
2026-06-27,mlb,mlb_hits,Bryce Harper — Coups surs Over 0.5,0.637,,,,,0,,W,historique-results.json,2026-06-27|mlb|mlb_hits|Bryce Harper — Coups surs Over 0.5|hist,2026-06-27,,Philadelphia Phillies @ New York Mets,,,,,,,,,,,import results.json,,,1,,,,,
2026-06-27,mlb,mlb_total_bases,Bryce Harper — Buts totaux Over 1.5,0.631,,,,,0,,W,historique-results.json,2026-06-27|mlb|mlb_total_bases|Bryce Harper — Buts totaux Over 1.5|hist,2026-06-27,,Philadelphia Phillies @ New York Mets,,,,,,,,,,,import results.json,,,1,,,,,
2026-06-27,mlb,props_k,Dylan Cease Over 7.5 K,0.689,,,,,0,,W,historique-results.json,2026-06-27|mlb|props_k|Dylan Cease Over 7.5 K|hist,2026-06-27,,Texas Rangers @ Toronto Blue Jays,,Dylan Cease,7.5,8,,,,,,,import results.json,,,1,,,,,
2026-06-27,mlb,mlb_total_bases,Gunnar Henderson — Buts totaux Over 1.5,0.502,,,,,0,,L,historique-results.json,2026-06-27|mlb|mlb_total_bases|Gunnar Henderson — Buts totaux Over 1.5|hist,2026-06-27,,Washington Nationals @ Baltimore Orioles,,,,,,,,,,,import results.json,2.2,,1,,,,,
2026-06-27,mlb,props_k,Kyle Harrison Over 6.5 K,0.587,,,,,0,,W,historique-results.json,2026-06-27|mlb|props_k|Kyle Harrison Over 6.5 K|hist,2026-06-27,,Chicago Cubs @ Milwaukee Brewers,,Kyle Harrison,6.5,7,,,,,,,import results.json,,,1,,,,,
2026-06-27,mlb,mlb_total_bases,Byron Buxton — Buts totaux Over 1.5,0.701,,,,,0,,L,historique-results.json,2026-06-27|mlb|mlb_total_bases|Byron Buxton — Buts totaux Over 1.5|hist,2026-06-27,,Colorado Rockies @ Minnesota Twins,,,,,,,,,,,import results.json,1.79,,1,,,,,
2026-06-27,mlb,mlb_total_bases,Fernando Tatis Jr. — Buts totaux Over 1.5,0.52,,,,,0,,L,historique-results.json,2026-06-27|mlb|mlb_total_bases|Fernando Tatis Jr. — Buts totaux Over 1.5|hist,2026-06-27,,Los Angeles Dodgers @ San Diego Padres,,,,,,,,,,,import results.json,2.31,,1,,,,,
2026-06-27,mlb,props_k,Gerrit Cole Over 4.5 K,0.681,,,,,0,,W,historique-results.json,2026-06-27|mlb|props_k|Gerrit Cole Over 4.5 K|hist,2026-06-27,,New York Yankees @ Boston Red Sox,,Gerrit Cole,4.5,5,,,,,,,import results.json,,,1,,,,,
2026-06-27,mlb,mlb_hits,Bobby Witt Jr. — Coups surs Over 0.5,0.577,,,,,0,,W,historique-results.json,2026-06-27|mlb|mlb_hits|Bobby Witt Jr. — Coups surs Over 0.5|hist,2026-06-27,,Kansas City Royals @ Chicago White Sox,,,,,,,,,,,import results.json,1.95,,1,,,,,
2026-06-27,mlb,props_k,Christian Scott Over 4.5 K,0.671,,,,,0,,W,historique-results.json,2026-06-27|mlb|props_k|Christian Scott Over 4.5 K|hist,2026-06-27,,Philadelphia Phillies @ New York Mets,,Christian Scott,4.5,5,,,,,,,import results.json,,,1,,,,,
2026-06-27,mlb,mlb_total_bases,Freddie Freeman — Buts totaux Over 1.0,0.665,,,,,0,,W,historique-results.json,2026-06-27|mlb|mlb_total_bases|Freddie Freeman — Buts totaux Over 1.0|hist,2026-06-27,,Los Angeles Dodgers @ San Diego Padres,,,,,,,,,,,import results.json,,,1,,,,,
2026-06-27,mlb,props_k,Yoshinobu Yamamoto Over 4.5 K,0.616,,,,,0,,L,historique-results.json,2026-06-27|mlb|props_k|Yoshinobu Yamamoto Over 4.5 K|hist,2026-06-27,,Los Angeles Dodgers @ San Diego Padres,,Yoshinobu Yamamoto,4.5,5,,,,,,,import results.json,,,1,,,,,
2026-06-27,mlb,mlb_hits,Freddie Freeman — Coups surs Over 0.5,0.573,,,,,0,,W,historique-results.json,2026-06-27|mlb|mlb_hits|Freddie Freeman — Coups surs Over 0.5|hist,2026-06-27,,Los Angeles Dodgers @ San Diego Padres,,,,,,,,,,,import results.json,,,1,,,,,
2026-06-27,mlb,props_k,Logan Webb Over 4.5 K,0.64,,,,,0,,W,historique-results.json,2026-06-27|mlb|props_k|Logan Webb Over 4.5 K|hist,2026-06-27,,Atlanta Braves @ San Francisco Giants,,Logan Webb,4.5,5,,,,,,,import results.json,,,1,,,,,
2026-06-26,mlb,mlb_hits,Yordan Alvarez — Coups surs Over 0.5,0.648,,,,,0,,L,historique-results.json,2026-06-26|mlb|mlb_hits|Yordan Alvarez — Coups surs Over 0.5|hist,2026-06-26,,Houston Astros @ Detroit Tigers,,,,,,,,,,,import results.json,,,1,,,,,
2026-06-26,mlb,mlb_total_bases,Yordan Alvarez — Buts totaux Over 1.5,0.597,,,,,0,,L,historique-results.json,2026-06-26|mlb|mlb_total_bases|Yordan Alvarez — Buts totaux Over 1.5|hist,2026-06-26,,Houston Astros @ Detroit Tigers,,,,,,,,,,,import results.json,1.93,,1,,,,,
2026-06-26,mlb,mlb_total_bases,Gunnar Henderson — Buts totaux Over 1.5,0.502,,,,,0,,L,historique-results.json,2026-06-26|mlb|mlb_total_bases|Gunnar Henderson — Buts totaux Over 1.5|hist,2026-06-26,,Washington Nationals @ Baltimore Orioles,,,,,,,,,,,import results.json,2.16,,1,,,,,
2026-06-26,mlb,mlb_total_bases,Jazz Chisholm Jr. — Buts totaux Over 1.5,0.46,,,,,0,,L,historique-results.json,2026-06-26|mlb|mlb_total_bases|Jazz Chisholm Jr. — Buts totaux Over 1.5|hist,2026-06-26,,New York Yankees @ Boston Red Sox,,,,,,,,,,,import results.json,2.37,,1,,,,,
2026-06-26,mlb,props_k,Jacob Misiorowski Over 8.5 K,0.724,,,,,0,,L,historique-results.json,2026-06-26|mlb|props_k|Jacob Misiorowski Over 8.5 K|hist,2026-06-26,,Chicago Cubs @ Milwaukee Brewers,,Jacob Misiorowski,8.5,9,,,,,,,import results.json,,,1,,,,,
2026-06-26,mlb,props_k,Paul Skenes Over 7.5 K,0.639,,,,,0,,L,historique-results.json,2026-06-26|mlb|props_k|Paul Skenes Over 7.5 K|hist,2026-06-26,,Cincinnati Reds @ Pittsburgh Pirates,,Paul Skenes,7.5,8,,,,,,,import results.json,,,1,,,,,
2026-06-26,mlb,props_k,Spencer Arrighetti Over 4.5 K,0.672,,,,,0,,W,historique-results.json,2026-06-26|mlb|props_k|Spencer Arrighetti Over 4.5 K|hist,2026-06-26,,Houston Astros @ Detroit Tigers,,Spencer Arrighetti,4.5,5,,,,,,,import results.json,,,1,,,,,
2026-06-26,mlb,mlb_runs_scored,Yordan Alvarez — Runs marques Over 0.5,0.353,,,,,0,,VOID,historique-results.json,2026-06-26|mlb|mlb_runs_scored|Yordan Alvarez — Runs marques Over 0.5|hist,2026-06-26,,Houston Astros @ Detroit Tigers,,,,,,,,,,,import results.json,3.15,,1,,,,,
2026-06-26,mlb,mlb_runs_scored,Gunnar Henderson — Runs marques Over 0.5,0.369,,,,,0,,VOID,historique-results.json,2026-06-26|mlb|mlb_runs_scored|Gunnar Henderson — Runs marques Over 0.5|hist,2026-06-26,,Washington Nationals @ Baltimore Orioles,,,,,,,,,,,import results.json,3.1,,1,,,,,
2026-06-26,mlb,mlb_hits,Gunnar Henderson — Coups surs Over 0.5,0.547,,,,,0,,L,historique-results.json,2026-06-26|mlb|mlb_hits|Gunnar Henderson — Coups surs Over 0.5|hist,2026-06-26,,Washington Nationals @ Baltimore Orioles,,,,,,,,,,,import results.json,2,,1,,,,,
2026-06-26,mlb,mlb_runs_scored,Steven Kwan — Runs marques Over 0.5,0.348,,,,,0,,VOID,historique-results.json,2026-06-26|mlb|mlb_runs_scored|Steven Kwan — Runs marques Over 0.5|hist,2026-06-26,,Seattle Mariners @ Cleveland Guardians,,,,,,,,,,,import results.json,3.45,,1,,,,,
2026-06-26,mlb,props_k,Joey Cantillo Over 4.5 K,0.625,,,,,0,,W,historique-results.json,2026-06-26|mlb|props_k|Joey Cantillo Over 4.5 K|hist,2026-06-26,,Seattle Mariners @ Cleveland Guardians,,Joey Cantillo,4.5,5,,,,,,,import results.json,,,1,,,,,
2026-06-26,mlb,mlb_total_bases,Bryce Harper — Buts totaux Over 1.5,0.626,,,,,0,,W,historique-results.json,2026-06-26|mlb|mlb_total_bases|Bryce Harper — Buts totaux Over 1.5|hist,2026-06-26,,Philadelphia Phillies @ New York Mets,,,,,,,,,,,import results.json,1.91,,1,,,,,
2026-06-26,mlb,mlb_runs_scored,Bryce Harper — Runs marques Over 0.5,0.381,,,,,0,,VOID,historique-results.json,2026-06-26|mlb|mlb_runs_scored|Bryce Harper — Runs marques Over 0.5|hist,2026-06-26,,Philadelphia Phillies @ New York Mets,,,,,,,,,,,import results.json,2.9,,1,,,,,
2026-06-26,mlb,props_k,Reid Detmers Over 6.5 K,0.611,,,,,0,,VOID,historique-results.json,2026-06-26|mlb|props_k|Reid Detmers Over 6.5 K|hist,2026-06-26,,Athletics @ Los Angeles Angels,,Reid Detmers,6.5,7,,,,,,,import results.json,,,1,,,,,
2026-06-26,mlb,props_k,Walker Buehler Over 4.5 K,0.662,,,,,0,,W,historique-results.json,2026-06-26|mlb|props_k|Walker Buehler Over 4.5 K|hist,2026-06-26,,Los Angeles Dodgers @ San Diego Padres,,Walker Buehler,4.5,5,,,,,,,import results.json,,,1,,,,,
2026-06-25,mlb,props_k,Logan Webb Over 4.5 K,0.681,,,,,0,,VOID,historique-results.json,2026-06-25|mlb|props_k|Logan Webb Over 4.5 K|hist,2026-06-25,,Athletics @ San Francisco Giants,,Logan Webb,4.5,5,,,,,,,import results.json,,,1,,,,,
2026-06-25,mlb,props_k,Robbie Ray Over 4.5 K,0.619,,,,,0,,VOID,historique-results.json,2026-06-25|mlb|props_k|Robbie Ray Over 4.5 K|hist,2026-06-25,,Athletics @ San Francisco Giants,,Robbie Ray,4.5,5,,,,,,,import results.json,,,1,,,,,
2026-06-25,mlb,mlb_hits,Yordan Alvarez — Coups surs Over 0.5,0.648,,,,,0,,L,historique-results.json,2026-06-25|mlb|mlb_hits|Yordan Alvarez — Coups surs Over 0.5|hist,2026-06-25,,Houston Astros @ Detroit Tigers,,,,,,,,,,,import results.json,,,1,,,,,
2026-06-25,mlb,props_k,Cristopher Sánchez Over 6.5 K,0.609,,,,,0,,L,historique-results.json,2026-06-25|mlb|props_k|Cristopher Sánchez Over 6.5 K|hist,2026-06-25,,Philadelphia Phillies @ Washington Nationals,,Cristopher Sánchez,6.5,7,,,,,,,import results.json,,,1,,,,,
2026-06-25,mlb,mlb_total_bases,Yordan Alvarez — Buts totaux Over 1.5,0.597,,,,,0,,L,historique-results.json,2026-06-25|mlb|mlb_total_bases|Yordan Alvarez — Buts totaux Over 1.5|hist,2026-06-25,,Houston Astros @ Detroit Tigers,,,,,,,,,,,import results.json,1.95,,1,,,,,
2026-06-25,mlb,props_k,Cade Cavalli Over 5.5 K,0.626,,,,,0,,W,historique-results.json,2026-06-25|mlb|props_k|Cade Cavalli Over 5.5 K|hist,2026-06-25,,Philadelphia Phillies @ Washington Nationals,,Cade Cavalli,5.5,6,,,,,,,import results.json,,,1,,,,,
2026-06-25,mlb,props_k,Kevin Gausman Over 5.5 K,0.607,,,,,0,,L,historique-results.json,2026-06-25|mlb|props_k|Kevin Gausman Over 5.5 K|hist,2026-06-25,,Texas Rangers @ Toronto Blue Jays,,Kevin Gausman,5.5,6,,,,,,,import results.json,,,1,,,,,
2026-06-25,mlb,props_k,Tatsuya Imai Over 4.5 K,0.645,,,,,0,,W,historique-results.json,2026-06-25|mlb|props_k|Tatsuya Imai Over 4.5 K|hist,2026-06-25,,Houston Astros @ Detroit Tigers,,Tatsuya Imai,4.5,5,,,,,,,import results.json,,,1,,,,,
2026-06-25,mlb,props_k,Connelly Early Over 4.5 K,0.671,,,,,0,,W,historique-results.json,2026-06-25|mlb|props_k|Connelly Early Over 4.5 K|hist,2026-06-25,,New York Yankees @ Boston Red Sox,,Connelly Early,4.5,5,,,,,,,import results.json,,,1,,,,,
2026-06-24,mlb,mlb_total_bases,Bryce Harper — Buts totaux Over 1.5,0.591,,,,,0,,L,historique-results.json,2026-06-24|mlb|mlb_total_bases|Bryce Harper — Buts totaux Over 1.5|hist,2026-06-24,,Philadelphia Phillies @ Washington Nationals,,,,,,,,,,,import results.json,1.95,,1,,,,,
2026-06-24,mlb,mlb_total_bases,Yordan Alvarez — Buts totaux Over 1.5,0.617,,,,,0,,L,historique-results.json,2026-06-24|mlb|mlb_total_bases|Yordan Alvarez — Buts totaux Over 1.5|hist,2026-06-24,,Houston Astros @ Toronto Blue Jays,,,,,,,,,,,import results.json,2.07,,1,,,,,
2026-06-24,mlb,mlb_total_bases,Elly De La Cruz — Buts totaux Over 1.5,0.475,,,,,0,,L,historique-results.json,2026-06-24|mlb|mlb_total_bases|Elly De La Cruz — Buts totaux Over 1.5|hist,2026-06-24,,Milwaukee Brewers @ Cincinnati Reds,,,,,,,,,,,import results.json,2.36,,1,,,,,
2026-06-24,mlb,props_k,Eury Pérez Over 5.5 K,0.635,,,,,0,,L,historique-results.json,2026-06-24|mlb|props_k|Eury Pérez Over 5.5 K|hist,2026-06-24,,Texas Rangers @ Miami Marlins,,Eury Pérez,5.5,6,,,,,,,import results.json,,,1,,,,,
2026-06-24,mlb,props_k,José Soriano Over 4.5 K,0.645,,,,,0,,L,historique-results.json,2026-06-24|mlb|props_k|José Soriano Over 4.5 K|hist,2026-06-24,,Baltimore Orioles @ Los Angeles Angels,,José Soriano,4.5,5,,,,,,,import results.json,,,1,,,,,
2026-06-24,mlb,mlb_hits,Gunnar Henderson — Coups surs Over 0.5,0.478,,,,,0,,L,historique-results.json,2026-06-24|mlb|mlb_hits|Gunnar Henderson — Coups surs Over 0.5|hist,2026-06-24,,Baltimore Orioles @ Los Angeles Angels,,,,,,,,,,,import results.json,2.4,,1,,,,,
2026-06-24,mlb,mlb_total_bases,Freddie Freeman — Buts totaux Over 1.5,0.557,,,,,0,,W,historique-results.json,2026-06-24|mlb|mlb_total_bases|Freddie Freeman — Buts totaux Over 1.5|hist,2026-06-24,,Los Angeles Dodgers @ Minnesota Twins,,,,,,,,,,,import results.json,2.01,,1,,,,,
2026-06-24,mlb,props_k,Ryan Weathers Over 4.5 K,0.614,,,,,0,,W,historique-results.json,2026-06-24|mlb|props_k|Ryan Weathers Over 4.5 K|hist,2026-06-24,,New York Yankees @ Detroit Tigers,,Ryan Weathers,4.5,5,,,,,,,import results.json,,,1,,,,,
2026-06-24,mlb,mlb_hits,Anthony Volpe — Coups surs Over 0.5,0.431,,,,,0,,L,historique-results.json,2026-06-24|mlb|mlb_hits|Anthony Volpe — Coups surs Over 0.5|hist,2026-06-24,,New York Yankees @ Detroit Tigers,,,,,,,,,,,import results.json,2.6,,1,,,,,
2026-06-24,mlb,props_k,Noah Cameron Over 4.5 K,0.675,,,,,0,,W,historique-results.json,2026-06-24|mlb|props_k|Noah Cameron Over 4.5 K|hist,2026-06-24,,Kansas City Royals @ Tampa Bay Rays,,Noah Cameron,4.5,5,,,,,,,import results.json,,,1,,,,,
2026-06-24,mlb,props_k,Griffin Jax Over 4.5 K,0.629,,,,,0,,W,historique-results.json,2026-06-24|mlb|props_k|Griffin Jax Over 4.5 K|hist,2026-06-24,,Kansas City Royals @ Tampa Bay Rays,,Griffin Jax,4.5,5,,,,,,,import results.json,,,1,,,,,
2026-06-24,mlb,props_k,Bryan Woo Over 5.5 K,0.652,,,,,0,,L,historique-results.json,2026-06-24|mlb|props_k|Bryan Woo Over 5.5 K|hist,2026-06-24,,Seattle Mariners @ Pittsburgh Pirates,,Bryan Woo,5.5,6,,,,,,,import results.json,,,1,,,,,
2026-06-24,mlb,mlb_hits,Yordan Alvarez — Coups surs Over 0.5,0.65,,,,,0,,L,historique-results.json,2026-06-24|mlb|mlb_hits|Yordan Alvarez — Coups surs Over 0.5|hist,2026-06-24,,Houston Astros @ Toronto Blue Jays,,,,,,,,,,,import results.json,1.87,,1,,,,,
2026-06-24,mlb,mlb_hits,Francisco Lindor — Coups surs Over 0.5,0.566,,,,,0,,VOID,historique-results.json,2026-06-24|mlb|mlb_hits|Francisco Lindor — Coups surs Over 0.5|hist,2026-06-24,,Chicago Cubs @ New York Mets,,,,,,,,,,,import results.json,2.2,,1,,,,,
2026-06-24,mlb,mlb_hits,Byron Buxton — Coups surs Over 0.5,0.706,,,,,0,,L,historique-results.json,2026-06-24|mlb|mlb_hits|Byron Buxton — Coups surs Over 0.5|hist,2026-06-24,,Los Angeles Dodgers @ Minnesota Twins,,,,,,,,,,,import results.json,1.8,,1,,,,,
2026-06-24,mlb,props_k,Joe Ryan Over 6.5 K,0.592,,,,,0,,W,historique-results.json,2026-06-24|mlb|props_k|Joe Ryan Over 6.5 K|hist,2026-06-24,,Los Angeles Dodgers @ Minnesota Twins,,Joe Ryan,6.5,7,,,,,,,import results.json,,,1,,,,,
2026-06-23,mlb,mlb_total_bases,Yordan Alvarez — Buts totaux Over 1.5,0.634,,,,,0,,W,historique-results.json,2026-06-23|mlb|mlb_total_bases|Yordan Alvarez — Buts totaux Over 1.5|hist,2026-06-23,,Houston Astros @ Toronto Blue Jays,,,,,,,,,,,import results.json,1.89,,1,,,,,
2026-06-23,mlb,props_k,Carlos Rodón Over 5.5 K,0.634,,,,,0,,L,historique-results.json,2026-06-23|mlb|props_k|Carlos Rodón Over 5.5 K|hist,2026-06-23,,New York Yankees @ Detroit Tigers,,Carlos Rodón,5.5,6,,,,,,,import results.json,,,1,,,,,
2026-06-23,mlb,props_k,Sean Burke Over 5.5 K,0.594,,,,,0,,W,historique-results.json,2026-06-23|mlb|props_k|Sean Burke Over 5.5 K|hist,2026-06-23,,Cleveland Guardians @ Chicago White Sox,,Sean Burke,5.5,6,,,,,,,import results.json,,,1,,,,,
2026-06-23,mlb,props_k,Justin Wrobleski Over 4.5 K,0.579,,,,,0,,L,historique-results.json,2026-06-23|mlb|props_k|Justin Wrobleski Over 4.5 K|hist,2026-06-23,,Los Angeles Dodgers @ Minnesota Twins,,Justin Wrobleski,4.5,5,,,,,,,import results.json,,,1,,,,,
2026-06-23,mlb,mlb_total_bases,Bryce Harper — Buts totaux Over 1.5,0.572,,,,,0,,L,historique-results.json,2026-06-23|mlb|mlb_total_bases|Bryce Harper — Buts totaux Over 1.5|hist,2026-06-23,,Philadelphia Phillies @ Washington Nationals,,,,,,,,,,,import results.json,2,,1,,,,,
2026-06-23,mlb,mlb_total_bases,Elly De La Cruz — Buts totaux Over 1.5,0.551,,,,,0,,L,historique-results.json,2026-06-23|mlb|mlb_total_bases|Elly De La Cruz — Buts totaux Over 1.5|hist,2026-06-23,,Milwaukee Brewers @ Cincinnati Reds,,,,,,,,,,,import results.json,2.09,,1,,,,,
2026-06-23,mlb,props_k,Sandy Alcantara Over 4.5 K,0.618,,,,,0,,L,historique-results.json,2026-06-23|mlb|props_k|Sandy Alcantara Over 4.5 K|hist,2026-06-23,,Texas Rangers @ Miami Marlins,,Sandy Alcantara,4.5,5,,,,,,,import results.json,,,1,,,,,
2026-06-23,mlb,mlb_hits,Gunnar Henderson — Coups surs Over 0.5,0.505,,,,,0,,W,historique-results.json,2026-06-23|mlb|mlb_hits|Gunnar Henderson — Coups surs Over 0.5|hist,2026-06-23,,Baltimore Orioles @ Los Angeles Angels,,,,,,,,,,,import results.json,2.3,,1,,,,,
2026-06-23,mlb,mlb_runs_scored,Gunnar Henderson — Runs marques Over 0.5,0.329,,,,,0,,VOID,historique-results.json,2026-06-23|mlb|mlb_runs_scored|Gunnar Henderson — Runs marques Over 0.5|hist,2026-06-23,,Baltimore Orioles @ Los Angeles Angels,,,,,,,,,,,import results.json,3.4,,1,,,,,
2026-06-23,mlb,props_k,Logan Webb Over 4.5 K,0.681,,,,,0,,VOID,historique-results.json,2026-06-23|mlb|props_k|Logan Webb Over 4.5 K|hist,2026-06-23,,Athletics @ San Francisco Giants,,Logan Webb,4.5,5,,,,,,,import results.json,,,1,,,,,
2026-06-22,mlb,mlb_total_bases,Yordan Alvarez — Buts totaux Over 1.5,0.558,,,,,0,,L,historique-results.json,2026-06-22|mlb|mlb_total_bases|Yordan Alvarez — Buts totaux Over 1.5|hist,2026-06-22,,Houston Astros @ Toronto Blue Jays,,,,,,,,,,,import results.json,2.07,,1,,,,,
2026-06-22,mlb,mlb_total_bases,Byron Buxton — Buts totaux Over 1.5,0.692,,,,,0,,W,historique-results.json,2026-06-22|mlb|mlb_total_bases|Byron Buxton — Buts totaux Over 1.5|hist,2026-06-22,,Los Angeles Dodgers @ Minnesota Twins,,,,,,,,,,,import results.json,1.86,,1,,,,,
2026-06-22,mlb,mlb_total_bases,Bryce Harper — Buts totaux Over 1.5,0.572,,,,,0,,W,historique-results.json,2026-06-22|mlb|mlb_total_bases|Bryce Harper — Buts totaux Over 1.5|hist,2026-06-22,,Philadelphia Phillies @ Washington Nationals,,,,,,,,,,,import results.json,2.07,,1,,,,,
2026-06-22,mlb,props_k,Drew Rasmussen Over 5.5 K,0.62,,,,,0,,L,historique-results.json,2026-06-22|mlb|props_k|Drew Rasmussen Over 5.5 K|hist,2026-06-22,,Kansas City Royals @ Tampa Bay Rays,,Drew Rasmussen,5.5,6,,,,,,,import results.json,,,1,,,,,
2026-06-22,mlb,props_k,Dylan Cease Over 6.5 K,0.614,,,,,0,,W,historique-results.json,2026-06-22|mlb|props_k|Dylan Cease Over 6.5 K|hist,2026-06-22,,Houston Astros @ Toronto Blue Jays,,Dylan Cease,6.5,7,,,,,,,import results.json,,,1,,,,,
2026-06-22,mlb,props_k,Gavin Williams Over 5.5 K,0.668,,,,,0,,W,historique-results.json,2026-06-22|mlb|props_k|Gavin Williams Over 5.5 K|hist,2026-06-22,,Cleveland Guardians @ Chicago White Sox,,Gavin Williams,5.5,6,,,,,,,import results.json,,,1,,,,,
2026-06-22,mlb,mlb_total_bases,Bryce Harper — Buts totaux Over 1.0,0.661,,,,,0,,W,historique-results.json,2026-06-22|mlb|mlb_total_bases|Bryce Harper — Buts totaux Over 1.0|hist,2026-06-22,,Philadelphia Phillies @ Washington Nationals,,,,,,,,,,,import results.json,,,1,,,,,
2026-06-21,mlb,props_k,Kai-wei Teng Over 5.5 K,0.615,,,,,0,,L,historique-results.json,2026-06-21|mlb|props_k|Kai-wei Teng Over 5.5 K|hist,2026-06-21,,Cleveland Guardians @ Houston Astros,,Kai-wei Teng,5.5,6,,,,,,,import results.json,,,1,,,,,
2026-06-21,mlb,props_k,Dustin May Over 5.5 K,0.667,,,,,0,,L,historique-results.json,2026-06-21|mlb|props_k|Dustin May Over 5.5 K|hist,2026-06-21,,St. Louis Cardinals @ Kansas City Royals,,Dustin May,5.5,6,,,,,,,import results.json,,,1,,,,,
2026-06-21,mlb,mlb_total_bases,Fernando Tatis Jr. — Buts totaux Over 1.5,0.469,,,,,0,,VOID,historique-results.json,2026-06-21|mlb|mlb_total_bases|Fernando Tatis Jr. — Buts totaux Over 1.5|hist,2026-06-21,,San Diego Padres @ Texas Rangers,,,,,,,,,,,import results.json,2.44,,1,,,,,
2026-06-21,mlb,mlb_total_bases,Michael Harris II — Buts totaux Over 1.5,0.467,,,,,0,,W,historique-results.json,2026-06-21|mlb|mlb_total_bases|Michael Harris II — Buts totaux Over 1.5|hist,2026-06-21,,Milwaukee Brewers @ Atlanta Braves,,,,,,,,,,,import results.json,2.32,,1,,,,,
2026-06-21,mlb,mlb_total_bases,Yordan Alvarez — Buts totaux Over 1.5,0.591,,,,,0,,W,historique-results.json,2026-06-21|mlb|mlb_total_bases|Yordan Alvarez — Buts totaux Over 1.5|hist,2026-06-21,,Cleveland Guardians @ Houston Astros,,,,,,,,,,,import results.json,1.83,,1,,,,,
2026-06-21,mlb,props_k,Logan Webb Over 4.5 K,0.667,,,,,0,,W,historique-results.json,2026-06-21|mlb|props_k|Logan Webb Over 4.5 K|hist,2026-06-21,,San Francisco Giants @ Miami Marlins,,Logan Webb,4.5,5,,,,,,,import results.json,,,1,,,,,
2026-06-21,mlb,props_k,Robert Gasser Over 4.5 K,0.653,,,,,0,,W,historique-results.json,2026-06-21|mlb|props_k|Robert Gasser Over 4.5 K|hist,2026-06-21,,Milwaukee Brewers @ Atlanta Braves,,Robert Gasser,4.5,5,,,,,,,import results.json,,,1,,,,,
2026-06-21,mlb,props_k,Chase Burns Over 6.5 K,0.606,,,,,0,,W,historique-results.json,2026-06-21|mlb|props_k|Chase Burns Over 6.5 K|hist,2026-06-21,,Cincinnati Reds @ New York Yankees,,Chase Burns,6.5,7,,,,,,,import results.json,,,1,,,,,
2026-06-21,mlb,props_k,Davis Martin Over 4.5 K,0.662,,,,,0,,L,historique-results.json,2026-06-21|mlb|props_k|Davis Martin Over 4.5 K|hist,2026-06-21,,Chicago White Sox @ Detroit Tigers,,Davis Martin,4.5,5,,,,,,,import results.json,,,1,,,,,
2026-06-21,mlb,props_k,Andrew Alvarez Over 4.5 K,0.633,,,,,0,,W,historique-results.json,2026-06-21|mlb|props_k|Andrew Alvarez Over 4.5 K|hist,2026-06-21,,Washington Nationals @ Tampa Bay Rays,,Andrew Alvarez,4.5,5,,,,,,,import results.json,,,1,,,,,
2026-06-21,mlb,props_k,Kai-wei Teng Over 5.5 K,0.61,,,,,0,,L,historique-results.json,2026-06-21|mlb|props_k|Kai-wei Teng Over 5.5 K|hist,2026-06-21,,Cleveland Guardians @ Houston Astros,,Kai-wei Teng,5.5,6,,,,,,,import results.json,,,1,,,,,
2026-06-21,mlb,props_k,Nathan Eovaldi Over 5.5 K,0.605,,,,,0,,W,historique-results.json,2026-06-21|mlb|props_k|Nathan Eovaldi Over 5.5 K|hist,2026-06-21,,San Diego Padres @ Texas Rangers,,Nathan Eovaldi,5.5,6,,,,,,,import results.json,,,1,,,,,
2026-06-21,mlb,props_k,Reid Detmers Over 5.5 K,0.644,,,,,0,,L,historique-results.json,2026-06-21|mlb|props_k|Reid Detmers Over 5.5 K|hist,2026-06-21,,Los Angeles Angels @ Athletics,,Reid Detmers,5.5,6,,,,,,,import results.json,,,1,,,,,
2026-06-21,mlb,props_k,Emmet Sheehan Over 5.5 K,0.651,,,,,0,,L,historique-results.json,2026-06-21|mlb|props_k|Emmet Sheehan Over 5.5 K|hist,2026-06-21,,Baltimore Orioles @ Los Angeles Dodgers,,Emmet Sheehan,5.5,6,,,,,,,import results.json,,,1,,,,,
2026-06-21,mlb,props_k,Logan Gilbert Over 5.5 K,0.62,,,,,0,,W,historique-results.json,2026-06-21|mlb|props_k|Logan Gilbert Over 5.5 K|hist,2026-06-21,,Boston Red Sox @ Seattle Mariners,,Logan Gilbert,5.5,6,,,,,,,import results.json,,,1,,,,,
2026-06-21,mlb,props_k,Reid Detmers Over 6.5 K,0.611,,,,,0,,L,historique-results.json,2026-06-21|mlb|props_k|Reid Detmers Over 6.5 K|hist,2026-06-21,,Los Angeles Angels @ Athletics,,Reid Detmers,6.5,7,,,,,,,import results.json,,,1,,,,,
2026-06-21,mlb,mlb_total_bases,Mookie Betts — Buts totaux Over 1.0,0.626,,,,,0,,L,historique-results.json,2026-06-21|mlb|mlb_total_bases|Mookie Betts — Buts totaux Over 1.0|hist,2026-06-21,,Baltimore Orioles @ Los Angeles Dodgers,,,,,,,,,,,import results.json,,,1,,,,,
2026-06-21,mlb,mlb_hits,Mookie Betts — Coups surs Over 0.5,0.597,,,,,0,,W,historique-results.json,2026-06-21|mlb|mlb_hits|Mookie Betts — Coups surs Over 0.5|hist,2026-06-21,,Baltimore Orioles @ Los Angeles Dodgers,,,,,,,,,,,import results.json,,,1,,,,,
2026-06-20,mlb,props_k,Kyle Harrison Over 5.5 K,0.644,,,,,0,,W,historique-results.json,2026-06-20|mlb|props_k|Kyle Harrison Over 5.5 K|hist,2026-06-20,,Milwaukee Brewers @ Atlanta Braves,,Kyle Harrison,5.5,6,,,,,,,import results.json,,,1,,,,,
2026-06-20,mlb,props_k,Max Meyer Over 5.5 K,0.666,,,,,0,,W,historique-results.json,2026-06-20|mlb|props_k|Max Meyer Over 5.5 K|hist,2026-06-20,,San Francisco Giants @ Miami Marlins,,Max Meyer,5.5,6,,,,,,,import results.json,,,1,,,,,
2026-06-20,mlb,mlb_total_bases,Yordan Alvarez — Buts totaux Over 1.5,0.656,,,,,0,,L,historique-results.json,2026-06-20|mlb|mlb_total_bases|Yordan Alvarez — Buts totaux Over 1.5|hist,2026-06-20,,Cleveland Guardians @ Houston Astros,,,,,,,,,,,import results.json,1.9,,1,,,,,
2026-06-20,mlb,props_k,Cristopher Sánchez Over 7.5 K,0.672,,,,,0,,L,historique-results.json,2026-06-20|mlb|props_k|Cristopher Sánchez Over 7.5 K|hist,2026-06-20,,New York Mets @ Philadelphia Phillies,,Cristopher Sánchez,7.5,8,,,,,,,import results.json,,,1,,,,,
2026-06-20,mlb,props_k,Reid Detmers Over 6.5 K,0.626,,,,,0,,VOID,historique-results.json,2026-06-20|mlb|props_k|Reid Detmers Over 6.5 K|hist,2026-06-20,,Los Angeles Angels @ Athletics,,Reid Detmers,6.5,7,,,,,,,import results.json,,,1,,,,,
2026-06-20,mlb,mlb_hits,Yordan Alvarez — Coups surs Over 1.5,0.393,,,,,0,,L,historique-results.json,2026-06-20|mlb|mlb_hits|Yordan Alvarez — Coups surs Over 1.5|hist,2026-06-20,,Cleveland Guardians @ Houston Astros,,,,,,,,,,,import results.json,2.92,,1,,,,,
2026-06-20,mlb,mlb_runs_scored,Anthony Volpe — Runs marques Over 0.5,0.278,,,,,0,,VOID,historique-results.json,2026-06-20|mlb|mlb_runs_scored|Anthony Volpe — Runs marques Over 0.5|hist,2026-06-20,,Cincinnati Reds @ New York Yankees,,,,,,,,,,,import results.json,4.1,,1,,,,,
2026-06-20,mlb,mlb_total_bases,Michael Harris II — Buts totaux Over 1.5,0.544,,,,,0,,W,historique-results.json,2026-06-20|mlb|mlb_total_bases|Michael Harris II — Buts totaux Over 1.5|hist,2026-06-20,,Milwaukee Brewers @ Atlanta Braves,,,,,,,,,,,import results.json,2.37,,1,,,,,
2026-06-20,mlb,props_k,Chris Sale Over 5.5 K,0.629,,,,,0,,W,historique-results.json,2026-06-20|mlb|props_k|Chris Sale Over 5.5 K|hist,2026-06-20,,Milwaukee Brewers @ Atlanta Braves,,Chris Sale,5.5,6,,,,,,,import results.json,,,1,,,,,
2026-06-20,mlb,mlb_hits,Michael Harris II — Coups surs Over 0.5,0.552,,,,,0,,W,historique-results.json,2026-06-20|mlb|mlb_hits|Michael Harris II — Coups surs Over 0.5|hist,2026-06-20,,Milwaukee Brewers @ Atlanta Braves,,,,,,,,,,,import results.json,2,,1,,,,,
2026-06-20,mlb,mlb_total_bases,Byron Buxton — Buts totaux Over 1.5,0.66,,,,,0,,W,historique-results.json,2026-06-20|mlb|mlb_total_bases|Byron Buxton — Buts totaux Over 1.5|hist,2026-06-20,,Minnesota Twins @ Arizona Diamondbacks,,,,,,,,,,,import results.json,1.84,,1,,,,,
2026-06-20,mlb,mlb_runs_scored,Vladimir Guerrero Jr. — Runs marques Over 0.5,0.276,,,,,0,,VOID,historique-results.json,2026-06-20|mlb|mlb_runs_scored|Vladimir Guerrero Jr. — Runs marques Over 0.5|hist,2026-06-20,,Toronto Blue Jays @ Chicago Cubs,,,,,,,,,,,import results.json,4.1,,1,,,,,
2026-06-20,mlb,mlb_hits,Fernando Tatis Jr. — Coups surs Over 0.5,0.665,,,,,0,,W,historique-results.json,2026-06-20|mlb|mlb_hits|Fernando Tatis Jr. — Coups surs Over 0.5|hist,2026-06-20,,San Diego Padres @ Texas Rangers,,,,,,,,,,,import results.json,,,1,,,,,
2026-06-20,mlb,mlb_total_bases,Fernando Tatis Jr. — Buts totaux Over 1.0,0.659,,,,,0,,W,historique-results.json,2026-06-20|mlb|mlb_total_bases|Fernando Tatis Jr. — Buts totaux Over 1.0|hist,2026-06-20,,San Diego Padres @ Texas Rangers,,,,,,,,,,,import results.json,,,1,,,,,
2026-06-20,mlb,props_k,Max Meyer Over 6.5 K,0.61,,,,,0,,W,historique-results.json,2026-06-20|mlb|props_k|Max Meyer Over 6.5 K|hist,2026-06-20,,San Francisco Giants @ Miami Marlins,,Max Meyer,6.5,7,,,,,,,import results.json,,,1,,,,,
2026-06-20,mlb,props_k,Paul Skenes Over 8.5 K,0.602,,,,,0,,L,historique-results.json,2026-06-20|mlb|props_k|Paul Skenes Over 8.5 K|hist,2026-06-20,,Pittsburgh Pirates @ Colorado Rockies,,Paul Skenes,8.5,9,,,,,,,import results.json,,,1,,,,,
2026-06-20,mlb,props_k,Yoshinobu Yamamoto Over 5.5 K,0.614,,,,,0,,W,historique-results.json,2026-06-20|mlb|props_k|Yoshinobu Yamamoto Over 5.5 K|hist,2026-06-20,,Baltimore Orioles @ Los Angeles Dodgers,,Yoshinobu Yamamoto,5.5,6,,,,,,,import results.json,,,1,,,,,
2026-06-20,mlb,props_k,Connelly Early Over 4.5 K,0.671,,,,,0,,W,historique-results.json,2026-06-20|mlb|props_k|Connelly Early Over 4.5 K|hist,2026-06-20,,Boston Red Sox @ Seattle Mariners,,Connelly Early,4.5,5,,,,,,,import results.json,,,1,,,,,
2026-06-19,mlb,props_k,Kevin Gausman Over 5.5 K,0.644,,,,,0,,L,historique-results.json,2026-06-19|mlb|props_k|Kevin Gausman Over 5.5 K|hist,2026-06-19,,Toronto Blue Jays @ Chicago Cubs,,Kevin Gausman,5.5,6,,,,,,,import results.json,,,1,,,,,
2026-06-19,mlb,props_k,Jacob Misiorowski Over 8.5 K,0.691,,,,,0,,L,historique-results.json,2026-06-19|mlb|props_k|Jacob Misiorowski Over 8.5 K|hist,2026-06-19,,Milwaukee Brewers @ Atlanta Braves,,Jacob Misiorowski,8.5,9,,,,,,,import results.json,,,1,,,,,
2026-06-19,mlb,mlb_total_bases,Fernando Tatis Jr. — Buts totaux Over 1.5,0.458,,,,,0,,L,historique-results.json,2026-06-19|mlb|mlb_total_bases|Fernando Tatis Jr. — Buts totaux Over 1.5|hist,2026-06-19,,San Diego Padres @ Texas Rangers,,,,,,,,,,,import results.json,2.36,,1,,,,,
2026-06-19,mlb,mlb_hits,Yordan Alvarez — Coups surs Over 0.5,0.761,,,,,0,,W,historique-results.json,2026-06-19|mlb|mlb_hits|Yordan Alvarez — Coups surs Over 0.5|hist,2026-06-19,,Cleveland Guardians @ Houston Astros,,,,,,,,,,,import results.json,1.42,,1,,,,,
2026-06-19,mlb,props_k,Reid Detmers Over 6.5 K,0.626,,,,,0,,VOID,historique-results.json,2026-06-19|mlb|props_k|Reid Detmers Over 6.5 K|hist,2026-06-19,,Los Angeles Angels @ Athletics,,Reid Detmers,6.5,7,,,,,,,import results.json,,,1,,,,,
2026-06-19,mlb,mlb_hits,Matt Olson — Coups surs Over 0.5,0.613,,,,,0,,L,historique-results.json,2026-06-19|mlb|mlb_hits|Matt Olson — Coups surs Over 0.5|hist,2026-06-19,,Milwaukee Brewers @ Atlanta Braves,,,,,,,,,,,import results.json,1.77,,1,,,,,
2026-06-19,mlb,mlb_hits,Yordan Alvarez — Coups surs Over 1.5,0.424,,,,,0,,L,historique-results.json,2026-06-19|mlb|mlb_hits|Yordan Alvarez — Coups surs Over 1.5|hist,2026-06-19,,Cleveland Guardians @ Houston Astros,,,,,,,,,,,import results.json,2.93,,1,,,,,
2026-06-19,mlb,mlb_total_bases,Yordan Alvarez — Buts totaux Over 1.5,0.704,,,,,0,,L,historique-results.json,2026-06-19|mlb|mlb_total_bases|Yordan Alvarez — Buts totaux Over 1.5|hist,2026-06-19,,Cleveland Guardians @ Houston Astros,,,,,,,,,,,import results.json,1.83,,1,,,,,
2026-06-19,mlb,mlb_runs_scored,Vladimir Guerrero Jr. — Runs marques Over 0.5,0.276,,,,,0,,VOID,historique-results.json,2026-06-19|mlb|mlb_runs_scored|Vladimir Guerrero Jr. — Runs marques Over 0.5|hist,2026-06-19,,Toronto Blue Jays @ Chicago Cubs,,,,,,,,,,,import results.json,4.25,,1,,,,,
2026-06-19,mlb,props_k,Tarik Skubal Over 5.5 K,0.633,,,,,0,,W,historique-results.json,2026-06-19|mlb|props_k|Tarik Skubal Over 5.5 K|hist,2026-06-19,,Chicago White Sox @ Detroit Tigers,,Tarik Skubal,5.5,6,,,,,,,import results.json,,,1,,,,,
2026-06-19,mlb,mlb_total_bases,Jazz Chisholm Jr. — Buts totaux Over 1.0,0.612,,,,,0,,W,historique-results.json,2026-06-19|mlb|mlb_total_bases|Jazz Chisholm Jr. — Buts totaux Over 1.0|hist,2026-06-19,,Cincinnati Reds @ New York Yankees,,,,,,,,,,,import results.json,,,1,,,,,
2026-06-19,mlb,props_k,Griffin Jax Over 4.5 K,0.664,,,,,0,,W,historique-results.json,2026-06-19|mlb|props_k|Griffin Jax Over 4.5 K|hist,2026-06-19,,Washington Nationals @ Tampa Bay Rays,,Griffin Jax,4.5,5,,,,,,,import results.json,,,1,,,,,
2026-06-19,mlb,props_k,Jacob Degrom Over 4.5 K,0.616,,,,,0,,W,historique-results.json,2026-06-19|mlb|props_k|Jacob Degrom Over 4.5 K|hist,2026-06-19,,San Diego Padres @ Texas Rangers,,Jacob Degrom,4.5,5,,,,,,,import results.json,,,1,,,,,
2026-06-19,mlb,props_k,Tatsuya Imai Over 4.5 K,0.66,,,,,0,,W,historique-results.json,2026-06-19|mlb|props_k|Tatsuya Imai Over 4.5 K|hist,2026-06-19,,Cleveland Guardians @ Houston Astros,,Tatsuya Imai,4.5,5,,,,,,,import results.json,,,1,,,,,
2026-06-18,mlb,props_k,Matthew Liberatore Over 4.5 K,0.672,,,,,0,,L,historique-results.json,2026-06-18|mlb|props_k|Matthew Liberatore Over 4.5 K|hist,2026-06-18,,St. Louis Cardinals @ Kansas City Royals,,Matthew Liberatore,4.5,5,,,,,,,import results.json,,,1,,,,,
2026-06-18,mlb,props_k,Noah Cameron Over 4.5 K,0.657,,,,,0,,W,historique-results.json,2026-06-18|mlb|props_k|Noah Cameron Over 4.5 K|hist,2026-06-18,,St. Louis Cardinals @ Kansas City Royals,,Noah Cameron,4.5,5,,,,,,,import results.json,,,1,,,,,
2026-06-18,mlb,props_k,Reid Detmers Over 6.5 K,0.626,,,,,0,,VOID,historique-results.json,2026-06-18|mlb|props_k|Reid Detmers Over 6.5 K|hist,2026-06-18,,Los Angeles Angels @ Athletics,,Reid Detmers,6.5,7,,,,,,,import results.json,,,1,,,,,
2026-06-18,mlb,mlb_total_bases,Michael Harris II — Buts totaux Over 1.5,0.544,,,,,0,,VOID,historique-results.json,2026-06-18|mlb|mlb_total_bases|Michael Harris II — Buts totaux Over 1.5|hist,2026-06-18,,San Francisco Giants @ Atlanta Braves,,,,,,,,,,,import results.json,2.2,,1,,,,,
2026-06-18,mlb,mlb_total_bases,Byron Buxton — Buts totaux Over 1.5,0.662,,,,,0,,L,historique-results.json,2026-06-18|mlb|mlb_total_bases|Byron Buxton — Buts totaux Over 1.5|hist,2026-06-18,,Minnesota Twins @ Texas Rangers,,,,,,,,,,,import results.json,1.94,,1,,,,,
2026-06-18,mlb,props_k,Trey Yesavage Over 4.5 K,0.681,,,,,0,,W,historique-results.json,2026-06-18|mlb|props_k|Trey Yesavage Over 4.5 K|hist,2026-06-18,,Toronto Blue Jays @ Boston Red Sox,,Trey Yesavage,4.5,5,,,,,,,import results.json,,,1,,,,,
2026-06-18,mlb,props_k,Joe Ryan Over 7.5 K,0.637,,,,,0,,L,historique-results.json,2026-06-18|mlb|props_k|Joe Ryan Over 7.5 K|hist,2026-06-18,,Minnesota Twins @ Texas Rangers,,Joe Ryan,7.5,8,,,,,,,import results.json,,,1,,,,,
2026-06-18,mlb,props_k,Aaron Nola Over 4.5 K,0.675,,,,,0,,W,historique-results.json,2026-06-18|mlb|props_k|Aaron Nola Over 4.5 K|hist,2026-06-18,,New York Mets @ Philadelphia Phillies,,Aaron Nola,4.5,5,,,,,,,import results.json,,,1,,,,,
2026-06-17,mlb,mlb_total_bases,Freddie Freeman — Buts totaux Over 1.5,0.544,,,,,0,,W,historique-results.json,2026-06-17|mlb|mlb_total_bases|Freddie Freeman — Buts totaux Over 1.5|hist,2026-06-17,,Tampa Bay Rays @ Los Angeles Dodgers,,,,,,,,,,,import results.json,2.22,,1,,,,,
2026-06-17,mlb,props_k,Shohei Ohtani Over 5.5 K,0.607,,,,,0,,L,historique-results.json,2026-06-17|mlb|props_k|Shohei Ohtani Over 5.5 K|hist,2026-06-17,,Tampa Bay Rays @ Los Angeles Dodgers,,Shohei Ohtani,5.5,6,,,,,,,import results.json,,,1,,,,,
2026-06-17,mlb,props_k,Carlos Rodón Over 4.5 K,0.654,,,,,0,,W,historique-results.json,2026-06-17|mlb|props_k|Carlos Rodón Over 4.5 K|hist,2026-06-17,,Chicago White Sox @ New York Yankees,,Carlos Rodón,4.5,5,,,,,,,import results.json,,,1,,,,,
2026-06-17,mlb,mlb_hits,Yordan Alvarez — Coups surs Over 0.5,0.749,,,,,0,,W,historique-results.json,2026-06-17|mlb|mlb_hits|Yordan Alvarez — Coups surs Over 0.5|hist,2026-06-17,,Detroit Tigers @ Houston Astros,,,,,,,,,,,import results.json,1.45,,1,,,,,
2026-06-17,mlb,props_k,Sandy Alcantara Over 4.5 K,0.641,,,,,0,,W,historique-results.json,2026-06-17|mlb|props_k|Sandy Alcantara Over 4.5 K|hist,2026-06-17,,Miami Marlins @ Philadelphia Phillies,,Sandy Alcantara,4.5,5,,,,,,,import results.json,,,1,,,,,
2026-06-17,mlb,props_k,Shane Mcclanahan Over 4.5 K,0.651,,,,,0,,L,historique-results.json,2026-06-17|mlb|props_k|Shane Mcclanahan Over 4.5 K|hist,2026-06-17,,Tampa Bay Rays @ Los Angeles Dodgers,,Shane Mcclanahan,4.5,5,,,,,,,import results.json,,,1,,,,,
2026-06-17,mlb,props_k,Paul Skenes Over 7.5 K,0.644,,,,,0,,VOID,historique-results.json,2026-06-17|mlb|props_k|Paul Skenes Over 7.5 K|hist,2026-06-17,,Pittsburgh Pirates @ Athletics,,Paul Skenes,7.5,8,,,,,,,import results.json,,,1,,,,,
2026-06-17,mlb,mlb_runs_scored,Freddie Freeman — Runs marques Over 0.5,0.336,,,,,0,,VOID,historique-results.json,2026-06-17|mlb|mlb_runs_scored|Freddie Freeman — Runs marques Over 0.5|hist,2026-06-17,,Tampa Bay Rays @ Los Angeles Dodgers,,,,,,,,,,,import results.json,3.4,,1,,,,,
2026-06-17,mlb,mlb_hits,Freddie Freeman — Coups surs Over 0.5,0.638,,,,,0,,W,historique-results.json,2026-06-17|mlb|mlb_hits|Freddie Freeman — Coups surs Over 0.5|hist,2026-06-17,,Tampa Bay Rays @ Los Angeles Dodgers,,,,,,,,,,,import results.json,,,1,,,,,
2026-06-17,mlb,props_k,Shohei Ohtani Over 5.5 K,0.614,,,,,0,,L,historique-results.json,2026-06-17|mlb|props_k|Shohei Ohtani Over 5.5 K|hist,2026-06-17,,Tampa Bay Rays @ Los Angeles Dodgers,,Shohei Ohtani,5.5,6,,,,,,,import results.json,,,1,,,,,
2026-06-17,mlb,props_k,Carlos Rodón Over 5.5 K,0.644,,,,,0,,W,historique-results.json,2026-06-17|mlb|props_k|Carlos Rodón Over 5.5 K|hist,2026-06-17,,Chicago White Sox @ New York Yankees,,Carlos Rodón,5.5,6,,,,,,,import results.json,,,1,,,,,
2026-06-17,mlb,mlb_hits,Matt Olson — Coups surs Over 0.5,0.567,,,,,0,,W,historique-results.json,2026-06-17|mlb|mlb_hits|Matt Olson — Coups surs Over 0.5|hist,2026-06-17,,San Francisco Giants @ Atlanta Braves,,,,,,,,,,,import results.json,2.15,,1,,,,,
2026-06-16,mlb,props_k,Zebby Matthews Over 4.5 K,0.667,,,,,0,,L,historique-results.json,2026-06-16|mlb|props_k|Zebby Matthews Over 4.5 K|hist,2026-06-16,,Minnesota Twins @ Texas Rangers,,Zebby Matthews,4.5,5,,,,,,,import results.json,,,1,,,,,
2026-06-16,mlb,props_k,Kodai Senga Over 5.5 K,0.654,,,,,0,,L,historique-results.json,2026-06-16|mlb|props_k|Kodai Senga Over 5.5 K|hist,2026-06-16,,New York Mets @ Cincinnati Reds,,Kodai Senga,5.5,6,,,,,,,import results.json,,,1,,,,,
2026-06-16,mlb,props_k,Hunter Brown Over 7.5 K,0.581,,,,,0,,L,historique-results.json,2026-06-16|mlb|props_k|Hunter Brown Over 7.5 K|hist,2026-06-16,,Detroit Tigers @ Houston Astros,,Hunter Brown,7.5,8,,,,,,,import results.json,,,1,,,,,
2026-06-16,mlb,props_k,Paul Skenes Over 7.5 K,0.602,,,,,0,,VOID,historique-results.json,2026-06-16|mlb|props_k|Paul Skenes Over 7.5 K|hist,2026-06-16,,Pittsburgh Pirates @ Athletics,,Paul Skenes,7.5,8,,,,,,,import results.json,,,1,,,,,
2026-06-16,mlb,mlb_runs_scored,Gunnar Henderson — Runs marques Over 0.5,0.293,,,,,0,,VOID,historique-results.json,2026-06-16|mlb|mlb_runs_scored|Gunnar Henderson — Runs marques Over 0.5|hist,2026-06-16,,Baltimore Orioles @ Seattle Mariners,,,,,,,,,,,import results.json,3.85,,1,,,,,
2026-06-16,mlb,props_k,Justin Wrobleski Over 4.5 K,0.675,,,,,0,,W,historique-results.json,2026-06-16|mlb|props_k|Justin Wrobleski Over 4.5 K|hist,2026-06-16,,Tampa Bay Rays @ Los Angeles Dodgers,,Justin Wrobleski,4.5,5,,,,,,,import results.json,,,1,,,,,
2026-06-16,mlb,props_k,Drew Rasmussen Over 5.5 K,0.584,,,,,0,,W,historique-results.json,2026-06-16|mlb|props_k|Drew Rasmussen Over 5.5 K|hist,2026-06-16,,Tampa Bay Rays @ Los Angeles Dodgers,,Drew Rasmussen,5.5,6,,,,,,,import results.json,,,1,,,,,
2026-06-16,mlb,props_k,Reid Detmers Over 8.5 K,0.615,,,,,0,,L,historique-results.json,2026-06-16|mlb|props_k|Reid Detmers Over 8.5 K|hist,2026-06-16,,Los Angeles Angels @ Arizona Diamondbacks,,Reid Detmers,8.5,9,,,,,,,import results.json,,,1,,,,,
2026-06-16,mlb,props_k,Logan Gilbert Over 5.5 K,0.605,,,,,0,,W,historique-results.json,2026-06-16|mlb|props_k|Logan Gilbert Over 5.5 K|hist,2026-06-16,,Baltimore Orioles @ Seattle Mariners,,Logan Gilbert,5.5,6,,,,,,,import results.json,,,1,,,,,
2026-06-15,mlb,props_k,Walbert Ureña Over 4.5 K,0.675,,,,,0,,L,historique-results.json,2026-06-15|mlb|props_k|Walbert Ureña Over 4.5 K|hist,2026-06-15,,Los Angeles Angels @ Arizona Diamondbacks,,Walbert Ureña,4.5,5,,,,,,,import results.json,,,1,,,,,
2026-06-15,mlb,props_k,Paul Skenes Over 7.5 K,0.602,,,,,0,,VOID,historique-results.json,2026-06-15|mlb|props_k|Paul Skenes Over 7.5 K|hist,2026-06-15,,Pittsburgh Pirates @ Athletics,,Paul Skenes,7.5,8,,,,,,,import results.json,,,1,,,,,
2026-06-15,mlb,props_k,Zack Wheeler Over 5.5 K,0.631,,,,,0,,W,historique-results.json,2026-06-15|mlb|props_k|Zack Wheeler Over 5.5 K|hist,2026-06-15,,Miami Marlins @ Philadelphia Phillies,,Zack Wheeler,5.5,6,,,,,,,import results.json,,,1,,,,,
2026-06-15,mlb,props_k,Chase Burns Over 6.5 K,0.67,,,,,0,,W,historique-results.json,2026-06-15|mlb|props_k|Chase Burns Over 6.5 K|hist,2026-06-15,,New York Mets @ Cincinnati Reds,,Chase Burns,6.5,7,,,,,,,import results.json,,,1,,,,,
2026-06-15,mlb,props_k,Dustin May Over 5.5 K,0.62,,,,,0,,W,historique-results.json,2026-06-15|mlb|props_k|Dustin May Over 5.5 K|hist,2026-06-15,,San Diego Padres @ St. Louis Cardinals,,Dustin May,5.5,6,,,,,,,import results.json,,,1,,,,,
2026-06-15,mlb,mlb_total_bases,Yordan Alvarez — Buts totaux Over 1.5,0.669,,,,,0,,W,historique-results.json,2026-06-15|mlb|mlb_total_bases|Yordan Alvarez — Buts totaux Over 1.5|hist,2026-06-15,,Detroit Tigers @ Houston Astros,,,,,,,,,,,import results.json,1.91,,1,,,,,
2026-06-15,mlb,mlb_runs_scored,Bryce Harper — Runs marques Over 0.5,0.336,,,,,0,,VOID,historique-results.json,2026-06-15|mlb|mlb_runs_scored|Bryce Harper — Runs marques Over 0.5|hist,2026-06-15,,Miami Marlins @ Philadelphia Phillies,,,,,,,,,,,import results.json,3.35,,1,,,,,
2026-06-14,nhl,nhl_total,Over 5.5,0.601,,,,,0,,L,historique-results.json,2026-06-14|nhl|nhl_total|Over 5.5|hist,2026-06-14,,Carolina Hurricanes @ Vegas Golden Knights,,,,,,,,,,,import results.json,1.77,,1,,,,,
2026-06-14,nhl,nhl_points,Tomas Hertl — Points Over 0.5,0.56,,,,,0,,L,historique-results.json,2026-06-14|nhl|nhl_points|Tomas Hertl — Points Over 0.5|hist,2026-06-14,,Carolina Hurricanes @ Vegas Golden Knights,,,,,,,,,,,import results.json,2.05,,1,,,,,
2026-06-14,nhl,nhl_points,Jordan Staal — Points Over 0.5,0.552,,,,,0,,L,historique-results.json,2026-06-14|nhl|nhl_points|Jordan Staal — Points Over 0.5|hist,2026-06-14,,Carolina Hurricanes @ Vegas Golden Knights,,,,,,,,,,,import results.json,2.05,,1,,,,,
2026-06-14,mlb,mlb_total_bases,Fernando Tatis Jr. — Buts totaux Over 1.5,0.644,,,,,0,,W,historique-results.json,2026-06-14|mlb|mlb_total_bases|Fernando Tatis Jr. — Buts totaux Over 1.5|hist,2026-06-14,,San Diego Padres @ Baltimore Orioles,,,,,,,,,,,import results.json,2.01,,1,,,,,
2026-06-14,mlb,mlb_hits,Fernando Tatis Jr. — Coups surs Over 1.5,0.418,,,,,0,,W,historique-results.json,2026-06-14|mlb|mlb_hits|Fernando Tatis Jr. — Coups surs Over 1.5|hist,2026-06-14,,San Diego Padres @ Baltimore Orioles,,,,,,,,,,,import results.json,2.88,,1,,,,,
2026-06-14,mlb,mlb_total_bases,Jazz Chisholm Jr. — Buts totaux Over 1.5,0.488,,,,,0,,VOID,historique-results.json,2026-06-14|mlb|mlb_total_bases|Jazz Chisholm Jr. — Buts totaux Over 1.5|hist,2026-06-14,,New York Yankees @ Toronto Blue Jays,,,,,,,,,,,import results.json,2.22,,1,,,,,
2026-06-14,mlb,props_k,Emmet Sheehan Over 5.5 K,0.59,,,,,0,,W,historique-results.json,2026-06-14|mlb|props_k|Emmet Sheehan Over 5.5 K|hist,2026-06-14,,Los Angeles Dodgers @ Chicago White Sox,,Emmet Sheehan,5.5,6,,,,,,,import results.json,,,1,,,,,
2026-06-14,mlb,props_k,Kyle Harrison Over 6.5 K,0.63,,,,,0,,L,historique-results.json,2026-06-14|mlb|props_k|Kyle Harrison Over 6.5 K|hist,2026-06-14,,Philadelphia Phillies @ Milwaukee Brewers,,Kyle Harrison,6.5,7,,,,,,,import results.json,,,1,,,,,
2026-06-14,mlb,props_k,Cristopher Sánchez Over 7.5 K,0.598,,,,,0,,L,historique-results.json,2026-06-14|mlb|props_k|Cristopher Sánchez Over 7.5 K|hist,2026-06-14,,Philadelphia Phillies @ Milwaukee Brewers,,Cristopher Sánchez,7.5,8,,,,,,,import results.json,,,1,,,,,
2026-06-14,mlb,mlb_total_bases,Yordan Alvarez — Buts totaux Over 1.5,0.661,,,,,0,,L,historique-results.json,2026-06-14|mlb|mlb_total_bases|Yordan Alvarez — Buts totaux Over 1.5|hist,2026-06-14,,Houston Astros @ Kansas City Royals,,,,,,,,,,,import results.json,1.9,,1,,,,,
2026-06-14,mlb,props_k,Max Meyer Over 5.5 K,0.652,,,,,0,,W,historique-results.json,2026-06-14|mlb|props_k|Max Meyer Over 5.5 K|hist,2026-06-14,,Miami Marlins @ Pittsburgh Pirates,,Max Meyer,5.5,6,,,,,,,import results.json,,,1,,,,,
2026-06-14,mlb,props_k,Max Meyer Over 6.5 K,0.597,,,,,0,,W,historique-results.json,2026-06-14|mlb|props_k|Max Meyer Over 6.5 K|hist,2026-06-14,,Miami Marlins @ Pittsburgh Pirates,,Max Meyer,6.5,7,,,,,,,import results.json,,,1,,,,,
2026-06-14,mlb,props_k,Paul Skenes Over 7.5 K,0.596,,,,,0,,W,historique-results.json,2026-06-14|mlb|props_k|Paul Skenes Over 7.5 K|hist,2026-06-14,,Miami Marlins @ Pittsburgh Pirates,,Paul Skenes,7.5,8,,,,,,,import results.json,,,1,,,,,
2026-06-14,mlb,mlb_runs_scored,Gunnar Henderson — Runs marques Over 0.5,0.316,,,,,0,,VOID,historique-results.json,2026-06-14|mlb|mlb_runs_scored|Gunnar Henderson — Runs marques Over 0.5|hist,2026-06-14,,San Diego Padres @ Baltimore Orioles,,,,,,,,,,,import results.json,4.1,,1,,,,,
2026-06-14,mlb,props_k,Kyle Harrison Over 5.5 K,0.639,,,,,0,,L,historique-results.json,2026-06-14|mlb|props_k|Kyle Harrison Over 5.5 K|hist,2026-06-14,,Philadelphia Phillies @ Milwaukee Brewers,,Kyle Harrison,5.5,6,,,,,,,import results.json,,,1,,,,,
2026-06-14,mlb,props_k,Cristopher Sánchez Over 7.5 K,0.583,,,,,0,,L,historique-results.json,2026-06-14|mlb|props_k|Cristopher Sánchez Over 7.5 K|hist,2026-06-14,,Philadelphia Phillies @ Milwaukee Brewers,,Cristopher Sánchez,7.5,8,,,,,,,import results.json,,,1,,,,,
2026-06-14,mlb,props_k,Logan Webb Over 4.5 K,0.654,,,,,0,,W,historique-results.json,2026-06-14|mlb|props_k|Logan Webb Over 4.5 K|hist,2026-06-14,,Chicago Cubs @ San Francisco Giants,,Logan Webb,4.5,5,,,,,,,import results.json,,,1,,,,,
2026-06-14,mlb,props_k,Connelly Early Over 5.5 K,0.607,,,,,0,,L,historique-results.json,2026-06-14|mlb|props_k|Connelly Early Over 5.5 K|hist,2026-06-14,,Texas Rangers @ Boston Red Sox,,Connelly Early,5.5,6,,,,,,,import results.json,,,1,,,,,
2026-06-13,nba,nba_ast,Devin Vassell — Passes Over 2.5,0.54,,,,,0,,L,historique-results.json,2026-06-13|nba|nba_ast|Devin Vassell — Passes Over 2.5|hist,2026-06-13,,New York Knicks @ San Antonio Spurs,,,,,,,,,,,import results.json,2.13,,1,,,,,
2026-06-13,nba,nba_pra,Josh Hart — Pts+Reb+Ast Over 22.5,0.613,,,,,0,,VOID,historique-results.json,2026-06-13|nba|nba_pra|Josh Hart — Pts+Reb+Ast Over 22.5|hist,2026-06-13,,New York Knicks @ San Antonio Spurs,,,,,,,,,,,import results.json,1.84,,1,,,,,
2026-06-13,nba,nba_ast,Jalen Brunson — Passes Over 5.5,0.612,,,,,0,,VOID,historique-results.json,2026-06-13|nba|nba_ast|Jalen Brunson — Passes Over 5.5|hist,2026-06-13,,New York Knicks @ San Antonio Spurs,,,,,,,,,,,import results.json,1.75,,1,,,,,
2026-06-13,mlb,mlb_total_bases,Byron Buxton — Buts totaux Over 1.5,0.631,,,,,0,,W,historique-results.json,2026-06-13|mlb|mlb_total_bases|Byron Buxton — Buts totaux Over 1.5|hist,2026-06-13,,St. Louis Cardinals @ Minnesota Twins,,,,,,,,,,,import results.json,1.98,,1,,,,,
2026-06-13,mlb,props_k,Cade Cavalli Over 5.5 K,0.595,,,,,0,,L,historique-results.json,2026-06-13|mlb|props_k|Cade Cavalli Over 5.5 K|hist,2026-06-13,,Seattle Mariners @ Washington Nationals,,Cade Cavalli,5.5,6,,,,,,,import results.json,,,1,,,,,
2026-06-13,mlb,props_k,Luis Castillo Over 4.5 K,0.591,,,,,0,,L,historique-results.json,2026-06-13|mlb|props_k|Luis Castillo Over 4.5 K|hist,2026-06-13,,Seattle Mariners @ Washington Nationals,,Luis Castillo,4.5,5,,,,,,,import results.json,,,1,,,,,
2026-06-13,mlb,props_k,Sean Burke Over 4.5 K,0.635,,,,,0,,W,historique-results.json,2026-06-13|mlb|props_k|Sean Burke Over 4.5 K|hist,2026-06-13,,Los Angeles Dodgers @ Chicago White Sox,,Sean Burke,4.5,5,,,,,,,import results.json,,,1,,,,,
2026-06-13,mlb,props_k,Bubba Chandler Over 4.5 K,0.605,,,,,0,,W,historique-results.json,2026-06-13|mlb|props_k|Bubba Chandler Over 4.5 K|hist,2026-06-13,,Miami Marlins @ Pittsburgh Pirates,,Bubba Chandler,4.5,5,,,,,,,import results.json,,,1,,,,,
2026-06-13,mlb,mlb_total_bases,Michael Harris II — Buts totaux Over 1.5,0.572,,,,,0,,L,historique-results.json,2026-06-13|mlb|mlb_total_bases|Michael Harris II — Buts totaux Over 1.5|hist,2026-06-13,,Atlanta Braves @ New York Mets,,,,,,,,,,,import results.json,2.26,,1,,,,,
2026-06-13,mlb,props_k,Yoshinobu Yamamoto Over 5.5 K,0.658,,,,,0,,W,historique-results.json,2026-06-13|mlb|props_k|Yoshinobu Yamamoto Over 5.5 K|hist,2026-06-13,,Los Angeles Dodgers @ Chicago White Sox,,Yoshinobu Yamamoto,5.5,6,,,,,,,import results.json,,,1,,,,,
2026-06-13,mlb,props_k,Cam Schlittler Over 5.5 K,0.6,,,,,0,,W,historique-results.json,2026-06-13|mlb|props_k|Cam Schlittler Over 5.5 K|hist,2026-06-13,,New York Yankees @ Toronto Blue Jays,,Cam Schlittler,5.5,6,,,,,,,import results.json,,,1,,,,,
2026-06-13,mlb,props_k,Matthew Liberatore Over 4.5 K,0.684,,,,,0,,L,historique-results.json,2026-06-13|mlb|props_k|Matthew Liberatore Over 4.5 K|hist,2026-06-13,,St. Louis Cardinals @ Minnesota Twins,,Matthew Liberatore,4.5,5,,,,,,,import results.json,,,1,,,,,
2026-06-13,mlb,mlb_hits,Byron Buxton — Coups surs Over 0.5,0.608,,,,,0,,W,historique-results.json,2026-06-13|mlb|mlb_hits|Byron Buxton — Coups surs Over 0.5|hist,2026-06-13,,St. Louis Cardinals @ Minnesota Twins,,,,,,,,,,,import results.json,,,1,,,,,
2026-06-13,mlb,props_k,Kevin Gausman Over 4.5 K,0.676,,,,,0,,W,historique-results.json,2026-06-13|mlb|props_k|Kevin Gausman Over 4.5 K|hist,2026-06-13,,New York Yankees @ Toronto Blue Jays,,Kevin Gausman,4.5,5,,,,,,,import results.json,,,1,,,,,
2026-06-13,mlb,props_k,Tarik Skubal Over 5.5 K,0.657,,,,,0,,L,historique-results.json,2026-06-13|mlb|props_k|Tarik Skubal Over 5.5 K|hist,2026-06-13,,Detroit Tigers @ Cleveland Guardians,,Tarik Skubal,5.5,6,,,,,,,import results.json,,,1,,,,,
2026-06-13,mlb,props_k,Luis Castillo Over 4.5 K,0.664,,,,,0,,L,historique-results.json,2026-06-13|mlb|props_k|Luis Castillo Over 4.5 K|hist,2026-06-13,,Seattle Mariners @ Washington Nationals,,Luis Castillo,4.5,5,,,,,,,import results.json,,,1,,,,,
2026-06-13,mlb,mlb_total_bases,Yordan Alvarez — Buts totaux Over 1.5,0.728,,,,,0,,W,historique-results.json,2026-06-13|mlb|mlb_total_bases|Yordan Alvarez — Buts totaux Over 1.5|hist,2026-06-13,,Houston Astros @ Kansas City Royals,,,,,,,,,,,import results.json,1.78,,1,,,,,
2026-06-13,mlb,props_k,Noah Cameron Over 4.5 K,0.681,,,,,0,,L,historique-results.json,2026-06-13|mlb|props_k|Noah Cameron Over 4.5 K|hist,2026-06-13,,Houston Astros @ Kansas City Royals,,Noah Cameron,4.5,5,,,,,,,import results.json,,,1,,,,,
2026-06-13,mlb,mlb_runs_scored,Bryce Harper — Runs marques Over 0.5,0.324,,,,,0,,VOID,historique-results.json,2026-06-13|mlb|mlb_runs_scored|Bryce Harper — Runs marques Over 0.5|hist,2026-06-13,,Philadelphia Phillies @ Milwaukee Brewers,,,,,,,,,,,import results.json,3.4,,1,,,,,
2026-06-12,mlb,props_k,Jack Leiter Over 4.5 K,0.609,,,,,0,,L,historique-results.json,2026-06-12|mlb|props_k|Jack Leiter Over 4.5 K|hist,2026-06-12,,Texas Rangers @ Boston Red Sox,,Jack Leiter,4.5,5,,,,,,,import results.json,,,1,,,,,
2026-06-12,mlb,props_k,Jack Flaherty Over 5.5 K,0.584,,,,,0,,VOID,historique-results.json,2026-06-12|mlb|props_k|Jack Flaherty Over 5.5 K|hist,2026-06-12,,Detroit Tigers @ Cleveland Guardians,,Jack Flaherty,5.5,6,,,,,,,import results.json,,,1,,,,,
2026-06-12,mlb,mlb_total_bases,Michael Harris II — Buts totaux Over 1.5,0.572,,,,,0,,L,historique-results.json,2026-06-12|mlb|mlb_total_bases|Michael Harris II — Buts totaux Over 1.5|hist,2026-06-12,,Atlanta Braves @ New York Mets,,,,,,,,,,,import results.json,2.15,,1,,,,,
2026-06-12,mlb,mlb_total_bases,Jazz Chisholm Jr. — Buts totaux Over 1.5,0.56,,,,,0,,L,historique-results.json,2026-06-12|mlb|mlb_total_bases|Jazz Chisholm Jr. — Buts totaux Over 1.5|hist,2026-06-12,,New York Yankees @ Toronto Blue Jays,,,,,,,,,,,import results.json,2.2,,1,,,,,
2026-06-12,mlb,props_k,Ryan Weathers Over 5.5 K,0.592,,,,,0,,L,historique-results.json,2026-06-12|mlb|props_k|Ryan Weathers Over 5.5 K|hist,2026-06-12,,New York Yankees @ Toronto Blue Jays,,Ryan Weathers,5.5,6,,,,,,,import results.json,,,1,,,,,
2026-06-12,mlb,mlb_total_bases,Freddie Freeman — Buts totaux Over 1.5,0.653,,,,,0,,L,historique-results.json,2026-06-12|mlb|mlb_total_bases|Freddie Freeman — Buts totaux Over 1.5|hist,2026-06-12,,Los Angeles Dodgers @ Chicago White Sox,,,,,,,,,,,import results.json,1.98,,1,,,,,
2026-06-12,mlb,props_k,Roki Sasaki Over 5.5 K,0.579,,,,,0,,L,historique-results.json,2026-06-12|mlb|props_k|Roki Sasaki Over 5.5 K|hist,2026-06-12,,Los Angeles Dodgers @ Chicago White Sox,,Roki Sasaki,5.5,6,,,,,,,import results.json,,,1,,,,,
2026-06-12,mlb,props_k,Shane Baz Over 4.5 K,0.583,,,,,0,,L,historique-results.json,2026-06-12|mlb|props_k|Shane Baz Over 4.5 K|hist,2026-06-12,,San Diego Padres @ Baltimore Orioles,,Shane Baz,4.5,5,,,,,,,import results.json,,,1,,,,,
2026-06-12,mlb,props_k,Braxton Ashcraft Over 5.5 K,0.652,,,,,0,,L,historique-results.json,2026-06-12|mlb|props_k|Braxton Ashcraft Over 5.5 K|hist,2026-06-12,,Miami Marlins @ Pittsburgh Pirates,,Braxton Ashcraft,5.5,6,,,,,,,import results.json,,,1,,,,,
2026-06-12,mlb,props_k,Jack Flaherty Over 5.5 K,0.672,,,,,0,,L,historique-results.json,2026-06-12|mlb|props_k|Jack Flaherty Over 5.5 K|hist,2026-06-12,,Detroit Tigers @ Cleveland Guardians,,Jack Flaherty,5.5,6,,,,,,,import results.json,,,1,,,,,
2026-06-12,mlb,props_k,Joe Ryan Over 5.5 K,0.642,,,,,0,,W,historique-results.json,2026-06-12|mlb|props_k|Joe Ryan Over 5.5 K|hist,2026-06-12,,St. Louis Cardinals @ Minnesota Twins,,Joe Ryan,5.5,6,,,,,,,import results.json,,,1,,,,,
2026-06-11,nhl,nhl_ml,Vegas Golden Knights ML,0.449,,,,,0,,L,historique-results.json,2026-06-11|nhl|nhl_ml|Vegas Golden Knights ML|hist,2026-06-11,,Vegas Golden Knights @ Carolina Hurricanes,,,,,,,,,,,import results.json,2.36,,1,,,,,
2026-06-11,nhl,nhl_shots,Mark Stone — Shots Over 1.5,0.731,,,,,0,,L,historique-results.json,2026-06-11|nhl|nhl_shots|Mark Stone — Shots Over 1.5|hist,2026-06-11,,Vegas Golden Knights @ Carolina Hurricanes,,,,,,,,,,,import results.json,1.6,,1,,,,,
2026-06-11,nhl,nhl_points,William Karlsson — Points Over 0.5,0.53,,,,,0,,L,historique-results.json,2026-06-11|nhl|nhl_points|William Karlsson — Points Over 0.5|hist,2026-06-11,,Vegas Golden Knights @ Carolina Hurricanes,,,,,,,,,,,import results.json,2.2,,1,,,,,
2026-06-11,nhl,nhl_points,Nikolaj Ehlers — Points Over 0.5,0.684,,,,,0,,W,historique-results.json,2026-06-11|nhl|nhl_points|Nikolaj Ehlers — Points Over 0.5|hist,2026-06-11,,Vegas Golden Knights @ Carolina Hurricanes,,,,,,,,,,,import results.json,1.69,,1,,,,,
2026-06-11,nhl,nhl_points,Ivan Barbashev — Points Over 0.5,0.516,,,,,0,,L,historique-results.json,2026-06-11|nhl|nhl_points|Ivan Barbashev — Points Over 0.5|hist,2026-06-11,,Vegas Golden Knights @ Carolina Hurricanes,,,,,,,,,,,import results.json,2.14,,1,,,,,
2026-06-11,mlb,mlb_total_bases,Freddie Freeman — Buts totaux Over 1.5,0.669,,,,,0,,L,historique-results.json,2026-06-11|mlb|mlb_total_bases|Freddie Freeman — Buts totaux Over 1.5|hist,2026-06-11,,Los Angeles Dodgers @ Pittsburgh Pirates,,,,,,,,,,,import results.json,1.87,,1,,,,,
2026-06-11,mlb,mlb_total_bases,Michael Harris II — Buts totaux Over 1.5,0.569,,,,,0,,VOID,historique-results.json,2026-06-11|mlb|mlb_total_bases|Michael Harris II — Buts totaux Over 1.5|hist,2026-06-11,,Atlanta Braves @ Chicago White Sox,,,,,,,,,,,import results.json,2.18,,1,,,,,
2026-06-11,mlb,props_k,Bryan Woo Over 6.5 K,0.589,,,,,0,,L,historique-results.json,2026-06-11|mlb|props_k|Bryan Woo Over 6.5 K|hist,2026-06-11,,Seattle Mariners @ Baltimore Orioles,,Bryan Woo,6.5,7,,,,,,,import results.json,,,1,,,,,
2026-06-11,nhl,nhl_total,Under 6.5,0.594,,,,,0,,W,historique-results.json,2026-06-11|nhl|nhl_total|Under 6.5|hist,2026-06-11,,Vegas Golden Knights @ Carolina Hurricanes,,,,,,,,,,,import results.json,1.77,,1,,,,,
2026-06-11,nhl,nhl_points,Mark Stone — Points Over 0.5,0.67,,,,,0,,L,historique-results.json,2026-06-11|nhl|nhl_points|Mark Stone — Points Over 0.5|hist,2026-06-11,,Vegas Golden Knights @ Carolina Hurricanes,,,,,,,,,,,import results.json,1.74,,1,,,,,
2026-06-11,mlb,props_k,Kyle Bradish Over 4.5 K,0.671,,,,,0,,W,historique-results.json,2026-06-11|mlb|props_k|Kyle Bradish Over 4.5 K|hist,2026-06-11,,Seattle Mariners @ Baltimore Orioles,,Kyle Bradish,4.5,5,,,,,,,import results.json,,,1,,,,,
2026-06-11,nhl,nhl_puck,Vegas Golden Knights +2.5,0.793,,,,,0,,W,historique-results.json,2026-06-11|nhl|nhl_puck|Vegas Golden Knights +2.5|hist,2026-06-11,,Vegas Golden Knights @ Carolina Hurricanes,,,,,,,,,,,import results.json,1.37,,1,,,,,
2026-06-11,nhl,nhl_points,Jordan Staal — Points Over 0.5,0.594,,,,,0,,W,historique-results.json,2026-06-11|nhl|nhl_points|Jordan Staal — Points Over 0.5|hist,2026-06-11,,Vegas Golden Knights @ Carolina Hurricanes,,,,,,,,,,,import results.json,1.6,,1,,,,,
2026-06-10,mlb,props_k,Carlos Rodón Over 4.5 K,0.671,,,,,0,,W,historique-results.json,2026-06-10|mlb|props_k|Carlos Rodón Over 4.5 K|hist,2026-06-10,,New York Yankees @ Cleveland Guardians,,Carlos Rodón,4.5,5,,,,,,,import results.json,,,1,,,,,
2026-06-10,mlb,mlb_total_bases,Adley Rutschman — Buts totaux Over 1.5,0.461,,,,,0,,VOID,historique-results.json,2026-06-10|mlb|mlb_total_bases|Adley Rutschman — Buts totaux Over 1.5|hist,2026-06-10,,Seattle Mariners @ Baltimore Orioles,,,,,,,,,,,import results.json,2.39,,1,,,,,
2026-06-10,mlb,mlb_total_bases,Byron Buxton — Buts totaux Over 1.0,0.631,,,,,0,,L,historique-results.json,2026-06-10|mlb|mlb_total_bases|Byron Buxton — Buts totaux Over 1.0|hist,2026-06-10,,Minnesota Twins @ Detroit Tigers,,,,,,,,,,,import results.json,,,1,,,,,
2026-06-10,mlb,props_k,Shohei Ohtani Over 6.5 K,0.623,,,,,0,,L,historique-results.json,2026-06-10|mlb|props_k|Shohei Ohtani Over 6.5 K|hist,2026-06-10,,Los Angeles Dodgers @ Pittsburgh Pirates,,Shohei Ohtani,6.5,7,,,,,,,import results.json,,,1,,,,,
2026-06-10,mlb,mlb_total_bases,Freddie Freeman — Buts totaux Over 1.5,0.641,,,,,0,,W,historique-results.json,2026-06-10|mlb|mlb_total_bases|Freddie Freeman — Buts totaux Over 1.5|hist,2026-06-10,,Los Angeles Dodgers @ Pittsburgh Pirates,,,,,,,,,,,import results.json,2.01,,1,,,,,
2026-06-10,nba,nba_ast,Devin Vassell — Passes Over 2.5,0.54,,,,,0,,W,historique-results.json,2026-06-10|nba|nba_ast|Devin Vassell — Passes Over 2.5|hist,2026-06-10,,San Antonio Spurs @ New York Knicks,,,,,,,,,,,import results.json,2.23,,1,,,,,
2026-06-10,mlb,props_k,Parker Messick Over 3.5 K,0.664,,,,,0,,W,historique-results.json,2026-06-10|mlb|props_k|Parker Messick Over 3.5 K|hist,2026-06-10,,New York Yankees @ Cleveland Guardians,,Parker Messick,3.5,4,,,,,,,import results.json,,,1,,,,,
2026-06-10,mlb,props_k,Foster Griffin Over 4.5 K,0.675,,,,,0,,W,historique-results.json,2026-06-10|mlb|props_k|Foster Griffin Over 4.5 K|hist,2026-06-10,,Washington Nationals @ San Francisco Giants,,Foster Griffin,4.5,5,,,,,,,import results.json,,,1,,,,,
2026-06-10,mlb,props_k,Davis Martin Over 6.5 K,0.595,,,,,0,,L,historique-results.json,2026-06-10|mlb|props_k|Davis Martin Over 6.5 K|hist,2026-06-10,,Atlanta Braves @ Chicago White Sox,,Davis Martin,6.5,7,,,,,,,import results.json,,,1,,,,,
2026-06-10,mlb,props_k,Michael King Over 4.5 K,0.619,,,,,0,,L,historique-results.json,2026-06-10|mlb|props_k|Michael King Over 4.5 K|hist,2026-06-10,,Cincinnati Reds @ San Diego Padres,,Michael King,4.5,5,,,,,,,import results.json,,,1,,,,,
2026-06-10,mlb,mlb_hits,Freddie Freeman — Coups surs Over 0.5,0.702,,,,,0,,W,historique-results.json,2026-06-10|mlb|mlb_hits|Freddie Freeman — Coups surs Over 0.5|hist,2026-06-10,,Los Angeles Dodgers @ Pittsburgh Pirates,,,,,,,,,,,import results.json,1.57,,1,,,,,
2026-06-10,mlb,props_k,Reid Detmers Over 6.5 K,0.59,,,,,0,,W,historique-results.json,2026-06-10|mlb|props_k|Reid Detmers Over 6.5 K|hist,2026-06-10,,Houston Astros @ Los Angeles Angels,,Reid Detmers,6.5,7,,,,,,,import results.json,,,1,,,,,
2026-06-09,mlb,props_k,Logan Gilbert Over 5.5 K,0.64,,,,,0,,L,historique-results.json,2026-06-09|mlb|props_k|Logan Gilbert Over 5.5 K|hist,2026-06-09,,Seattle Mariners @ Baltimore Orioles,,Logan Gilbert,5.5,6,,,,,,,import results.json,,,1,,,,,
2026-06-09,mlb,props_k,Paul Skenes Over 6.5 K,0.639,,,,,0,,W,historique-results.json,2026-06-09|mlb|props_k|Paul Skenes Over 6.5 K|hist,2026-06-09,,Los Angeles Dodgers @ Pittsburgh Pirates,,Paul Skenes,6.5,7,,,,,,,import results.json,,,1,,,,,
2026-06-09,mlb,props_k,Grant Holmes Over 4.5 K,0.589,,,,,0,,L,historique-results.json,2026-06-09|mlb|props_k|Grant Holmes Over 4.5 K|hist,2026-06-09,,Atlanta Braves @ Chicago White Sox,,Grant Holmes,4.5,5,,,,,,,import results.json,,,1,,,,,
2026-06-09,mlb,props_k,Nathan Eovaldi Over 5.5 K,0.645,,,,,0,,L,historique-results.json,2026-06-09|mlb|props_k|Nathan Eovaldi Over 5.5 K|hist,2026-06-09,,Texas Rangers @ Kansas City Royals,,Nathan Eovaldi,5.5,6,,,,,,,import results.json,,,1,,,,,
2026-06-09,mlb,mlb_total_bases,Fernando Tatis Jr. — Buts totaux Over 1.5,0.511,,,,,0,,VOID,historique-results.json,2026-06-09|mlb|mlb_total_bases|Fernando Tatis Jr. — Buts totaux Over 1.5|hist,2026-06-09,,Cincinnati Reds @ San Diego Padres,,,,,,,,,,,import results.json,2.23,,1,,,,,
2026-06-09,nhl,nhl_points,Shea Theodore — Points Over 0.5,0.596,,,,,0,,W,historique-results.json,2026-06-09|nhl|nhl_points|Shea Theodore — Points Over 0.5|hist,2026-06-09,,Carolina Hurricanes @ Vegas Golden Knights,,,,,,,,,,,import results.json,1.95,,1,,,,,
2026-06-09,mlb,props_k,Dylan Cease Over 6.5 K,0.604,,,,,0,,W,historique-results.json,2026-06-09|mlb|props_k|Dylan Cease Over 6.5 K|hist,2026-06-09,,Philadelphia Phillies @ Toronto Blue Jays,,Dylan Cease,6.5,7,,,,,,,import results.json,,,1,,,,,
2026-06-09,mlb,props_k,Dustin May Over 5.5 K,0.589,,,,,0,,W,historique-results.json,2026-06-09|mlb|props_k|Dustin May Over 5.5 K|hist,2026-06-09,,St. Louis Cardinals @ New York Mets,,Dustin May,5.5,6,,,,,,,import results.json,,,1,,,,,
2026-06-09,nhl,nhl_total,Under 7.5,0.747,,,,,0,,L,historique-results.json,2026-06-09|nhl|nhl_total|Under 7.5|hist,2026-06-09,,Carolina Hurricanes @ Vegas Golden Knights,,,,,,,,,,,import results.json,2.54,,1,,,,,
2026-06-09,nhl,nhl_ml,Vegas Golden Knights ML,0.521,,,,,0,,L,historique-results.json,2026-06-09|nhl|nhl_ml|Vegas Golden Knights ML|hist,2026-06-09,,Carolina Hurricanes @ Vegas Golden Knights,,,,,,,,,,,import results.json,8.5,,1,,,,,
2026-06-09,nhl,nhl_puck,Vegas Golden Knights +1.5,0.754,,,,,0,,L,historique-results.json,2026-06-09|nhl|nhl_puck|Vegas Golden Knights +1.5|hist,2026-06-09,,Carolina Hurricanes @ Vegas Golden Knights,,,,,,,,,,,import results.json,2.6,,1,,,,,
2026-06-09,mlb,props_k,Walbert Ureña Over 3.5 K,0.652,,,,,0,,W,historique-results.json,2026-06-09|mlb|props_k|Walbert Ureña Over 3.5 K|hist,2026-06-09,,Houston Astros @ Los Angeles Angels,,Walbert Ureña,3.5,4,,,,,,,import results.json,,,1,,,,,
2026-06-09,mlb,props_k,Chase Burns Over 5.5 K,0.671,,,,,0,,W,historique-results.json,2026-06-09|mlb|props_k|Chase Burns Over 5.5 K|hist,2026-06-09,,Cincinnati Reds @ San Diego Padres,,Chase Burns,5.5,6,,,,,,,import results.json,,,1,,,,,
2026-06-08,nba,nba_pra,Josh Hart — Pts+Reb+Ast Over 22.5,0.613,,,,,0,,W,historique-results.json,2026-06-08|nba|nba_pra|Josh Hart — Pts+Reb+Ast Over 22.5|hist,2026-06-08,,San Antonio Spurs @ New York Knicks,,,,,,,,,,,import results.json,1.92,,1,,,,,
2026-06-08,nba,nba_ast,Devin Vassell — Passes Over 2.5,0.54,,,,,0,,L,historique-results.json,2026-06-08|nba|nba_ast|Devin Vassell — Passes Over 2.5|hist,2026-06-08,,San Antonio Spurs @ New York Knicks,,,,,,,,,,,import results.json,2.02,,1,,,,,
2026-06-08,nba,nba_reb,Josh Hart — Rebonds Over 8.5,0.516,,,,,0,,VOID,historique-results.json,2026-06-08|nba|nba_reb|Josh Hart — Rebonds Over 8.5|hist,2026-06-08,,San Antonio Spurs @ New York Knicks,,,,,,,,,,,import results.json,2.04,,1,,,,,
2026-06-08,mlb,props_k,Gavin Williams Over 5.5 K,0.657,,,,,0,,L,historique-results.json,2026-06-08|mlb|props_k|Gavin Williams Over 5.5 K|hist,2026-06-08,,New York Yankees @ Cleveland Guardians,,Gavin Williams,5.5,6,,,,,,,import results.json,,,1,,,,,
2026-06-08,mlb,props_k,Will Warren Over 4.5 K,0.583,,,,,0,,W,historique-results.json,2026-06-08|mlb|props_k|Will Warren Over 4.5 K|hist,2026-06-08,,New York Yankees @ Cleveland Guardians,,Will Warren,4.5,5,,,,,,,import results.json,,,1,,,,,
2026-06-08,mlb,props_k,Cristopher Sánchez Over 7.5 K,0.612,,,,,0,,W,historique-results.json,2026-06-08|mlb|props_k|Cristopher Sánchez Over 7.5 K|hist,2026-06-08,,Philadelphia Phillies @ Toronto Blue Jays,,Cristopher Sánchez,7.5,8,,,,,,,import results.json,,,1,,,,,
2026-06-08,mlb,mlb_total_bases,Fernando Tatis Jr. — Buts totaux Over 1.5,0.511,,,,,0,,L,historique-results.json,2026-06-08|mlb|mlb_total_bases|Fernando Tatis Jr. — Buts totaux Over 1.5|hist,2026-06-08,,Cincinnati Reds @ San Diego Padres,,,,,,,,,,,import results.json,2.42,,1,,,,,
2026-06-08,mlb,mlb_hits,Fernando Tatis Jr. — Coups surs Over 0.5,0.727,,,,,0,,VOID,historique-results.json,2026-06-08|mlb|mlb_hits|Fernando Tatis Jr. — Coups surs Over 0.5|hist,2026-06-08,,Cincinnati Reds @ San Diego Padres,,,,,,,,,,,import results.json,1.48,,1,,,,,
2026-06-08,mlb,props_k,Logan Webb Over 4.5 K,0.664,,,,,0,,VOID,historique-results.json,2026-06-08|mlb|props_k|Logan Webb Over 4.5 K|hist,2026-06-08,,Washington Nationals @ San Francisco Giants,,Logan Webb,4.5,5,,,,,,,import results.json,,,1,,,,,
2026-06-08,nba,nba_ast,Jalen Brunson — Passes Over 5.5,0.612,,,,,0,,VOID,historique-results.json,2026-06-08|nba|nba_ast|Jalen Brunson — Passes Over 5.5|hist,2026-06-08,,San Antonio Spurs @ New York Knicks,,,,,,,,,,,import results.json,1.76,,1,,,,,
2026-06-08,mlb,props_k,Connelly Early Over 4.5 K,0.68,,,,,0,,W,historique-results.json,2026-06-08|mlb|props_k|Connelly Early Over 4.5 K|hist,2026-06-08,,Boston Red Sox @ Tampa Bay Rays,,Connelly Early,4.5,5,,,,,,,import results.json,,,1,,,,,
2026-09-24T23:34:07+00:00,mlb,props_k,Bryan Woo Over 2.5 K,0.899,,,,,0,,W,2026.09.24.4,2026-09-24|mlb|props_k|Bryan Woo Over 2.5 K,2026-09-24,4984d3511b9db396e1a2c120b9623bbb,Los Angeles Angels @ Seattle Mariners,2026-09-25T01:41:00Z,Bryan Woo,2.5,3,0.899,,informatif,1.112,,,ladder · proj 5.47K,,,,,0.899,,,
2026-09-24T23:34:07+00:00,mlb,props_k,Bryan Woo Over 3.5 K,0.782,,,,,0,,W,2026.09.24.4,2026-09-24|mlb|props_k|Bryan Woo Over 3.5 K,2026-09-24,4984d3511b9db396e1a2c120b9623bbb,Los Angeles Angels @ Seattle Mariners,2026-09-25T01:41:00Z,Bryan Woo,3.5,4,0.782,,informatif,1.279,,,ladder · proj 5.47K,,,,,0.782,,,
2026-09-24T23:34:07+00:00,mlb,props_k,Bryan Woo Over 4.5 K,0.627,,,,,0,,W,2026.09.24.4,2026-09-24|mlb|props_k|Bryan Woo Over 4.5 K,2026-09-24,4984d3511b9db396e1a2c120b9623bbb,Los Angeles Angels @ Seattle Mariners,2026-09-25T01:41:00Z,Bryan Woo,4.5,5,0.627,,informatif,1.595,,,ladder · proj 5.47K,,,,,0.627,,,
2026-09-24T23:34:07+00:00,mlb,props_k,Bryan Woo Over 5.5 K,0.462,,,,,0,,W,2026.09.24.4,2026-09-24|mlb|props_k|Bryan Woo Over 5.5 K,2026-09-24,4984d3511b9db396e1a2c120b9623bbb,Los Angeles Angels @ Seattle Mariners,2026-09-25T01:41:00Z,Bryan Woo,5.5,6,0.462,,informatif,2.165,,,ladder · proj 5.47K,,,,,0.462,,,
2026-09-24T23:34:07+00:00,mlb,props_k,Bryan Woo Over 6.5 K,0.313,,,,,0,,W,2026.09.24.4,2026-09-24|mlb|props_k|Bryan Woo Over 6.5 K,2026-09-24,4984d3511b9db396e1a2c120b9623bbb,Los Angeles Angels @ Seattle Mariners,2026-09-25T01:41:00Z,Bryan Woo,6.5,7,0.313,,informatif,3.195,,,ladder · proj 5.47K,,,,,0.313,,,
2026-09-24T23:34:07+00:00,mlb,props_k,Bryan Woo Over 7.5 K,0.195,,,,,0,,W,2026.09.24.4,2026-09-24|mlb|props_k|Bryan Woo Over 7.5 K,2026-09-24,4984d3511b9db396e1a2c120b9623bbb,Los Angeles Angels @ Seattle Mariners,2026-09-25T01:41:00Z,Bryan Woo,7.5,8,0.195,,informatif,5.128,,,ladder · proj 5.47K,,,,,0.195,,,
2026-09-24T23:34:07+00:00,mlb,props_k,Bryan Woo Over 8.5 K,0.113,,,,,0,,L,2026.09.24.4,2026-09-24|mlb|props_k|Bryan Woo Over 8.5 K,2026-09-24,4984d3511b9db396e1a2c120b9623bbb,Los Angeles Angels @ Seattle Mariners,2026-09-25T01:41:00Z,Bryan Woo,8.5,9,0.113,,informatif,8.85,,,ladder · proj 5.47K,,,,,0.113,,,
2026-09-24T23:34:07+00:00,mlb,props_k,Bryan Woo Over 9.5 K,0.061,,,,,0,,L,2026.09.24.4,2026-09-24|mlb|props_k|Bryan Woo Over 9.5 K,2026-09-24,4984d3511b9db396e1a2c120b9623bbb,Los Angeles Angels @ Seattle Mariners,2026-09-25T01:41:00Z,Bryan Woo,9.5,10,0.061,,informatif,16.393,,,ladder · proj 5.47K,,,,,0.061,,,
2026-09-24T23:34:07+00:00,mlb,props_k,Grayson Rodriguez Over 2.5 K,0.781,,,,,0,,L,2026.09.24.4,2026-09-24|mlb|props_k|Grayson Rodriguez Over 2.5 K,2026-09-24,4984d3511b9db396e1a2c120b9623bbb,Los Angeles Angels @ Seattle Mariners,2026-09-25T01:41:00Z,Grayson Rodriguez,2.5,3,0.781,,informatif,1.28,,,ladder · proj 4.21K,,,,,0.781,,,
2026-09-24T23:34:07+00:00,mlb,props_k,Grayson Rodriguez Over 3.5 K,0.599,,,,,0,,L,2026.09.24.4,2026-09-24|mlb|props_k|Grayson Rodriguez Over 3.5 K,2026-09-24,4984d3511b9db396e1a2c120b9623bbb,Los Angeles Angels @ Seattle Mariners,2026-09-25T01:41:00Z,Grayson Rodriguez,3.5,4,0.599,,informatif,1.669,,,ladder · proj 4.21K,,,,,0.599,,,
2026-09-24T23:34:07+00:00,mlb,props_k,Grayson Rodriguez Over 4.5 K,0.411,,,,,0,,L,2026.09.24.4,2026-09-24|mlb|props_k|Grayson Rodriguez Over 4.5 K,2026-09-24,4984d3511b9db396e1a2c120b9623bbb,Los Angeles Angels @ Seattle Mariners,2026-09-25T01:41:00Z,Grayson Rodriguez,4.5,5,0.411,,informatif,2.433,,,ladder · proj 4.21K,,,,,0.411,,,
2026-09-24T23:34:07+00:00,mlb,props_k,Grayson Rodriguez Over 5.5 K,0.253,,,,,0,,L,2026.09.24.4,2026-09-24|mlb|props_k|Grayson Rodriguez Over 5.5 K,2026-09-24,4984d3511b9db396e1a2c120b9623bbb,Los Angeles Angels @ Seattle Mariners,2026-09-25T01:41:00Z,Grayson Rodriguez,5.5,6,0.253,,informatif,3.953,,,ladder · proj 4.21K,,,,,0.253,,,
2026-09-24T23:34:07+00:00,mlb,props_k,Grayson Rodriguez Over 6.5 K,0.141,,,,,0,,L,2026.09.24.4,2026-09-24|mlb|props_k|Grayson Rodriguez Over 6.5 K,2026-09-24,4984d3511b9db396e1a2c120b9623bbb,Los Angeles Angels @ Seattle Mariners,2026-09-25T01:41:00Z,Grayson Rodriguez,6.5,7,0.141,,informatif,7.092,,,ladder · proj 4.21K,,,,,0.141,,,
2026-09-24T23:34:07+00:00,mlb,props_k,Grayson Rodriguez Over 7.5 K,0.072,,,,,0,,L,2026.09.24.4,2026-09-24|mlb|props_k|Grayson Rodriguez Over 7.5 K,2026-09-24,4984d3511b9db396e1a2c120b9623bbb,Los Angeles Angels @ Seattle Mariners,2026-09-25T01:41:00Z,Grayson Rodriguez,7.5,8,0.072,,informatif,13.889,,,ladder · proj 4.21K,,,,,0.072,,,
2026-09-24T23:34:07+00:00,mlb,props_k,Grayson Rodriguez Over 8.5 K,0.033,,,,,0,,L,2026.09.24.4,2026-09-24|mlb|props_k|Grayson Rodriguez Over 8.5 K,2026-09-24,4984d3511b9db396e1a2c120b9623bbb,Los Angeles Angels @ Seattle Mariners,2026-09-25T01:41:00Z,Grayson Rodriguez,8.5,9,0.033,,informatif,30.303,,,ladder · proj 4.21K,,,,,0.033,,,
2026-09-24T23:34:07+00:00,mlb,props_k,Grayson Rodriguez Over 9.5 K,0.014,,,,,0,,L,2026.09.24.4,2026-09-24|mlb|props_k|Grayson Rodriguez Over 9.5 K,2026-09-24,4984d3511b9db396e1a2c120b9623bbb,Los Angeles Angels @ Seattle Mariners,2026-09-25T01:41:00Z,Grayson Rodriguez,9.5,10,0.014,,informatif,71.429,,,ladder · proj 4.21K,,,,,0.014,,,
2026-09-24T23:34:39+00:00,mlb,props_k,Tyler Glasnow Over 2.5 K,0.959,,,,,0,,W,2026.09.24.4,2026-09-24|mlb|props_k|Tyler Glasnow Over 2.5 K,2026-09-24,a44be11545d471429fd459d4c5740006,San Diego Padres @ Los Angeles Dodgers,2026-09-25T02:11:00Z,Tyler Glasnow,2.5,3,0.959,,informatif,1.043,,,ladder · proj 6.83K,,,,,0.959,,,
2026-09-24T23:34:39+00:00,mlb,props_k,Tyler Glasnow Over 3.5 K,0.896,,,,,0,,W,2026.09.24.4,2026-09-24|mlb|props_k|Tyler Glasnow Over 3.5 K,2026-09-24,a44be11545d471429fd459d4c5740006,San Diego Padres @ Los Angeles Dodgers,2026-09-25T02:11:00Z,Tyler Glasnow,3.5,4,0.896,,informatif,1.116,,,ladder · proj 6.83K,,,,,0.896,,,
2026-09-24T23:34:39+00:00,mlb,props_k,Tyler Glasnow Over 4.5 K,0.795,,,,,0,,W,2026.09.24.4,2026-09-24|mlb|props_k|Tyler Glasnow Over 4.5 K,2026-09-24,a44be11545d471429fd459d4c5740006,San Diego Padres @ Los Angeles Dodgers,2026-09-25T02:11:00Z,Tyler Glasnow,4.5,5,0.795,,informatif,1.258,,,ladder · proj 6.83K,,,,,0.795,,,
2026-09-24T23:34:39+00:00,mlb,props_k,Tyler Glasnow Over 5.5 K,0.663,,,,,0,,W,2026.09.24.4,2026-09-24|mlb|props_k|Tyler Glasnow Over 5.5 K,2026-09-24,a44be11545d471429fd459d4c5740006,San Diego Padres @ Los Angeles Dodgers,2026-09-25T02:11:00Z,Tyler Glasnow,5.5,6,0.663,,informatif,1.508,,,ladder · proj 6.83K,,,,,0.663,,,
2026-09-24T23:34:39+00:00,mlb,props_k,Tyler Glasnow Over 6.5 K,0.517,,,,,0,,W,2026.09.24.4,2026-09-24|mlb|props_k|Tyler Glasnow Over 6.5 K,2026-09-24,a44be11545d471429fd459d4c5740006,San Diego Padres @ Los Angeles Dodgers,2026-09-25T02:11:00Z,Tyler Glasnow,6.5,7,0.517,,informatif,1.934,,,ladder · proj 6.83K,,,,,0.517,,,
2026-09-24T23:34:39+00:00,mlb,props_k,Tyler Glasnow Over 7.5 K,0.377,,,,,0,,W,2026.09.24.4,2026-09-24|mlb|props_k|Tyler Glasnow Over 7.5 K,2026-09-24,a44be11545d471429fd459d4c5740006,San Diego Padres @ Los Angeles Dodgers,2026-09-25T02:11:00Z,Tyler Glasnow,7.5,8,0.377,,informatif,2.653,,,ladder · proj 6.83K,,,,,0.377,,,
2026-09-24T23:34:39+00:00,mlb,props_k,Tyler Glasnow Over 8.5 K,0.257,,,,,0,,W,2026.09.24.4,2026-09-24|mlb|props_k|Tyler Glasnow Over 8.5 K,2026-09-24,a44be11545d471429fd459d4c5740006,San Diego Padres @ Los Angeles Dodgers,2026-09-25T02:11:00Z,Tyler Glasnow,8.5,9,0.257,,informatif,3.891,,,ladder · proj 6.83K,,,,,0.257,,,
2026-09-24T23:34:39+00:00,mlb,props_k,Tyler Glasnow Over 9.5 K,0.164,,,,,0,,W,2026.09.24.4,2026-09-24|mlb|props_k|Tyler Glasnow Over 9.5 K,2026-09-24,a44be11545d471429fd459d4c5740006,San Diego Padres @ Los Angeles Dodgers,2026-09-25T02:11:00Z,Tyler Glasnow,9.5,10,0.164,,informatif,6.098,,,ladder · proj 6.83K,,,,,0.164,,,
2026-09-24T23:34:39+00:00,mlb,props_k,Nick Pivetta Over 2.5 K,0.802,,,,,0,,W,2026.09.24.4,2026-09-24|mlb|props_k|Nick Pivetta Over 2.5 K,2026-09-24,a44be11545d471429fd459d4c5740006,San Diego Padres @ Los Angeles Dodgers,2026-09-25T02:11:00Z,Nick Pivetta,2.5,3,0.802,,informatif,1.247,,,ladder · proj 4.38K,,,,,0.802,,,
2026-09-24T23:34:39+00:00,mlb,props_k,Nick Pivetta Over 3.5 K,0.628,,,,,0,,W,2026.09.24.4,2026-09-24|mlb|props_k|Nick Pivetta Over 3.5 K,2026-09-24,a44be11545d471429fd459d4c5740006,San Diego Padres @ Los Angeles Dodgers,2026-09-25T02:11:00Z,Nick Pivetta,3.5,4,0.628,,informatif,1.592,,,ladder · proj 4.38K,,,,,0.628,,,
2026-09-24T23:34:39+00:00,mlb,props_k,Nick Pivetta Over 4.5 K,0.442,,,,,0,,W,2026.09.24.4,2026-09-24|mlb|props_k|Nick Pivetta Over 4.5 K,2026-09-24,a44be11545d471429fd459d4c5740006,San Diego Padres @ Los Angeles Dodgers,2026-09-25T02:11:00Z,Nick Pivetta,4.5,5,0.442,,informatif,2.262,,,ladder · proj 4.38K,,,,,0.442,,,
2026-09-24T23:34:39+00:00,mlb,props_k,Nick Pivetta Over 5.5 K,0.28,,,,,0,,W,2026.09.24.4,2026-09-24|mlb|props_k|Nick Pivetta Over 5.5 K,2026-09-24,a44be11545d471429fd459d4c5740006,San Diego Padres @ Los Angeles Dodgers,2026-09-25T02:11:00Z,Nick Pivetta,5.5,6,0.28,,informatif,3.571,,,ladder · proj 4.38K,,,,,0.28,,,
2026-09-24T23:34:39+00:00,mlb,props_k,Nick Pivetta Over 6.5 K,0.161,,,,,0,,W,2026.09.24.4,2026-09-24|mlb|props_k|Nick Pivetta Over 6.5 K,2026-09-24,a44be11545d471429fd459d4c5740006,San Diego Padres @ Los Angeles Dodgers,2026-09-25T02:11:00Z,Nick Pivetta,6.5,7,0.161,,informatif,6.211,,,ladder · proj 4.38K,,,,,0.161,,,
2026-09-24T23:34:39+00:00,mlb,props_k,Nick Pivetta Over 7.5 K,0.084,,,,,0,,L,2026.09.24.4,2026-09-24|mlb|props_k|Nick Pivetta Over 7.5 K,2026-09-24,a44be11545d471429fd459d4c5740006,San Diego Padres @ Los Angeles Dodgers,2026-09-25T02:11:00Z,Nick Pivetta,7.5,8,0.084,,informatif,11.905,,,ladder · proj 4.38K,,,,,0.084,,,
2026-09-24T23:34:39+00:00,mlb,props_k,Nick Pivetta Over 8.5 K,0.041,,,,,0,,L,2026.09.24.4,2026-09-24|mlb|props_k|Nick Pivetta Over 8.5 K,2026-09-24,a44be11545d471429fd459d4c5740006,San Diego Padres @ Los Angeles Dodgers,2026-09-25T02:11:00Z,Nick Pivetta,8.5,9,0.041,,informatif,24.39,,,ladder · proj 4.38K,,,,,0.041,,,
2026-09-24T23:34:39+00:00,mlb,props_k,Nick Pivetta Over 9.5 K,0.018,,,,,0,,L,2026.09.24.4,2026-09-24|mlb|props_k|Nick Pivetta Over 9.5 K,2026-09-24,a44be11545d471429fd459d4c5740006,San Diego Padres @ Los Angeles Dodgers,2026-09-25T02:11:00Z,Nick Pivetta,9.5,10,0.018,,informatif,55.556,,,ladder · proj 4.38K,,,,,0.018,,,
2026-09-24T23:37:04+00:00,mlb,mlb_ml,San Diego Padres ML,0.45,0.3927,,,,0,,W,2026.09.24.4,2026-09-24|mlb|mlb_ml|San Diego Padres ML,2026-09-24,a44be11545d471429fd459d4c5740006,San Diego Padres @ Los Angeles Dodgers,2026-09-25T02:10:00Z,,,,,,a_saisir,2.439,,,🟡 jouable,2.49,,1,,0.41,,,
2026-09-24T23:37:04+00:00,mlb,mlb_ml,Los Angeles Dodgers ML,0.55,0.6073,,,,0,,L,2026.09.24.4,2026-09-24|mlb|mlb_ml|Los Angeles Dodgers ML,2026-09-24,a44be11545d471429fd459d4c5740006,San Diego Padres @ Los Angeles Dodgers,2026-09-25T02:10:00Z,,,,,,a_saisir,1.695,,,🔴 passe,1.61,,0,,0.59,,,
2026-09-24T23:37:04+00:00,mlb,mlb_rl,Los Angeles Dodgers -1.5,0.399,0.412,,,,0,,L,2026.09.24.4,2026-09-24|mlb|mlb_rl|Los Angeles Dodgers -1.5,2026-09-24,a44be11545d471429fd459d4c5740006,San Diego Padres @ Los Angeles Dodgers,2026-09-25T02:10:00Z,,,,,,a_saisir,2.451,,,🔴 passe,2.32,,0,,0.408,,,
2026-09-24T23:37:04+00:00,mlb,mlb_rl,Seattle Mariners -1.5,0.496,0.439,,,,0,,L,2026.09.24.4,2026-09-24|mlb|mlb_rl|Seattle Mariners -1.5,2026-09-24,4984d3511b9db396e1a2c120b9623bbb,Los Angeles Angels @ Seattle Mariners,2026-09-25T01:40:00Z,,,,,,a_saisir,2.193,,,🔴 passe,2.18,,0,,0.456,,,
2026-09-24T23:37:04+00:00,mlb,mlb_ml,Los Angeles Angels ML,0.348,0.3656,,,,0,,W,2026.09.24.4,2026-09-24|mlb|mlb_ml|Los Angeles Angels ML,2026-09-24,4984d3511b9db396e1a2c120b9623bbb,Los Angeles Angels @ Seattle Mariners,2026-09-25T01:40:00Z,,,,,,a_saisir,2.778,,,🔴 passe,2.75,,0,,0.36,,,
2026-09-24T23:37:04+00:00,mlb,mlb_ml,Seattle Mariners ML,0.652,0.6344,,,,0,,L,2026.09.24.4,2026-09-24|mlb|mlb_ml|Seattle Mariners ML,2026-09-24,4984d3511b9db396e1a2c120b9623bbb,Los Angeles Angels @ Seattle Mariners,2026-09-25T01:40:00Z,,,,,,a_saisir,1.562,,,🔴 passe,1.54,,0,,0.64,,,
2026-09-24T23:37:04+00:00,mlb,mlb_ml,Houston Astros ML,0.623,0.6095,,,,0,,W,2026.09.24.4,2026-09-24|mlb|mlb_ml|Houston Astros ML,2026-09-24,d1094cf64d0cccf98c76920fd2548c38,Houston Astros @ Athletics,2026-09-25T01:40:00Z,,,,,,a_saisir,1.629,,,🔴 passe,1.6,,0,,0.614,,,
2026-09-24T23:37:04+00:00,mlb,mlb_ml,Athletics ML,0.377,0.3905,,,,0,,L,2026.09.24.4,2026-09-24|mlb|mlb_ml|Athletics ML,2026-09-24,d1094cf64d0cccf98c76920fd2548c38,Houston Astros @ Athletics,2026-09-25T01:40:00Z,,,,,,a_saisir,2.591,,,🔴 passe,2.51,,0,,0.386,,,
2026-09-24T23:37:04+00:00,mlb,mlb_rl,Houston Astros -1.5,0.494,0.496,,,,0,,W,2026.09.24.4,2026-09-24|mlb|mlb_rl|Houston Astros -1.5,2026-09-24,d1094cf64d0cccf98c76920fd2548c38,Houston Astros @ Athletics,2026-09-25T01:40:00Z,,,,,,a_saisir,2.02,,,🔴 passe,1.93,,0,,0.495,,,
2026-09-25T15:10:49+00:00,mlb,props_k,Alec Gamboa Over 2.5 K,0.331,,,,,0,,L,2026.09.24.4,2026-09-25|mlb|props_k|Alec Gamboa Over 2.5 K,2026-09-25,a85710fa5f6fd3a6a40fe17c4907c312,Chicago Cubs @ Boston Red Sox,2026-09-25T17:06:00Z,Alec Gamboa,2.5,3,0.331,,informatif,3.021,,,ladder · proj 2.03K,,,,,0.331,,,
2026-09-25T15:10:49+00:00,mlb,props_k,Alec Gamboa Over 3.5 K,0.151,,,,,0,,L,2026.09.24.4,2026-09-25|mlb|props_k|Alec Gamboa Over 3.5 K,2026-09-25,a85710fa5f6fd3a6a40fe17c4907c312,Chicago Cubs @ Boston Red Sox,2026-09-25T17:06:00Z,Alec Gamboa,3.5,4,0.151,,informatif,6.623,,,ladder · proj 2.03K,,,,,0.151,,,
2026-09-25T15:10:49+00:00,mlb,props_k,Alec Gamboa Over 4.5 K,0.059,,,,,0,,L,2026.09.24.4,2026-09-25|mlb|props_k|Alec Gamboa Over 4.5 K,2026-09-25,a85710fa5f6fd3a6a40fe17c4907c312,Chicago Cubs @ Boston Red Sox,2026-09-25T17:06:00Z,Alec Gamboa,4.5,5,0.059,,informatif,16.949,,,ladder · proj 2.03K,,,,,0.059,,,
2026-09-25T15:10:49+00:00,mlb,props_k,Alec Gamboa Over 5.5 K,0.02,,,,,0,,L,2026.09.24.4,2026-09-25|mlb|props_k|Alec Gamboa Over 5.5 K,2026-09-25,a85710fa5f6fd3a6a40fe17c4907c312,Chicago Cubs @ Boston Red Sox,2026-09-25T17:06:00Z,Alec Gamboa,5.5,6,0.02,,informatif,50,,,ladder · proj 2.03K,,,,,0.02,,,
2026-09-25T15:10:49+00:00,mlb,props_k,Alec Gamboa Over 6.5 K,0.006,,,,,0,,L,2026.09.24.4,2026-09-25|mlb|props_k|Alec Gamboa Over 6.5 K,2026-09-25,a85710fa5f6fd3a6a40fe17c4907c312,Chicago Cubs @ Boston Red Sox,2026-09-25T17:06:00Z,Alec Gamboa,6.5,7,0.006,,informatif,166.667,,,ladder · proj 2.03K,,,,,0.006,,,
2026-09-25T15:10:49+00:00,mlb,props_k,Alec Gamboa Over 7.5 K,0.002,,,,,0,,L,2026.09.24.4,2026-09-25|mlb|props_k|Alec Gamboa Over 7.5 K,2026-09-25,a85710fa5f6fd3a6a40fe17c4907c312,Chicago Cubs @ Boston Red Sox,2026-09-25T17:06:00Z,Alec Gamboa,7.5,8,0.002,,informatif,500,,,ladder · proj 2.03K,,,,,0.002,,,
2026-09-25T15:10:49+00:00,mlb,props_k,Alec Gamboa Over 8.5 K,0,,,,,0,,L,2026.09.24.4,2026-09-25|mlb|props_k|Alec Gamboa Over 8.5 K,2026-09-25,a85710fa5f6fd3a6a40fe17c4907c312,Chicago Cubs @ Boston Red Sox,2026-09-25T17:06:00Z,Alec Gamboa,8.5,9,0,,informatif,,,,ladder · proj 2.03K,,,,,0,,,
2026-09-25T15:10:49+00:00,mlb,props_k,Alec Gamboa Over 9.5 K,0,,,,,0,,L,2026.09.24.4,2026-09-25|mlb|props_k|Alec Gamboa Over 9.5 K,2026-09-25,a85710fa5f6fd3a6a40fe17c4907c312,Chicago Cubs @ Boston Red Sox,2026-09-25T17:06:00Z,Alec Gamboa,9.5,10,0,,informatif,,,,ladder · proj 2.03K,,,,,0,,,
2026-09-25T15:10:49+00:00,mlb,props_k,Clay Holmes Over 2.5 K,0.792,,,,,0,,W,2026.09.24.4,2026-09-25|mlb|props_k|Clay Holmes Over 2.5 K,2026-09-25,a85710fa5f6fd3a6a40fe17c4907c312,Chicago Cubs @ Boston Red Sox,2026-09-25T17:06:00Z,Clay Holmes,2.5,3,0.792,,informatif,1.263,,,ladder · proj 4.3K,,,,,0.792,,,
2026-09-25T15:10:49+00:00,mlb,props_k,Clay Holmes Over 3.5 K,0.614,,,,,0,,L,2026.09.24.4,2026-09-25|mlb|props_k|Clay Holmes Over 3.5 K,2026-09-25,a85710fa5f6fd3a6a40fe17c4907c312,Chicago Cubs @ Boston Red Sox,2026-09-25T17:06:00Z,Clay Holmes,3.5,4,0.614,,informatif,1.629,,,ladder · proj 4.3K,,,,,0.614,,,
2026-09-25T15:10:49+00:00,mlb,props_k,Clay Holmes Over 4.5 K,0.427,,,,,0,,L,2026.09.24.4,2026-09-25|mlb|props_k|Clay Holmes Over 4.5 K,2026-09-25,a85710fa5f6fd3a6a40fe17c4907c312,Chicago Cubs @ Boston Red Sox,2026-09-25T17:06:00Z,Clay Holmes,4.5,5,0.427,,informatif,2.342,,,ladder · proj 4.3K,,,,,0.427,,,
2026-09-25T15:10:49+00:00,mlb,props_k,Clay Holmes Over 5.5 K,0.267,,,,,0,,L,2026.09.24.4,2026-09-25|mlb|props_k|Clay Holmes Over 5.5 K,2026-09-25,a85710fa5f6fd3a6a40fe17c4907c312,Chicago Cubs @ Boston Red Sox,2026-09-25T17:06:00Z,Clay Holmes,5.5,6,0.267,,informatif,3.745,,,ladder · proj 4.3K,,,,,0.267,,,
2026-09-25T15:10:49+00:00,mlb,props_k,Clay Holmes Over 6.5 K,0.151,,,,,0,,L,2026.09.24.4,2026-09-25|mlb|props_k|Clay Holmes Over 6.5 K,2026-09-25,a85710fa5f6fd3a6a40fe17c4907c312,Chicago Cubs @ Boston Red Sox,2026-09-25T17:06:00Z,Clay Holmes,6.5,7,0.151,,informatif,6.623,,,ladder · proj 4.3K,,,,,0.151,,,
2026-09-25T15:10:49+00:00,mlb,props_k,Clay Holmes Over 7.5 K,0.078,,,,,0,,L,2026.09.24.4,2026-09-25|mlb|props_k|Clay Holmes Over 7.5 K,2026-09-25,a85710fa5f6fd3a6a40fe17c4907c312,Chicago Cubs @ Boston Red Sox,2026-09-25T17:06:00Z,Clay Holmes,7.5,8,0.078,,informatif,12.821,,,ladder · proj 4.3K,,,,,0.078,,,
2026-09-25T15:10:49+00:00,mlb,props_k,Clay Holmes Over 8.5 K,0.037,,,,,0,,L,2026.09.24.4,2026-09-25|mlb|props_k|Clay Holmes Over 8.5 K,2026-09-25,a85710fa5f6fd3a6a40fe17c4907c312,Chicago Cubs @ Boston Red Sox,2026-09-25T17:06:00Z,Clay Holmes,8.5,9,0.037,,informatif,27.027,,,ladder · proj 4.3K,,,,,0.037,,,
2026-09-25T15:10:49+00:00,mlb,props_k,Clay Holmes Over 9.5 K,0.016,,,,,0,,L,2026.09.24.4,2026-09-25|mlb|props_k|Clay Holmes Over 9.5 K,2026-09-25,a85710fa5f6fd3a6a40fe17c4907c312,Chicago Cubs @ Boston Red Sox,2026-09-25T17:06:00Z,Clay Holmes,9.5,10,0.016,,informatif,62.5,,,ladder · proj 4.3K,,,,,0.016,,,
2026-09-25T15:12:41+00:00,mlb,props_k,Brandon Young Over 2.5 K,0.92,,,,,0,,W,2026.09.24.4,2026-09-25|mlb|props_k|Brandon Young Over 2.5 K,2026-09-25,3fe14d478bc1ffac17198c460085ca70,Baltimore Orioles @ New York Yankees,2026-09-25T23:06:00Z,Brandon Young,2.5,3,0.92,,informatif,1.087,,,ladder · proj 5.83K,,,,,0.92,,,
2026-09-25T15:12:41+00:00,mlb,props_k,Brandon Young Over 3.5 K,0.819,,,,,0,,W,2026.09.24.4,2026-09-25|mlb|props_k|Brandon Young Over 3.5 K,2026-09-25,3fe14d478bc1ffac17198c460085ca70,Baltimore Orioles @ New York Yankees,2026-09-25T23:06:00Z,Brandon Young,3.5,4,0.819,,informatif,1.221,,,ladder · proj 5.83K,,,,,0.819,,,
2026-09-25T15:12:41+00:00,mlb,props_k,Brandon Young Over 4.5 K,0.679,,,,,0,,W,2026.09.24.4,2026-09-25|mlb|props_k|Brandon Young Over 4.5 K,2026-09-25,3fe14d478bc1ffac17198c460085ca70,Baltimore Orioles @ New York Yankees,2026-09-25T23:06:00Z,Brandon Young,4.5,5,0.679,,informatif,1.473,,,ladder · proj 5.83K,,,,,0.679,,,
2026-09-25T15:12:41+00:00,mlb,props_k,Brandon Young Over 5.5 K,0.52,,,,,0,,W,2026.09.24.4,2026-09-25|mlb|props_k|Brandon Young Over 5.5 K,2026-09-25,3fe14d478bc1ffac17198c460085ca70,Baltimore Orioles @ New York Yankees,2026-09-25T23:06:00Z,Brandon Young,5.5,6,0.52,,informatif,1.923,,,ladder · proj 5.83K,,,,,0.52,,,
2026-09-25T15:12:41+00:00,mlb,props_k,Brandon Young Over 6.5 K,0.368,,,,,0,,L,2026.09.24.4,2026-09-25|mlb|props_k|Brandon Young Over 6.5 K,2026-09-25,3fe14d478bc1ffac17198c460085ca70,Baltimore Orioles @ New York Yankees,2026-09-25T23:06:00Z,Brandon Young,6.5,7,0.368,,informatif,2.717,,,ladder · proj 5.83K,,,,,0.368,,,
2026-09-25T15:12:41+00:00,mlb,props_k,Brandon Young Over 7.5 K,0.24,,,,,0,,L,2026.09.24.4,2026-09-25|mlb|props_k|Brandon Young Over 7.5 K,2026-09-25,3fe14d478bc1ffac17198c460085ca70,Baltimore Orioles @ New York Yankees,2026-09-25T23:06:00Z,Brandon Young,7.5,8,0.24,,informatif,4.167,,,ladder · proj 5.83K,,,,,0.24,,,
2026-09-25T15:12:41+00:00,mlb,props_k,Brandon Young Over 8.5 K,0.146,,,,,0,,L,2026.09.24.4,2026-09-25|mlb|props_k|Brandon Young Over 8.5 K,2026-09-25,3fe14d478bc1ffac17198c460085ca70,Baltimore Orioles @ New York Yankees,2026-09-25T23:06:00Z,Brandon Young,8.5,9,0.146,,informatif,6.849,,,ladder · proj 5.83K,,,,,0.146,,,
2026-09-25T15:12:41+00:00,mlb,props_k,Brandon Young Over 9.5 K,0.082,,,,,0,,L,2026.09.24.4,2026-09-25|mlb|props_k|Brandon Young Over 9.5 K,2026-09-25,3fe14d478bc1ffac17198c460085ca70,Baltimore Orioles @ New York Yankees,2026-09-25T23:06:00Z,Brandon Young,9.5,10,0.082,,informatif,12.195,,,ladder · proj 5.83K,,,,,0.082,,,
2026-09-25T15:11:31+00:00,mlb,props_k,Brayan Bello Over 2.5 K,0.87,,,,,0,,L,2026.09.24.4,2026-09-25|mlb|props_k|Brayan Bello Over 2.5 K,2026-09-25,c1c95aa0c77e6735bae6602eec2b42be,Chicago Cubs @ Boston Red Sox,2026-09-25T21:36:00Z,Brayan Bello,2.5,3,0.87,,informatif,1.149,,,ladder · proj 5.06K,,,,,0.87,,,
2026-09-25T15:11:31+00:00,mlb,props_k,Brayan Bello Over 3.5 K,0.731,,,,,0,,L,2026.09.24.4,2026-09-25|mlb|props_k|Brayan Bello Over 3.5 K,2026-09-25,c1c95aa0c77e6735bae6602eec2b42be,Chicago Cubs @ Boston Red Sox,2026-09-25T21:36:00Z,Brayan Bello,3.5,4,0.731,,informatif,1.368,,,ladder · proj 5.06K,,,,,0.731,,,
2026-09-25T15:11:31+00:00,mlb,props_k,Brayan Bello Over 4.5 K,0.562,,,,,0,,L,2026.09.24.4,2026-09-25|mlb|props_k|Brayan Bello Over 4.5 K,2026-09-25,c1c95aa0c77e6735bae6602eec2b42be,Chicago Cubs @ Boston Red Sox,2026-09-25T21:36:00Z,Brayan Bello,4.5,5,0.562,,informatif,1.779,,,ladder · proj 5.06K,,,,,0.562,,,
2026-09-25T15:17:21+00:00,mlb,props_k,Brayan Bello Over 5.5 K,0.394,,,,,0,,L,2026.09.24.4,2026-09-25|mlb|props_k|Brayan Bello Over 5.5 K,2026-09-25,c1c95aa0c77e6735bae6602eec2b42be,Chicago Cubs @ Boston Red Sox,2026-09-25T21:36:00Z,Brayan Bello,5.5,6,0.394,,informatif,2.538,,,ladder · proj 5.06K,,,1,,0.394,,,
2026-09-25T15:11:31+00:00,mlb,props_k,Brayan Bello Over 6.5 K,0.252,,,,,0,,L,2026.09.24.4,2026-09-25|mlb|props_k|Brayan Bello Over 6.5 K,2026-09-25,c1c95aa0c77e6735bae6602eec2b42be,Chicago Cubs @ Boston Red Sox,2026-09-25T21:36:00Z,Brayan Bello,6.5,7,0.252,,informatif,3.968,,,ladder · proj 5.06K,,,,,0.252,,,
2026-09-25T15:11:31+00:00,mlb,props_k,Brayan Bello Over 7.5 K,0.148,,,,,0,,L,2026.09.24.4,2026-09-25|mlb|props_k|Brayan Bello Over 7.5 K,2026-09-25,c1c95aa0c77e6735bae6602eec2b42be,Chicago Cubs @ Boston Red Sox,2026-09-25T21:36:00Z,Brayan Bello,7.5,8,0.148,,informatif,6.757,,,ladder · proj 5.06K,,,,,0.148,,,
2026-09-25T15:11:31+00:00,mlb,props_k,Brayan Bello Over 8.5 K,0.081,,,,,0,,L,2026.09.24.4,2026-09-25|mlb|props_k|Brayan Bello Over 8.5 K,2026-09-25,c1c95aa0c77e6735bae6602eec2b42be,Chicago Cubs @ Boston Red Sox,2026-09-25T21:36:00Z,Brayan Bello,8.5,9,0.081,,informatif,12.346,,,ladder · proj 5.06K,,,,,0.081,,,
2026-09-25T15:11:31+00:00,mlb,props_k,Brayan Bello Over 9.5 K,0.041,,,,,0,,L,2026.09.24.4,2026-09-25|mlb|props_k|Brayan Bello Over 9.5 K,2026-09-25,c1c95aa0c77e6735bae6602eec2b42be,Chicago Cubs @ Boston Red Sox,2026-09-25T21:36:00Z,Brayan Bello,9.5,10,0.041,,informatif,24.39,,,ladder · proj 5.06K,,,,,0.041,,,
2026-09-25T15:11:31+00:00,mlb,props_k,David Peterson Over 2.5 K,0.865,,,,,0,,W,2026.09.24.4,2026-09-25|mlb|props_k|David Peterson Over 2.5 K,2026-09-25,c1c95aa0c77e6735bae6602eec2b42be,Chicago Cubs @ Boston Red Sox,2026-09-25T21:36:00Z,David Peterson,2.5,3,0.865,,informatif,1.156,,,ladder · proj 5.0K,,,,,0.865,,,
2026-09-25T15:11:31+00:00,mlb,props_k,David Peterson Over 3.5 K,0.723,,,,,0,,W,2026.09.24.4,2026-09-25|mlb|props_k|David Peterson Over 3.5 K,2026-09-25,c1c95aa0c77e6735bae6602eec2b42be,Chicago Cubs @ Boston Red Sox,2026-09-25T21:36:00Z,David Peterson,3.5,4,0.723,,informatif,1.383,,,ladder · proj 5.0K,,,,,0.723,,,
2026-09-25T15:11:31+00:00,mlb,props_k,David Peterson Over 4.5 K,0.552,,,,,0,,W,2026.09.24.4,2026-09-25|mlb|props_k|David Peterson Over 4.5 K,2026-09-25,c1c95aa0c77e6735bae6602eec2b42be,Chicago Cubs @ Boston Red Sox,2026-09-25T21:36:00Z,David Peterson,4.5,5,0.552,,informatif,1.812,,,ladder · proj 5.0K,,,,,0.552,,,
2026-09-25T15:11:31+00:00,mlb,props_k,David Peterson Over 5.5 K,0.384,,,,,0,,W,2026.09.24.4,2026-09-25|mlb|props_k|David Peterson Over 5.5 K,2026-09-25,c1c95aa0c77e6735bae6602eec2b42be,Chicago Cubs @ Boston Red Sox,2026-09-25T21:36:00Z,David Peterson,5.5,6,0.384,,informatif,2.604,,,ladder · proj 5.0K,,,,,0.384,,,
2026-09-25T15:11:31+00:00,mlb,props_k,David Peterson Over 6.5 K,0.244,,,,,0,,L,2026.09.24.4,2026-09-25|mlb|props_k|David Peterson Over 6.5 K,2026-09-25,c1c95aa0c77e6735bae6602eec2b42be,Chicago Cubs @ Boston Red Sox,2026-09-25T21:36:00Z,David Peterson,6.5,7,0.244,,informatif,4.098,,,ladder · proj 5.0K,,,,,0.244,,,
2026-09-25T15:11:31+00:00,mlb,props_k,David Peterson Over 7.5 K,0.142,,,,,0,,L,2026.09.24.4,2026-09-25|mlb|props_k|David Peterson Over 7.5 K,2026-09-25,c1c95aa0c77e6735bae6602eec2b42be,Chicago Cubs @ Boston Red Sox,2026-09-25T21:36:00Z,David Peterson,7.5,8,0.142,,informatif,7.042,,,ladder · proj 5.0K,,,,,0.142,,,
2026-09-25T15:11:31+00:00,mlb,props_k,David Peterson Over 8.5 K,0.076,,,,,0,,L,2026.09.24.4,2026-09-25|mlb|props_k|David Peterson Over 8.5 K,2026-09-25,c1c95aa0c77e6735bae6602eec2b42be,Chicago Cubs @ Boston Red Sox,2026-09-25T21:36:00Z,David Peterson,8.5,9,0.076,,informatif,13.158,,,ladder · proj 5.0K,,,,,0.076,,,
2026-09-25T15:11:31+00:00,mlb,props_k,David Peterson Over 9.5 K,0.038,,,,,0,,L,2026.09.24.4,2026-09-25|mlb|props_k|David Peterson Over 9.5 K,2026-09-25,c1c95aa0c77e6735bae6602eec2b42be,Chicago Cubs @ Boston Red Sox,2026-09-25T21:36:00Z,David Peterson,9.5,10,0.038,,informatif,26.316,,,ladder · proj 5.0K,,,,,0.038,,,
2026-09-25T15:11:33+00:00,mlb,props_k,Jackson Jobe Over 2.5 K,0.937,,,,,0,,W,2026.09.24.4,2026-09-25|mlb|props_k|Jackson Jobe Over 2.5 K,2026-09-25,3aa03f1c80c2ca97a49e0b7548d9e647,Pittsburgh Pirates @ Detroit Tigers,2026-09-25T22:41:00Z,Jackson Jobe,2.5,3,0.937,,informatif,1.067,,,ladder · proj 6.19K,,,,,0.937,,,
2026-09-25T15:11:33+00:00,mlb,props_k,Jackson Jobe Over 3.5 K,0.851,,,,,0,,W,2026.09.24.4,2026-09-25|mlb|props_k|Jackson Jobe Over 3.5 K,2026-09-25,3aa03f1c80c2ca97a49e0b7548d9e647,Pittsburgh Pirates @ Detroit Tigers,2026-09-25T22:41:00Z,Jackson Jobe,3.5,4,0.851,,informatif,1.175,,,ladder · proj 6.19K,,,,,0.851,,,
2026-09-25T15:11:33+00:00,mlb,props_k,Jackson Jobe Over 4.5 K,0.725,,,,,0,,W,2026.09.24.4,2026-09-25|mlb|props_k|Jackson Jobe Over 4.5 K,2026-09-25,3aa03f1c80c2ca97a49e0b7548d9e647,Pittsburgh Pirates @ Detroit Tigers,2026-09-25T22:41:00Z,Jackson Jobe,4.5,5,0.725,,informatif,1.379,,,ladder · proj 6.19K,,,,,0.725,,,
2026-09-25T15:11:33+00:00,mlb,props_k,Jackson Jobe Over 5.5 K,0.575,,,,,0,,W,2026.09.24.4,2026-09-25|mlb|props_k|Jackson Jobe Over 5.5 K,2026-09-25,3aa03f1c80c2ca97a49e0b7548d9e647,Pittsburgh Pirates @ Detroit Tigers,2026-09-25T22:41:00Z,Jackson Jobe,5.5,6,0.575,,informatif,1.739,,,ladder · proj 6.19K,,,,,0.575,,,
2026-09-25T15:11:33+00:00,mlb,props_k,Jackson Jobe Over 6.5 K,0.422,,,,,0,,W,2026.09.24.4,2026-09-25|mlb|props_k|Jackson Jobe Over 6.5 K,2026-09-25,3aa03f1c80c2ca97a49e0b7548d9e647,Pittsburgh Pirates @ Detroit Tigers,2026-09-25T22:41:00Z,Jackson Jobe,6.5,7,0.422,,informatif,2.37,,,ladder · proj 6.19K,,,,,0.422,,,
2026-09-25T15:11:33+00:00,mlb,props_k,Jackson Jobe Over 7.5 K,0.288,,,,,0,,W,2026.09.24.4,2026-09-25|mlb|props_k|Jackson Jobe Over 7.5 K,2026-09-25,3aa03f1c80c2ca97a49e0b7548d9e647,Pittsburgh Pirates @ Detroit Tigers,2026-09-25T22:41:00Z,Jackson Jobe,7.5,8,0.288,,informatif,3.472,,,ladder · proj 6.19K,,,,,0.288,,,
2026-09-25T15:11:33+00:00,mlb,props_k,Jackson Jobe Over 8.5 K,0.183,,,,,0,,L,2026.09.24.4,2026-09-25|mlb|props_k|Jackson Jobe Over 8.5 K,2026-09-25,3aa03f1c80c2ca97a49e0b7548d9e647,Pittsburgh Pirates @ Detroit Tigers,2026-09-25T22:41:00Z,Jackson Jobe,8.5,9,0.183,,informatif,5.464,,,ladder · proj 6.19K,,,,,0.183,,,
2026-09-25T15:11:33+00:00,mlb,props_k,Jackson Jobe Over 9.5 K,0.108,,,,,0,,L,2026.09.24.4,2026-09-25|mlb|props_k|Jackson Jobe Over 9.5 K,2026-09-25,3aa03f1c80c2ca97a49e0b7548d9e647,Pittsburgh Pirates @ Detroit Tigers,2026-09-25T22:41:00Z,Jackson Jobe,9.5,10,0.108,,informatif,9.259,,,ladder · proj 6.19K,,,,,0.108,,,
2026-09-25T15:11:33+00:00,mlb,props_k,Bubba Chandler Over 2.5 K,0.885,,,,,0,,L,2026.09.24.4,2026-09-25|mlb|props_k|Bubba Chandler Over 2.5 K,2026-09-25,3aa03f1c80c2ca97a49e0b7548d9e647,Pittsburgh Pirates @ Detroit Tigers,2026-09-25T22:41:00Z,Bubba Chandler,2.5,3,0.885,,informatif,1.13,,,ladder · proj 5.26K,,,,,0.885,,,
2026-09-25T15:11:33+00:00,mlb,props_k,Bubba Chandler Over 3.5 K,0.757,,,,,0,,L,2026.09.24.4,2026-09-25|mlb|props_k|Bubba Chandler Over 3.5 K,2026-09-25,3aa03f1c80c2ca97a49e0b7548d9e647,Pittsburgh Pirates @ Detroit Tigers,2026-09-25T22:41:00Z,Bubba Chandler,3.5,4,0.757,,informatif,1.321,,,ladder · proj 5.26K,,,,,0.757,,,
2026-09-25T15:11:33+00:00,mlb,props_k,Bubba Chandler Over 4.5 K,0.595,,,,,0,,L,2026.09.24.4,2026-09-25|mlb|props_k|Bubba Chandler Over 4.5 K,2026-09-25,3aa03f1c80c2ca97a49e0b7548d9e647,Pittsburgh Pirates @ Detroit Tigers,2026-09-25T22:41:00Z,Bubba Chandler,4.5,5,0.595,,informatif,1.681,,,ladder · proj 5.26K,,,,,0.595,,,
2026-09-25T15:11:33+00:00,mlb,props_k,Bubba Chandler Over 5.5 K,0.428,,,,,0,,L,2026.09.24.4,2026-09-25|mlb|props_k|Bubba Chandler Over 5.5 K,2026-09-25,3aa03f1c80c2ca97a49e0b7548d9e647,Pittsburgh Pirates @ Detroit Tigers,2026-09-25T22:41:00Z,Bubba Chandler,5.5,6,0.428,,informatif,2.336,,,ladder · proj 5.26K,,,,,0.428,,,
2026-09-25T15:11:33+00:00,mlb,props_k,Bubba Chandler Over 6.5 K,0.281,,,,,0,,L,2026.09.24.4,2026-09-25|mlb|props_k|Bubba Chandler Over 6.5 K,2026-09-25,3aa03f1c80c2ca97a49e0b7548d9e647,Pittsburgh Pirates @ Detroit Tigers,2026-09-25T22:41:00Z,Bubba Chandler,6.5,7,0.281,,informatif,3.559,,,ladder · proj 5.26K,,,,,0.281,,,
2026-09-25T15:11:33+00:00,mlb,props_k,Bubba Chandler Over 7.5 K,0.171,,,,,0,,L,2026.09.24.4,2026-09-25|mlb|props_k|Bubba Chandler Over 7.5 K,2026-09-25,3aa03f1c80c2ca97a49e0b7548d9e647,Pittsburgh Pirates @ Detroit Tigers,2026-09-25T22:41:00Z,Bubba Chandler,7.5,8,0.171,,informatif,5.848,,,ladder · proj 5.26K,,,,,0.171,,,
2026-09-25T15:11:33+00:00,mlb,props_k,Bubba Chandler Over 8.5 K,0.096,,,,,0,,L,2026.09.24.4,2026-09-25|mlb|props_k|Bubba Chandler Over 8.5 K,2026-09-25,3aa03f1c80c2ca97a49e0b7548d9e647,Pittsburgh Pirates @ Detroit Tigers,2026-09-25T22:41:00Z,Bubba Chandler,8.5,9,0.096,,informatif,10.417,,,ladder · proj 5.26K,,,,,0.096,,,
2026-09-25T15:11:33+00:00,mlb,props_k,Bubba Chandler Over 9.5 K,0.05,,,,,0,,L,2026.09.24.4,2026-09-25|mlb|props_k|Bubba Chandler Over 9.5 K,2026-09-25,3aa03f1c80c2ca97a49e0b7548d9e647,Pittsburgh Pirates @ Detroit Tigers,2026-09-25T22:41:00Z,Bubba Chandler,9.5,10,0.05,,informatif,20,,,ladder · proj 5.26K,,,,,0.05,,,
2026-09-25T15:11:55+00:00,mlb,props_k,Cristopher Sánchez Over 2.5 K,0.88,,,,,0,,W,2026.09.24.4,2026-09-25|mlb|props_k|Cristopher Sánchez Over 2.5 K,2026-09-25,6e8b1f358bb5c3837f473e61ecb68650,Tampa Bay Rays @ Philadelphia Phillies,2026-09-25T22:41:00Z,Cristopher Sánchez,2.5,3,0.88,,informatif,1.136,,,ladder · proj 5.19K,,,,,0.88,,,
2026-09-25T15:11:55+00:00,mlb,props_k,Cristopher Sánchez Over 3.5 K,0.748,,,,,0,,W,2026.09.24.4,2026-09-25|mlb|props_k|Cristopher Sánchez Over 3.5 K,2026-09-25,6e8b1f358bb5c3837f473e61ecb68650,Tampa Bay Rays @ Philadelphia Phillies,2026-09-25T22:41:00Z,Cristopher Sánchez,3.5,4,0.748,,informatif,1.337,,,ladder · proj 5.19K,,,,,0.748,,,
2026-09-25T15:11:55+00:00,mlb,props_k,Cristopher Sánchez Over 4.5 K,0.584,,,,,0,,W,2026.09.24.4,2026-09-25|mlb|props_k|Cristopher Sánchez Over 4.5 K,2026-09-25,6e8b1f358bb5c3837f473e61ecb68650,Tampa Bay Rays @ Philadelphia Phillies,2026-09-25T22:41:00Z,Cristopher Sánchez,4.5,5,0.584,,informatif,1.712,,,ladder · proj 5.19K,,,,,0.584,,,
2026-09-25T15:17:21+00:00,mlb,props_k,Cristopher Sánchez Over 5.5 K,0.416,,,,,0,,W,2026.09.24.4,2026-09-25|mlb|props_k|Cristopher Sánchez Over 5.5 K,2026-09-25,6e8b1f358bb5c3837f473e61ecb68650,Tampa Bay Rays @ Philadelphia Phillies,2026-09-25T22:41:00Z,Cristopher Sánchez,5.5,6,0.416,,informatif,2.404,,,ladder · proj 5.19K,,,1,,0.416,,,
2026-09-25T15:11:55+00:00,mlb,props_k,Cristopher Sánchez Over 6.5 K,0.271,,,,,0,,W,2026.09.24.4,2026-09-25|mlb|props_k|Cristopher Sánchez Over 6.5 K,2026-09-25,6e8b1f358bb5c3837f473e61ecb68650,Tampa Bay Rays @ Philadelphia Phillies,2026-09-25T22:41:00Z,Cristopher Sánchez,6.5,7,0.271,,informatif,3.69,,,ladder · proj 5.19K,,,,,0.271,,,
2026-09-25T15:11:55+00:00,mlb,props_k,Cristopher Sánchez Over 7.5 K,0.163,,,,,0,,W,2026.09.24.4,2026-09-25|mlb|props_k|Cristopher Sánchez Over 7.5 K,2026-09-25,6e8b1f358bb5c3837f473e61ecb68650,Tampa Bay Rays @ Philadelphia Phillies,2026-09-25T22:41:00Z,Cristopher Sánchez,7.5,8,0.163,,informatif,6.135,,,ladder · proj 5.19K,,,,,0.163,,,
2026-09-25T15:11:55+00:00,mlb,props_k,Cristopher Sánchez Over 8.5 K,0.09,,,,,0,,W,2026.09.24.4,2026-09-25|mlb|props_k|Cristopher Sánchez Over 8.5 K,2026-09-25,6e8b1f358bb5c3837f473e61ecb68650,Tampa Bay Rays @ Philadelphia Phillies,2026-09-25T22:41:00Z,Cristopher Sánchez,8.5,9,0.09,,informatif,11.111,,,ladder · proj 5.19K,,,,,0.09,,,
2026-09-25T15:11:55+00:00,mlb,props_k,Cristopher Sánchez Over 9.5 K,0.046,,,,,0,,W,2026.09.24.4,2026-09-25|mlb|props_k|Cristopher Sánchez Over 9.5 K,2026-09-25,6e8b1f358bb5c3837f473e61ecb68650,Tampa Bay Rays @ Philadelphia Phillies,2026-09-25T22:41:00Z,Cristopher Sánchez,9.5,10,0.046,,informatif,21.739,,,ladder · proj 5.19K,,,,,0.046,,,
2026-09-25T15:11:55+00:00,mlb,props_k,Freddy Peralta Over 2.5 K,0.851,,,,,0,,W,2026.09.24.4,2026-09-25|mlb|props_k|Freddy Peralta Over 2.5 K,2026-09-25,6e8b1f358bb5c3837f473e61ecb68650,Tampa Bay Rays @ Philadelphia Phillies,2026-09-25T22:41:00Z,Freddy Peralta,2.5,3,0.851,,informatif,1.175,,,ladder · proj 4.85K,,,,,0.851,,,
2026-09-25T15:11:55+00:00,mlb,props_k,Freddy Peralta Over 3.5 K,0.702,,,,,0,,W,2026.09.24.4,2026-09-25|mlb|props_k|Freddy Peralta Over 3.5 K,2026-09-25,6e8b1f358bb5c3837f473e61ecb68650,Tampa Bay Rays @ Philadelphia Phillies,2026-09-25T22:41:00Z,Freddy Peralta,3.5,4,0.702,,informatif,1.425,,,ladder · proj 4.85K,,,,,0.702,,,
2026-09-25T15:11:55+00:00,mlb,props_k,Freddy Peralta Over 4.5 K,0.526,,,,,0,,L,2026.09.24.4,2026-09-25|mlb|props_k|Freddy Peralta Over 4.5 K,2026-09-25,6e8b1f358bb5c3837f473e61ecb68650,Tampa Bay Rays @ Philadelphia Phillies,2026-09-25T22:41:00Z,Freddy Peralta,4.5,5,0.526,,informatif,1.901,,,ladder · proj 4.85K,,,,,0.526,,,
2026-09-25T15:11:55+00:00,mlb,props_k,Freddy Peralta Over 5.5 K,0.359,,,,,0,,L,2026.09.24.4,2026-09-25|mlb|props_k|Freddy Peralta Over 5.5 K,2026-09-25,6e8b1f358bb5c3837f473e61ecb68650,Tampa Bay Rays @ Philadelphia Phillies,2026-09-25T22:41:00Z,Freddy Peralta,5.5,6,0.359,,informatif,2.786,,,ladder · proj 4.85K,,,,,0.359,,,
2026-09-25T15:11:55+00:00,mlb,props_k,Freddy Peralta Over 6.5 K,0.223,,,,,0,,L,2026.09.24.4,2026-09-25|mlb|props_k|Freddy Peralta Over 6.5 K,2026-09-25,6e8b1f358bb5c3837f473e61ecb68650,Tampa Bay Rays @ Philadelphia Phillies,2026-09-25T22:41:00Z,Freddy Peralta,6.5,7,0.223,,informatif,4.484,,,ladder · proj 4.85K,,,,,0.223,,,
2026-09-25T15:11:55+00:00,mlb,props_k,Freddy Peralta Over 7.5 K,0.127,,,,,0,,L,2026.09.24.4,2026-09-25|mlb|props_k|Freddy Peralta Over 7.5 K,2026-09-25,6e8b1f358bb5c3837f473e61ecb68650,Tampa Bay Rays @ Philadelphia Phillies,2026-09-25T22:41:00Z,Freddy Peralta,7.5,8,0.127,,informatif,7.874,,,ladder · proj 4.85K,,,,,0.127,,,
2026-09-25T15:11:55+00:00,mlb,props_k,Freddy Peralta Over 8.5 K,0.067,,,,,0,,L,2026.09.24.4,2026-09-25|mlb|props_k|Freddy Peralta Over 8.5 K,2026-09-25,6e8b1f358bb5c3837f473e61ecb68650,Tampa Bay Rays @ Philadelphia Phillies,2026-09-25T22:41:00Z,Freddy Peralta,8.5,9,0.067,,informatif,14.925,,,ladder · proj 4.85K,,,,,0.067,,,
2026-09-25T15:11:55+00:00,mlb,props_k,Freddy Peralta Over 9.5 K,0.032,,,,,0,,L,2026.09.24.4,2026-09-25|mlb|props_k|Freddy Peralta Over 9.5 K,2026-09-25,6e8b1f358bb5c3837f473e61ecb68650,Tampa Bay Rays @ Philadelphia Phillies,2026-09-25T22:41:00Z,Freddy Peralta,9.5,10,0.032,,informatif,31.25,,,ladder · proj 4.85K,,,,,0.032,,,
2026-09-25T15:12:19+00:00,mlb,props_k,Andrew Alvarez Over 2.5 K,0.905,,,,,0,,W,2026.09.24.4,2026-09-25|mlb|props_k|Andrew Alvarez Over 2.5 K,2026-09-25,80d706190519a0e4956a64e84e72ed94,New York Mets @ Washington Nationals,2026-09-25T22:46:00Z,Andrew Alvarez,2.5,3,0.905,,informatif,1.105,,,ladder · proj 5.56K,,,,,0.905,,,
2026-09-25T15:12:19+00:00,mlb,props_k,Andrew Alvarez Over 3.5 K,0.792,,,,,0,,W,2026.09.24.4,2026-09-25|mlb|props_k|Andrew Alvarez Over 3.5 K,2026-09-25,80d706190519a0e4956a64e84e72ed94,New York Mets @ Washington Nationals,2026-09-25T22:46:00Z,Andrew Alvarez,3.5,4,0.792,,informatif,1.263,,,ladder · proj 5.56K,,,,,0.792,,,
2026-09-25T15:12:19+00:00,mlb,props_k,Andrew Alvarez Over 4.5 K,0.641,,,,,0,,W,2026.09.24.4,2026-09-25|mlb|props_k|Andrew Alvarez Over 4.5 K,2026-09-25,80d706190519a0e4956a64e84e72ed94,New York Mets @ Washington Nationals,2026-09-25T22:46:00Z,Andrew Alvarez,4.5,5,0.641,,informatif,1.56,,,ladder · proj 5.56K,,,,,0.641,,,
2026-09-25T15:12:19+00:00,mlb,props_k,Andrew Alvarez Over 5.5 K,0.477,,,,,0,,W,2026.09.24.4,2026-09-25|mlb|props_k|Andrew Alvarez Over 5.5 K,2026-09-25,80d706190519a0e4956a64e84e72ed94,New York Mets @ Washington Nationals,2026-09-25T22:46:00Z,Andrew Alvarez,5.5,6,0.477,,informatif,2.096,,,ladder · proj 5.56K,,,,,0.477,,,
2026-09-25T15:12:19+00:00,mlb,props_k,Andrew Alvarez Over 6.5 K,0.326,,,,,0,,W,2026.09.24.4,2026-09-25|mlb|props_k|Andrew Alvarez Over 6.5 K,2026-09-25,80d706190519a0e4956a64e84e72ed94,New York Mets @ Washington Nationals,2026-09-25T22:46:00Z,Andrew Alvarez,6.5,7,0.326,,informatif,3.067,,,ladder · proj 5.56K,,,,,0.326,,,
2026-09-25T15:12:19+00:00,mlb,props_k,Andrew Alvarez Over 7.5 K,0.206,,,,,0,,L,2026.09.24.4,2026-09-25|mlb|props_k|Andrew Alvarez Over 7.5 K,2026-09-25,80d706190519a0e4956a64e84e72ed94,New York Mets @ Washington Nationals,2026-09-25T22:46:00Z,Andrew Alvarez,7.5,8,0.206,,informatif,4.854,,,ladder · proj 5.56K,,,,,0.206,,,
2026-09-25T15:12:19+00:00,mlb,props_k,Andrew Alvarez Over 8.5 K,0.121,,,,,0,,L,2026.09.24.4,2026-09-25|mlb|props_k|Andrew Alvarez Over 8.5 K,2026-09-25,80d706190519a0e4956a64e84e72ed94,New York Mets @ Washington Nationals,2026-09-25T22:46:00Z,Andrew Alvarez,8.5,9,0.121,,informatif,8.264,,,ladder · proj 5.56K,,,,,0.121,,,
2026-09-25T15:12:19+00:00,mlb,props_k,Andrew Alvarez Over 9.5 K,0.066,,,,,0,,L,2026.09.24.4,2026-09-25|mlb|props_k|Andrew Alvarez Over 9.5 K,2026-09-25,80d706190519a0e4956a64e84e72ed94,New York Mets @ Washington Nationals,2026-09-25T22:46:00Z,Andrew Alvarez,9.5,10,0.066,,informatif,15.152,,,ladder · proj 5.56K,,,,,0.066,,,
2026-09-25T15:12:41+00:00,mlb,props_k,Brendan Beck Over 2.5 K,0.342,,,,,0,,W,2026.09.24.4,2026-09-25|mlb|props_k|Brendan Beck Over 2.5 K,2026-09-25,3fe14d478bc1ffac17198c460085ca70,Baltimore Orioles @ New York Yankees,2026-09-25T23:06:00Z,Brendan Beck,2.5,3,0.342,,informatif,2.924,,,ladder · proj 2.07K,,,,,0.342,,,
2026-09-25T15:12:41+00:00,mlb,props_k,Brendan Beck Over 3.5 K,0.159,,,,,0,,W,2026.09.24.4,2026-09-25|mlb|props_k|Brendan Beck Over 3.5 K,2026-09-25,3fe14d478bc1ffac17198c460085ca70,Baltimore Orioles @ New York Yankees,2026-09-25T23:06:00Z,Brendan Beck,3.5,4,0.159,,informatif,6.289,,,ladder · proj 2.07K,,,,,0.159,,,
2026-09-25T15:12:41+00:00,mlb,props_k,Brendan Beck Over 4.5 K,0.062,,,,,0,,W,2026.09.24.4,2026-09-25|mlb|props_k|Brendan Beck Over 4.5 K,2026-09-25,3fe14d478bc1ffac17198c460085ca70,Baltimore Orioles @ New York Yankees,2026-09-25T23:06:00Z,Brendan Beck,4.5,5,0.062,,informatif,16.129,,,ladder · proj 2.07K,,,,,0.062,,,
2026-09-25T15:12:41+00:00,mlb,props_k,Brendan Beck Over 5.5 K,0.021,,,,,0,,W,2026.09.24.4,2026-09-25|mlb|props_k|Brendan Beck Over 5.5 K,2026-09-25,3fe14d478bc1ffac17198c460085ca70,Baltimore Orioles @ New York Yankees,2026-09-25T23:06:00Z,Brendan Beck,5.5,6,0.021,,informatif,47.619,,,ladder · proj 2.07K,,,,,0.021,,,
2026-09-25T15:12:41+00:00,mlb,props_k,Brendan Beck Over 6.5 K,0.007,,,,,0,,W,2026.09.24.4,2026-09-25|mlb|props_k|Brendan Beck Over 6.5 K,2026-09-25,3fe14d478bc1ffac17198c460085ca70,Baltimore Orioles @ New York Yankees,2026-09-25T23:06:00Z,Brendan Beck,6.5,7,0.007,,informatif,142.857,,,ladder · proj 2.07K,,,,,0.007,,,
2026-09-25T15:12:41+00:00,mlb,props_k,Brendan Beck Over 7.5 K,0.002,,,,,0,,W,2026.09.24.4,2026-09-25|mlb|props_k|Brendan Beck Over 7.5 K,2026-09-25,3fe14d478bc1ffac17198c460085ca70,Baltimore Orioles @ New York Yankees,2026-09-25T23:06:00Z,Brendan Beck,7.5,8,0.002,,informatif,500,,,ladder · proj 2.07K,,,,,0.002,,,
2026-09-25T15:12:41+00:00,mlb,props_k,Brendan Beck Over 8.5 K,0,,,,,0,,L,2026.09.24.4,2026-09-25|mlb|props_k|Brendan Beck Over 8.5 K,2026-09-25,3fe14d478bc1ffac17198c460085ca70,Baltimore Orioles @ New York Yankees,2026-09-25T23:06:00Z,Brendan Beck,8.5,9,0,,informatif,,,,ladder · proj 2.07K,,,,,0,,,
2026-09-25T15:12:41+00:00,mlb,props_k,Brendan Beck Over 9.5 K,0,,,,,0,,L,2026.09.24.4,2026-09-25|mlb|props_k|Brendan Beck Over 9.5 K,2026-09-25,3fe14d478bc1ffac17198c460085ca70,Baltimore Orioles @ New York Yankees,2026-09-25T23:06:00Z,Brendan Beck,9.5,10,0,,informatif,,,,ladder · proj 2.07K,,,,,0,,,
2026-09-25T15:11:10+00:00,mlb,props_k,Trevor Rogers Over 2.5 K,0.957,,,,,0,,W,2026.09.24.4,2026-09-25|mlb|props_k|Trevor Rogers Over 2.5 K,2026-09-25,d4b069a134ec3ae75f0a644498b793c6,Baltimore Orioles @ New York Yankees,2026-09-25T20:05:00Z,Trevor Rogers,2.5,3,0.957,,informatif,1.045,,,ladder · proj 6.77K,,,,,0.957,,,
2026-09-25T15:11:10+00:00,mlb,props_k,Trevor Rogers Over 3.5 K,0.892,,,,,0,,W,2026.09.24.4,2026-09-25|mlb|props_k|Trevor Rogers Over 3.5 K,2026-09-25,d4b069a134ec3ae75f0a644498b793c6,Baltimore Orioles @ New York Yankees,2026-09-25T20:05:00Z,Trevor Rogers,3.5,4,0.892,,informatif,1.121,,,ladder · proj 6.77K,,,,,0.892,,,
2026-09-25T15:11:10+00:00,mlb,props_k,Trevor Rogers Over 4.5 K,0.789,,,,,0,,L,2026.09.24.4,2026-09-25|mlb|props_k|Trevor Rogers Over 4.5 K,2026-09-25,d4b069a134ec3ae75f0a644498b793c6,Baltimore Orioles @ New York Yankees,2026-09-25T20:05:00Z,Trevor Rogers,4.5,5,0.789,,informatif,1.267,,,ladder · proj 6.77K,,,,,0.789,,,
2026-09-25T15:11:10+00:00,mlb,props_k,Trevor Rogers Over 5.5 K,0.655,,,,,0,,L,2026.09.24.4,2026-09-25|mlb|props_k|Trevor Rogers Over 5.5 K,2026-09-25,d4b069a134ec3ae75f0a644498b793c6,Baltimore Orioles @ New York Yankees,2026-09-25T20:05:00Z,Trevor Rogers,5.5,6,0.655,,informatif,1.527,,,ladder · proj 6.77K,,,,,0.655,,,
2026-09-25T15:11:10+00:00,mlb,props_k,Trevor Rogers Over 6.5 K,0.509,,,,,0,,L,2026.09.24.4,2026-09-25|mlb|props_k|Trevor Rogers Over 6.5 K,2026-09-25,d4b069a134ec3ae75f0a644498b793c6,Baltimore Orioles @ New York Yankees,2026-09-25T20:05:00Z,Trevor Rogers,6.5,7,0.509,,informatif,1.965,,,ladder · proj 6.77K,,,,,0.509,,,
2026-09-25T15:11:10+00:00,mlb,props_k,Trevor Rogers Over 7.5 K,0.369,,,,,0,,L,2026.09.24.4,2026-09-25|mlb|props_k|Trevor Rogers Over 7.5 K,2026-09-25,d4b069a134ec3ae75f0a644498b793c6,Baltimore Orioles @ New York Yankees,2026-09-25T20:05:00Z,Trevor Rogers,7.5,8,0.369,,informatif,2.71,,,ladder · proj 6.77K,,,,,0.369,,,
2026-09-25T15:11:10+00:00,mlb,props_k,Trevor Rogers Over 8.5 K,0.25,,,,,0,,L,2026.09.24.4,2026-09-25|mlb|props_k|Trevor Rogers Over 8.5 K,2026-09-25,d4b069a134ec3ae75f0a644498b793c6,Baltimore Orioles @ New York Yankees,2026-09-25T20:05:00Z,Trevor Rogers,8.5,9,0.25,,informatif,4,,,ladder · proj 6.77K,,,,,0.25,,,
2026-09-25T15:11:10+00:00,mlb,props_k,Trevor Rogers Over 9.5 K,0.158,,,,,0,,L,2026.09.24.4,2026-09-25|mlb|props_k|Trevor Rogers Over 9.5 K,2026-09-25,d4b069a134ec3ae75f0a644498b793c6,Baltimore Orioles @ New York Yankees,2026-09-25T20:05:00Z,Trevor Rogers,9.5,10,0.158,,informatif,6.329,,,ladder · proj 6.77K,,,,,0.158,,,
2026-09-25T15:12:43+00:00,mlb,props_k,Nick Lodolo Over 2.5 K,0.762,,,,,0,,W,2026.09.24.4,2026-09-25|mlb|props_k|Nick Lodolo Over 2.5 K,2026-09-25,890be5ce6e3ea3d7c6f0b76bd9a0e45a,Cincinnati Reds @ Toronto Blue Jays,2026-09-25T23:08:00Z,Nick Lodolo,2.5,3,0.762,,informatif,1.312,,,ladder · proj 4.07K,,,,,0.762,,,
2026-09-25T15:12:43+00:00,mlb,props_k,Nick Lodolo Over 3.5 K,0.573,,,,,0,,L,2026.09.24.4,2026-09-25|mlb|props_k|Nick Lodolo Over 3.5 K,2026-09-25,890be5ce6e3ea3d7c6f0b76bd9a0e45a,Cincinnati Reds @ Toronto Blue Jays,2026-09-25T23:08:00Z,Nick Lodolo,3.5,4,0.573,,informatif,1.745,,,ladder · proj 4.07K,,,,,0.573,,,
2026-09-25T15:12:43+00:00,mlb,props_k,Nick Lodolo Over 4.5 K,0.384,,,,,0,,L,2026.09.24.4,2026-09-25|mlb|props_k|Nick Lodolo Over 4.5 K,2026-09-25,890be5ce6e3ea3d7c6f0b76bd9a0e45a,Cincinnati Reds @ Toronto Blue Jays,2026-09-25T23:08:00Z,Nick Lodolo,4.5,5,0.384,,informatif,2.604,,,ladder · proj 4.07K,,,,,0.384,,,
2026-09-25T15:12:43+00:00,mlb,props_k,Nick Lodolo Over 5.5 K,0.231,,,,,0,,L,2026.09.24.4,2026-09-25|mlb|props_k|Nick Lodolo Over 5.5 K,2026-09-25,890be5ce6e3ea3d7c6f0b76bd9a0e45a,Cincinnati Reds @ Toronto Blue Jays,2026-09-25T23:08:00Z,Nick Lodolo,5.5,6,0.231,,informatif,4.329,,,ladder · proj 4.07K,,,,,0.231,,,
2026-09-25T15:12:43+00:00,mlb,props_k,Nick Lodolo Over 6.5 K,0.125,,,,,0,,L,2026.09.24.4,2026-09-25|mlb|props_k|Nick Lodolo Over 6.5 K,2026-09-25,890be5ce6e3ea3d7c6f0b76bd9a0e45a,Cincinnati Reds @ Toronto Blue Jays,2026-09-25T23:08:00Z,Nick Lodolo,6.5,7,0.125,,informatif,8,,,ladder · proj 4.07K,,,,,0.125,,,
2026-09-25T15:12:43+00:00,mlb,props_k,Nick Lodolo Over 7.5 K,0.062,,,,,0,,L,2026.09.24.4,2026-09-25|mlb|props_k|Nick Lodolo Over 7.5 K,2026-09-25,890be5ce6e3ea3d7c6f0b76bd9a0e45a,Cincinnati Reds @ Toronto Blue Jays,2026-09-25T23:08:00Z,Nick Lodolo,7.5,8,0.062,,informatif,16.129,,,ladder · proj 4.07K,,,,,0.062,,,
2026-09-25T15:12:43+00:00,mlb,props_k,Nick Lodolo Over 8.5 K,0.028,,,,,0,,L,2026.09.24.4,2026-09-25|mlb|props_k|Nick Lodolo Over 8.5 K,2026-09-25,890be5ce6e3ea3d7c6f0b76bd9a0e45a,Cincinnati Reds @ Toronto Blue Jays,2026-09-25T23:08:00Z,Nick Lodolo,8.5,9,0.028,,informatif,35.714,,,ladder · proj 4.07K,,,,,0.028,,,
2026-09-25T15:12:43+00:00,mlb,props_k,Nick Lodolo Over 9.5 K,0.012,,,,,0,,L,2026.09.24.4,2026-09-25|mlb|props_k|Nick Lodolo Over 9.5 K,2026-09-25,890be5ce6e3ea3d7c6f0b76bd9a0e45a,Cincinnati Reds @ Toronto Blue Jays,2026-09-25T23:08:00Z,Nick Lodolo,9.5,10,0.012,,informatif,83.333,,,ladder · proj 4.07K,,,,,0.012,,,
2026-09-25T15:13:05+00:00,mlb,props_k,Eury Pérez Over 2.5 K,0.79,,,,,0,,W,2026.09.24.4,2026-09-25|mlb|props_k|Eury Pérez Over 2.5 K,2026-09-25,2d3d378044cc538b0a3d77acaacd15a1,Atlanta Braves @ Miami Marlins,2026-09-25T23:11:00Z,Eury Pérez,2.5,3,0.79,,informatif,1.266,,,ladder · proj 4.28K,,,,,0.79,,,
2026-09-25T15:13:05+00:00,mlb,props_k,Eury Pérez Over 3.5 K,0.611,,,,,0,,W,2026.09.24.4,2026-09-25|mlb|props_k|Eury Pérez Over 3.5 K,2026-09-25,2d3d378044cc538b0a3d77acaacd15a1,Atlanta Braves @ Miami Marlins,2026-09-25T23:11:00Z,Eury Pérez,3.5,4,0.611,,informatif,1.637,,,ladder · proj 4.28K,,,,,0.611,,,
2026-09-25T15:13:05+00:00,mlb,props_k,Eury Pérez Over 4.5 K,0.424,,,,,0,,W,2026.09.24.4,2026-09-25|mlb|props_k|Eury Pérez Over 4.5 K,2026-09-25,2d3d378044cc538b0a3d77acaacd15a1,Atlanta Braves @ Miami Marlins,2026-09-25T23:11:00Z,Eury Pérez,4.5,5,0.424,,informatif,2.358,,,ladder · proj 4.28K,,,,,0.424,,,
2026-09-25T15:13:05+00:00,mlb,props_k,Eury Pérez Over 5.5 K,0.264,,,,,0,,W,2026.09.24.4,2026-09-25|mlb|props_k|Eury Pérez Over 5.5 K,2026-09-25,2d3d378044cc538b0a3d77acaacd15a1,Atlanta Braves @ Miami Marlins,2026-09-25T23:11:00Z,Eury Pérez,5.5,6,0.264,,informatif,3.788,,,ladder · proj 4.28K,,,,,0.264,,,
2026-09-25T15:13:05+00:00,mlb,props_k,Eury Pérez Over 6.5 K,0.149,,,,,0,,W,2026.09.24.4,2026-09-25|mlb|props_k|Eury Pérez Over 6.5 K,2026-09-25,2d3d378044cc538b0a3d77acaacd15a1,Atlanta Braves @ Miami Marlins,2026-09-25T23:11:00Z,Eury Pérez,6.5,7,0.149,,informatif,6.711,,,ladder · proj 4.28K,,,,,0.149,,,
2026-09-25T15:13:05+00:00,mlb,props_k,Eury Pérez Over 7.5 K,0.077,,,,,0,,W,2026.09.24.4,2026-09-25|mlb|props_k|Eury Pérez Over 7.5 K,2026-09-25,2d3d378044cc538b0a3d77acaacd15a1,Atlanta Braves @ Miami Marlins,2026-09-25T23:11:00Z,Eury Pérez,7.5,8,0.077,,informatif,12.987,,,ladder · proj 4.28K,,,,,0.077,,,
2026-09-25T15:13:05+00:00,mlb,props_k,Eury Pérez Over 8.5 K,0.036,,,,,0,,L,2026.09.24.4,2026-09-25|mlb|props_k|Eury Pérez Over 8.5 K,2026-09-25,2d3d378044cc538b0a3d77acaacd15a1,Atlanta Braves @ Miami Marlins,2026-09-25T23:11:00Z,Eury Pérez,8.5,9,0.036,,informatif,27.778,,,ladder · proj 4.28K,,,,,0.036,,,
2026-09-25T15:13:05+00:00,mlb,props_k,Eury Pérez Over 9.5 K,0.016,,,,,0,,L,2026.09.24.4,2026-09-25|mlb|props_k|Eury Pérez Over 9.5 K,2026-09-25,2d3d378044cc538b0a3d77acaacd15a1,Atlanta Braves @ Miami Marlins,2026-09-25T23:11:00Z,Eury Pérez,9.5,10,0.016,,informatif,62.5,,,ladder · proj 4.28K,,,,,0.016,,,
2026-09-25T15:13:30+00:00,mlb,props_k,Sean Burke Over 2.5 K,0.801,,,,,0,,W,2026.09.24.4,2026-09-25|mlb|props_k|Sean Burke Over 2.5 K,2026-09-25,b6829a3017da7786aceea335c5c36bb3,Colorado Rockies @ Chicago White Sox,2026-09-25T23:40:00Z,Sean Burke,2.5,3,0.801,,informatif,1.248,,,ladder · proj 4.37K,,,,,0.801,,,
2026-09-25T15:13:30+00:00,mlb,props_k,Sean Burke Over 3.5 K,0.626,,,,,0,,W,2026.09.24.4,2026-09-25|mlb|props_k|Sean Burke Over 3.5 K,2026-09-25,b6829a3017da7786aceea335c5c36bb3,Colorado Rockies @ Chicago White Sox,2026-09-25T23:40:00Z,Sean Burke,3.5,4,0.626,,informatif,1.597,,,ladder · proj 4.37K,,,,,0.626,,,
2026-09-25T15:13:30+00:00,mlb,props_k,Sean Burke Over 4.5 K,0.44,,,,,0,,W,2026.09.24.4,2026-09-25|mlb|props_k|Sean Burke Over 4.5 K,2026-09-25,b6829a3017da7786aceea335c5c36bb3,Colorado Rockies @ Chicago White Sox,2026-09-25T23:40:00Z,Sean Burke,4.5,5,0.44,,informatif,2.273,,,ladder · proj 4.37K,,,,,0.44,,,
2026-09-25T15:13:30+00:00,mlb,props_k,Sean Burke Over 5.5 K,0.279,,,,,0,,W,2026.09.24.4,2026-09-25|mlb|props_k|Sean Burke Over 5.5 K,2026-09-25,b6829a3017da7786aceea335c5c36bb3,Colorado Rockies @ Chicago White Sox,2026-09-25T23:40:00Z,Sean Burke,5.5,6,0.279,,informatif,3.584,,,ladder · proj 4.37K,,,,,0.279,,,
2026-09-25T15:13:30+00:00,mlb,props_k,Sean Burke Over 6.5 K,0.16,,,,,0,,W,2026.09.24.4,2026-09-25|mlb|props_k|Sean Burke Over 6.5 K,2026-09-25,b6829a3017da7786aceea335c5c36bb3,Colorado Rockies @ Chicago White Sox,2026-09-25T23:40:00Z,Sean Burke,6.5,7,0.16,,informatif,6.25,,,ladder · proj 4.37K,,,,,0.16,,,
2026-09-25T15:13:30+00:00,mlb,props_k,Sean Burke Over 7.5 K,0.084,,,,,0,,L,2026.09.24.4,2026-09-25|mlb|props_k|Sean Burke Over 7.5 K,2026-09-25,b6829a3017da7786aceea335c5c36bb3,Colorado Rockies @ Chicago White Sox,2026-09-25T23:40:00Z,Sean Burke,7.5,8,0.084,,informatif,11.905,,,ladder · proj 4.37K,,,,,0.084,,,
2026-09-25T15:13:30+00:00,mlb,props_k,Sean Burke Over 8.5 K,0.04,,,,,0,,L,2026.09.24.4,2026-09-25|mlb|props_k|Sean Burke Over 8.5 K,2026-09-25,b6829a3017da7786aceea335c5c36bb3,Colorado Rockies @ Chicago White Sox,2026-09-25T23:40:00Z,Sean Burke,8.5,9,0.04,,informatif,25,,,ladder · proj 4.37K,,,,,0.04,,,
2026-09-25T15:13:30+00:00,mlb,props_k,Sean Burke Over 9.5 K,0.018,,,,,0,,L,2026.09.24.4,2026-09-25|mlb|props_k|Sean Burke Over 9.5 K,2026-09-25,b6829a3017da7786aceea335c5c36bb3,Colorado Rockies @ Chicago White Sox,2026-09-25T23:40:00Z,Sean Burke,9.5,10,0.018,,informatif,55.556,,,ladder · proj 4.37K,,,,,0.018,,,
2026-09-25T15:13:30+00:00,mlb,props_k,Tomoyuki Sugano Over 2.5 K,0.739,,,,,0,,W,2026.09.24.4,2026-09-25|mlb|props_k|Tomoyuki Sugano Over 2.5 K,2026-09-25,b6829a3017da7786aceea335c5c36bb3,Colorado Rockies @ Chicago White Sox,2026-09-25T23:40:00Z,Tomoyuki Sugano,2.5,3,0.739,,informatif,1.353,,,ladder · proj 3.91K,,,,,0.739,,,
2026-09-25T15:13:30+00:00,mlb,props_k,Tomoyuki Sugano Over 3.5 K,0.543,,,,,0,,W,2026.09.24.4,2026-09-25|mlb|props_k|Tomoyuki Sugano Over 3.5 K,2026-09-25,b6829a3017da7786aceea335c5c36bb3,Colorado Rockies @ Chicago White Sox,2026-09-25T23:40:00Z,Tomoyuki Sugano,3.5,4,0.543,,informatif,1.842,,,ladder · proj 3.91K,,,,,0.543,,,
2026-09-25T15:13:30+00:00,mlb,props_k,Tomoyuki Sugano Over 4.5 K,0.354,,,,,0,,W,2026.09.24.4,2026-09-25|mlb|props_k|Tomoyuki Sugano Over 4.5 K,2026-09-25,b6829a3017da7786aceea335c5c36bb3,Colorado Rockies @ Chicago White Sox,2026-09-25T23:40:00Z,Tomoyuki Sugano,4.5,5,0.354,,informatif,2.825,,,ladder · proj 3.91K,,,,,0.354,,,
2026-09-25T15:13:30+00:00,mlb,props_k,Tomoyuki Sugano Over 5.5 K,0.206,,,,,0,,L,2026.09.24.4,2026-09-25|mlb|props_k|Tomoyuki Sugano Over 5.5 K,2026-09-25,b6829a3017da7786aceea335c5c36bb3,Colorado Rockies @ Chicago White Sox,2026-09-25T23:40:00Z,Tomoyuki Sugano,5.5,6,0.206,,informatif,4.854,,,ladder · proj 3.91K,,,,,0.206,,,
2026-09-25T15:13:30+00:00,mlb,props_k,Tomoyuki Sugano Over 6.5 K,0.108,,,,,0,,L,2026.09.24.4,2026-09-25|mlb|props_k|Tomoyuki Sugano Over 6.5 K,2026-09-25,b6829a3017da7786aceea335c5c36bb3,Colorado Rockies @ Chicago White Sox,2026-09-25T23:40:00Z,Tomoyuki Sugano,6.5,7,0.108,,informatif,9.259,,,ladder · proj 3.91K,,,,,0.108,,,
2026-09-25T15:13:30+00:00,mlb,props_k,Tomoyuki Sugano Over 7.5 K,0.052,,,,,0,,L,2026.09.24.4,2026-09-25|mlb|props_k|Tomoyuki Sugano Over 7.5 K,2026-09-25,b6829a3017da7786aceea335c5c36bb3,Colorado Rockies @ Chicago White Sox,2026-09-25T23:40:00Z,Tomoyuki Sugano,7.5,8,0.052,,informatif,19.231,,,ladder · proj 3.91K,,,,,0.052,,,
2026-09-25T15:13:30+00:00,mlb,props_k,Tomoyuki Sugano Over 8.5 K,0.023,,,,,0,,L,2026.09.24.4,2026-09-25|mlb|props_k|Tomoyuki Sugano Over 8.5 K,2026-09-25,b6829a3017da7786aceea335c5c36bb3,Colorado Rockies @ Chicago White Sox,2026-09-25T23:40:00Z,Tomoyuki Sugano,8.5,9,0.023,,informatif,43.478,,,ladder · proj 3.91K,,,,,0.023,,,
2026-09-25T15:13:30+00:00,mlb,props_k,Tomoyuki Sugano Over 9.5 K,0.009,,,,,0,,L,2026.09.24.4,2026-09-25|mlb|props_k|Tomoyuki Sugano Over 9.5 K,2026-09-25,b6829a3017da7786aceea335c5c36bb3,Colorado Rockies @ Chicago White Sox,2026-09-25T23:40:00Z,Tomoyuki Sugano,9.5,10,0.009,,informatif,111.111,,,ladder · proj 3.91K,,,,,0.009,,,
2026-09-25T15:13:55+00:00,mlb,props_k,Noah Cameron Over 2.5 K,0.858,,,,,0,,W,2026.09.24.4,2026-09-25|mlb|props_k|Noah Cameron Over 2.5 K,2026-09-25,7bd30076728c7fcf1f893c1d269a60af,Cleveland Guardians @ Kansas City Royals,2026-09-25T23:41:00Z,Noah Cameron,2.5,3,0.858,,informatif,1.166,,,ladder · proj 4.92K,,,,,0.858,,,
2026-09-25T15:13:55+00:00,mlb,props_k,Noah Cameron Over 3.5 K,0.712,,,,,0,,L,2026.09.24.4,2026-09-25|mlb|props_k|Noah Cameron Over 3.5 K,2026-09-25,7bd30076728c7fcf1f893c1d269a60af,Cleveland Guardians @ Kansas City Royals,2026-09-25T23:41:00Z,Noah Cameron,3.5,4,0.712,,informatif,1.404,,,ladder · proj 4.92K,,,,,0.712,,,
2026-09-25T15:13:55+00:00,mlb,props_k,Noah Cameron Over 4.5 K,0.539,,,,,0,,L,2026.09.24.4,2026-09-25|mlb|props_k|Noah Cameron Over 4.5 K,2026-09-25,7bd30076728c7fcf1f893c1d269a60af,Cleveland Guardians @ Kansas City Royals,2026-09-25T23:41:00Z,Noah Cameron,4.5,5,0.539,,informatif,1.855,,,ladder · proj 4.92K,,,,,0.539,,,
2026-09-25T15:13:55+00:00,mlb,props_k,Noah Cameron Over 5.5 K,0.37,,,,,0,,L,2026.09.24.4,2026-09-25|mlb|props_k|Noah Cameron Over 5.5 K,2026-09-25,7bd30076728c7fcf1f893c1d269a60af,Cleveland Guardians @ Kansas City Royals,2026-09-25T23:41:00Z,Noah Cameron,5.5,6,0.37,,informatif,2.703,,,ladder · proj 4.92K,,,,,0.37,,,
2026-09-25T15:13:55+00:00,mlb,props_k,Noah Cameron Over 6.5 K,0.232,,,,,0,,L,2026.09.24.4,2026-09-25|mlb|props_k|Noah Cameron Over 6.5 K,2026-09-25,7bd30076728c7fcf1f893c1d269a60af,Cleveland Guardians @ Kansas City Royals,2026-09-25T23:41:00Z,Noah Cameron,6.5,7,0.232,,informatif,4.31,,,ladder · proj 4.92K,,,,,0.232,,,
2026-09-25T15:13:55+00:00,mlb,props_k,Noah Cameron Over 7.5 K,0.134,,,,,0,,L,2026.09.24.4,2026-09-25|mlb|props_k|Noah Cameron Over 7.5 K,2026-09-25,7bd30076728c7fcf1f893c1d269a60af,Cleveland Guardians @ Kansas City Royals,2026-09-25T23:41:00Z,Noah Cameron,7.5,8,0.134,,informatif,7.463,,,ladder · proj 4.92K,,,,,0.134,,,
2026-09-25T15:13:55+00:00,mlb,props_k,Noah Cameron Over 8.5 K,0.071,,,,,0,,L,2026.09.24.4,2026-09-25|mlb|props_k|Noah Cameron Over 8.5 K,2026-09-25,7bd30076728c7fcf1f893c1d269a60af,Cleveland Guardians @ Kansas City Royals,2026-09-25T23:41:00Z,Noah Cameron,8.5,9,0.071,,informatif,14.085,,,ladder · proj 4.92K,,,,,0.071,,,
2026-09-25T15:13:55+00:00,mlb,props_k,Noah Cameron Over 9.5 K,0.035,,,,,0,,L,2026.09.24.4,2026-09-25|mlb|props_k|Noah Cameron Over 9.5 K,2026-09-25,7bd30076728c7fcf1f893c1d269a60af,Cleveland Guardians @ Kansas City Royals,2026-09-25T23:41:00Z,Noah Cameron,9.5,10,0.035,,informatif,28.571,,,ladder · proj 4.92K,,,,,0.035,,,
2026-09-25T15:13:55+00:00,mlb,props_k,Gavin Williams Over 2.5 K,0.981,,,,,0,,W,2026.09.24.4,2026-09-25|mlb|props_k|Gavin Williams Over 2.5 K,2026-09-25,7bd30076728c7fcf1f893c1d269a60af,Cleveland Guardians @ Kansas City Royals,2026-09-25T23:41:00Z,Gavin Williams,2.5,3,0.981,,informatif,1.019,,,ladder · proj 7.97K,,,,,0.981,,,
2026-09-25T15:13:55+00:00,mlb,props_k,Gavin Williams Over 3.5 K,0.947,,,,,0,,W,2026.09.24.4,2026-09-25|mlb|props_k|Gavin Williams Over 3.5 K,2026-09-25,7bd30076728c7fcf1f893c1d269a60af,Cleveland Guardians @ Kansas City Royals,2026-09-25T23:41:00Z,Gavin Williams,3.5,4,0.947,,informatif,1.056,,,ladder · proj 7.97K,,,,,0.947,,,
2026-09-25T15:13:55+00:00,mlb,props_k,Gavin Williams Over 4.5 K,0.883,,,,,0,,L,2026.09.24.4,2026-09-25|mlb|props_k|Gavin Williams Over 4.5 K,2026-09-25,7bd30076728c7fcf1f893c1d269a60af,Cleveland Guardians @ Kansas City Royals,2026-09-25T23:41:00Z,Gavin Williams,4.5,5,0.883,,informatif,1.133,,,ladder · proj 7.97K,,,,,0.883,,,
2026-09-25T15:13:55+00:00,mlb,props_k,Gavin Williams Over 5.5 K,0.788,,,,,0,,L,2026.09.24.4,2026-09-25|mlb|props_k|Gavin Williams Over 5.5 K,2026-09-25,7bd30076728c7fcf1f893c1d269a60af,Cleveland Guardians @ Kansas City Royals,2026-09-25T23:41:00Z,Gavin Williams,5.5,6,0.788,,informatif,1.269,,,ladder · proj 7.97K,,,,,0.788,,,
2026-09-25T15:13:55+00:00,mlb,props_k,Gavin Williams Over 6.5 K,0.667,,,,,0,,L,2026.09.24.4,2026-09-25|mlb|props_k|Gavin Williams Over 6.5 K,2026-09-25,7bd30076728c7fcf1f893c1d269a60af,Cleveland Guardians @ Kansas City Royals,2026-09-25T23:41:00Z,Gavin Williams,6.5,7,0.667,,informatif,1.499,,,ladder · proj 7.97K,,,,,0.667,,,
2026-09-25T15:13:55+00:00,mlb,props_k,Gavin Williams Over 7.5 K,0.534,,,,,0,,L,2026.09.24.4,2026-09-25|mlb|props_k|Gavin Williams Over 7.5 K,2026-09-25,7bd30076728c7fcf1f893c1d269a60af,Cleveland Guardians @ Kansas City Royals,2026-09-25T23:41:00Z,Gavin Williams,7.5,8,0.534,,informatif,1.873,,,ladder · proj 7.97K,,,,,0.534,,,
2026-09-25T15:13:55+00:00,mlb,props_k,Gavin Williams Over 8.5 K,0.403,,,,,0,,L,2026.09.24.4,2026-09-25|mlb|props_k|Gavin Williams Over 8.5 K,2026-09-25,7bd30076728c7fcf1f893c1d269a60af,Cleveland Guardians @ Kansas City Royals,2026-09-25T23:41:00Z,Gavin Williams,8.5,9,0.403,,informatif,2.481,,,ladder · proj 7.97K,,,,,0.403,,,
2026-09-25T15:13:55+00:00,mlb,props_k,Gavin Williams Over 9.5 K,0.288,,,,,0,,L,2026.09.24.4,2026-09-25|mlb|props_k|Gavin Williams Over 9.5 K,2026-09-25,7bd30076728c7fcf1f893c1d269a60af,Cleveland Guardians @ Kansas City Royals,2026-09-25T23:41:00Z,Gavin Williams,9.5,10,0.288,,informatif,3.472,,,ladder · proj 7.97K,,,,,0.288,,,
2026-09-25T15:14:38+00:00,mlb,props_k,Robert Gasser Over 2.5 K,0.753,,,,,0,,W,2026.09.24.4,2026-09-25|mlb|props_k|Robert Gasser Over 2.5 K,2026-09-25,12c52c4f4de763e9a171ffac0f4f02ef,St. Louis Cardinals @ Milwaukee Brewers,2026-09-25T23:41:00Z,Robert Gasser,2.5,3,0.753,,informatif,1.328,,,ladder · proj 4.01K,,,,,0.753,,,
2026-09-25T15:14:38+00:00,mlb,props_k,Robert Gasser Over 3.5 K,0.562,,,,,0,,W,2026.09.24.4,2026-09-25|mlb|props_k|Robert Gasser Over 3.5 K,2026-09-25,12c52c4f4de763e9a171ffac0f4f02ef,St. Louis Cardinals @ Milwaukee Brewers,2026-09-25T23:41:00Z,Robert Gasser,3.5,4,0.562,,informatif,1.779,,,ladder · proj 4.01K,,,,,0.562,,,
2026-09-25T15:14:38+00:00,mlb,props_k,Robert Gasser Over 4.5 K,0.373,,,,,0,,W,2026.09.24.4,2026-09-25|mlb|props_k|Robert Gasser Over 4.5 K,2026-09-25,12c52c4f4de763e9a171ffac0f4f02ef,St. Louis Cardinals @ Milwaukee Brewers,2026-09-25T23:41:00Z,Robert Gasser,4.5,5,0.373,,informatif,2.681,,,ladder · proj 4.01K,,,,,0.373,,,
2026-09-25T15:14:38+00:00,mlb,props_k,Robert Gasser Over 5.5 K,0.222,,,,,0,,W,2026.09.24.4,2026-09-25|mlb|props_k|Robert Gasser Over 5.5 K,2026-09-25,12c52c4f4de763e9a171ffac0f4f02ef,St. Louis Cardinals @ Milwaukee Brewers,2026-09-25T23:41:00Z,Robert Gasser,5.5,6,0.222,,informatif,4.505,,,ladder · proj 4.01K,,,,,0.222,,,
2026-09-25T15:14:38+00:00,mlb,props_k,Robert Gasser Over 6.5 K,0.119,,,,,0,,W,2026.09.24.4,2026-09-25|mlb|props_k|Robert Gasser Over 6.5 K,2026-09-25,12c52c4f4de763e9a171ffac0f4f02ef,St. Louis Cardinals @ Milwaukee Brewers,2026-09-25T23:41:00Z,Robert Gasser,6.5,7,0.119,,informatif,8.403,,,ladder · proj 4.01K,,,,,0.119,,,
2026-09-25T15:14:38+00:00,mlb,props_k,Robert Gasser Over 7.5 K,0.058,,,,,0,,W,2026.09.24.4,2026-09-25|mlb|props_k|Robert Gasser Over 7.5 K,2026-09-25,12c52c4f4de763e9a171ffac0f4f02ef,St. Louis Cardinals @ Milwaukee Brewers,2026-09-25T23:41:00Z,Robert Gasser,7.5,8,0.058,,informatif,17.241,,,ladder · proj 4.01K,,,,,0.058,,,
2026-09-25T15:14:38+00:00,mlb,props_k,Robert Gasser Over 8.5 K,0.026,,,,,0,,W,2026.09.24.4,2026-09-25|mlb|props_k|Robert Gasser Over 8.5 K,2026-09-25,12c52c4f4de763e9a171ffac0f4f02ef,St. Louis Cardinals @ Milwaukee Brewers,2026-09-25T23:41:00Z,Robert Gasser,8.5,9,0.026,,informatif,38.462,,,ladder · proj 4.01K,,,,,0.026,,,
2026-09-25T15:14:38+00:00,mlb,props_k,Robert Gasser Over 9.5 K,0.011,,,,,0,,L,2026.09.24.4,2026-09-25|mlb|props_k|Robert Gasser Over 9.5 K,2026-09-25,12c52c4f4de763e9a171ffac0f4f02ef,St. Louis Cardinals @ Milwaukee Brewers,2026-09-25T23:41:00Z,Robert Gasser,9.5,10,0.011,,informatif,90.909,,,ladder · proj 4.01K,,,,,0.011,,,
2026-09-25T15:14:38+00:00,mlb,props_k,Michael McGreevy Over 2.5 K,0.723,,,,,0,,L,2026.09.24.4,2026-09-25|mlb|props_k|Michael McGreevy Over 2.5 K,2026-09-25,12c52c4f4de763e9a171ffac0f4f02ef,St. Louis Cardinals @ Milwaukee Brewers,2026-09-25T23:41:00Z,Michael McGreevy,2.5,3,0.723,,informatif,1.383,,,ladder · proj 3.81K,,,,,0.723,,,
2026-09-25T15:14:38+00:00,mlb,props_k,Michael McGreevy Over 3.5 K,0.523,,,,,0,,L,2026.09.24.4,2026-09-25|mlb|props_k|Michael McGreevy Over 3.5 K,2026-09-25,12c52c4f4de763e9a171ffac0f4f02ef,St. Louis Cardinals @ Milwaukee Brewers,2026-09-25T23:41:00Z,Michael McGreevy,3.5,4,0.523,,informatif,1.912,,,ladder · proj 3.81K,,,,,0.523,,,
2026-09-25T15:14:38+00:00,mlb,props_k,Michael McGreevy Over 4.5 K,0.335,,,,,0,,L,2026.09.24.4,2026-09-25|mlb|props_k|Michael McGreevy Over 4.5 K,2026-09-25,12c52c4f4de763e9a171ffac0f4f02ef,St. Louis Cardinals @ Milwaukee Brewers,2026-09-25T23:41:00Z,Michael McGreevy,4.5,5,0.335,,informatif,2.985,,,ladder · proj 3.81K,,,,,0.335,,,
2026-09-25T15:14:38+00:00,mlb,props_k,Michael McGreevy Over 5.5 K,0.191,,,,,0,,L,2026.09.24.4,2026-09-25|mlb|props_k|Michael McGreevy Over 5.5 K,2026-09-25,12c52c4f4de763e9a171ffac0f4f02ef,St. Louis Cardinals @ Milwaukee Brewers,2026-09-25T23:41:00Z,Michael McGreevy,5.5,6,0.191,,informatif,5.236,,,ladder · proj 3.81K,,,,,0.191,,,
2026-09-25T15:14:38+00:00,mlb,props_k,Michael McGreevy Over 6.5 K,0.098,,,,,0,,L,2026.09.24.4,2026-09-25|mlb|props_k|Michael McGreevy Over 6.5 K,2026-09-25,12c52c4f4de763e9a171ffac0f4f02ef,St. Louis Cardinals @ Milwaukee Brewers,2026-09-25T23:41:00Z,Michael McGreevy,6.5,7,0.098,,informatif,10.204,,,ladder · proj 3.81K,,,,,0.098,,,
2026-09-25T15:14:38+00:00,mlb,props_k,Michael McGreevy Over 7.5 K,0.046,,,,,0,,L,2026.09.24.4,2026-09-25|mlb|props_k|Michael McGreevy Over 7.5 K,2026-09-25,12c52c4f4de763e9a171ffac0f4f02ef,St. Louis Cardinals @ Milwaukee Brewers,2026-09-25T23:41:00Z,Michael McGreevy,7.5,8,0.046,,informatif,21.739,,,ladder · proj 3.81K,,,,,0.046,,,
2026-09-25T15:14:38+00:00,mlb,props_k,Michael McGreevy Over 8.5 K,0.02,,,,,0,,L,2026.09.24.4,2026-09-25|mlb|props_k|Michael McGreevy Over 8.5 K,2026-09-25,12c52c4f4de763e9a171ffac0f4f02ef,St. Louis Cardinals @ Milwaukee Brewers,2026-09-25T23:41:00Z,Michael McGreevy,8.5,9,0.02,,informatif,50,,,ladder · proj 3.81K,,,,,0.02,,,
2026-09-25T15:14:38+00:00,mlb,props_k,Michael McGreevy Over 9.5 K,0.008,,,,,0,,L,2026.09.24.4,2026-09-25|mlb|props_k|Michael McGreevy Over 9.5 K,2026-09-25,12c52c4f4de763e9a171ffac0f4f02ef,St. Louis Cardinals @ Milwaukee Brewers,2026-09-25T23:41:00Z,Michael McGreevy,9.5,10,0.008,,informatif,125,,,ladder · proj 3.81K,,,,,0.008,,,
2026-09-25T15:15:04+00:00,mlb,props_k,Joe Ryan Over 2.5 K,0.841,,,,,0,,W,2026.09.24.4,2026-09-25|mlb|props_k|Joe Ryan Over 2.5 K,2026-09-25,9f08a9d734982153de27326c32e8be0e,Texas Rangers @ Minnesota Twins,2026-09-26T00:11:00Z,Joe Ryan,2.5,3,0.841,,informatif,1.189,,,ladder · proj 4.74K,,,,,0.841,,,
2026-09-25T15:15:04+00:00,mlb,props_k,Joe Ryan Over 3.5 K,0.686,,,,,0,,W,2026.09.24.4,2026-09-25|mlb|props_k|Joe Ryan Over 3.5 K,2026-09-25,9f08a9d734982153de27326c32e8be0e,Texas Rangers @ Minnesota Twins,2026-09-26T00:11:00Z,Joe Ryan,3.5,4,0.686,,informatif,1.458,,,ladder · proj 4.74K,,,,,0.686,,,
2026-09-25T15:15:04+00:00,mlb,props_k,Joe Ryan Over 4.5 K,0.507,,,,,0,,W,2026.09.24.4,2026-09-25|mlb|props_k|Joe Ryan Over 4.5 K,2026-09-25,9f08a9d734982153de27326c32e8be0e,Texas Rangers @ Minnesota Twins,2026-09-26T00:11:00Z,Joe Ryan,4.5,5,0.507,,informatif,1.972,,,ladder · proj 4.74K,,,,,0.507,,,
2026-09-25T15:15:04+00:00,mlb,props_k,Joe Ryan Over 5.5 K,0.34,,,,,0,,W,2026.09.24.4,2026-09-25|mlb|props_k|Joe Ryan Over 5.5 K,2026-09-25,9f08a9d734982153de27326c32e8be0e,Texas Rangers @ Minnesota Twins,2026-09-26T00:11:00Z,Joe Ryan,5.5,6,0.34,,informatif,2.941,,,ladder · proj 4.74K,,,,,0.34,,,
2026-09-25T15:15:04+00:00,mlb,props_k,Joe Ryan Over 6.5 K,0.208,,,,,0,,W,2026.09.24.4,2026-09-25|mlb|props_k|Joe Ryan Over 6.5 K,2026-09-25,9f08a9d734982153de27326c32e8be0e,Texas Rangers @ Minnesota Twins,2026-09-26T00:11:00Z,Joe Ryan,6.5,7,0.208,,informatif,4.808,,,ladder · proj 4.74K,,,,,0.208,,,
2026-09-25T15:15:04+00:00,mlb,props_k,Joe Ryan Over 7.5 K,0.116,,,,,0,,W,2026.09.24.4,2026-09-25|mlb|props_k|Joe Ryan Over 7.5 K,2026-09-25,9f08a9d734982153de27326c32e8be0e,Texas Rangers @ Minnesota Twins,2026-09-26T00:11:00Z,Joe Ryan,7.5,8,0.116,,informatif,8.621,,,ladder · proj 4.74K,,,,,0.116,,,
2026-09-25T15:15:04+00:00,mlb,props_k,Joe Ryan Over 8.5 K,0.06,,,,,0,,L,2026.09.24.4,2026-09-25|mlb|props_k|Joe Ryan Over 8.5 K,2026-09-25,9f08a9d734982153de27326c32e8be0e,Texas Rangers @ Minnesota Twins,2026-09-26T00:11:00Z,Joe Ryan,8.5,9,0.06,,informatif,16.667,,,ladder · proj 4.74K,,,,,0.06,,,
2026-09-25T15:15:04+00:00,mlb,props_k,Joe Ryan Over 9.5 K,0.029,,,,,0,,L,2026.09.24.4,2026-09-25|mlb|props_k|Joe Ryan Over 9.5 K,2026-09-25,9f08a9d734982153de27326c32e8be0e,Texas Rangers @ Minnesota Twins,2026-09-26T00:11:00Z,Joe Ryan,9.5,10,0.029,,informatif,34.483,,,ladder · proj 4.74K,,,,,0.029,,,
2026-09-25T15:15:04+00:00,mlb,props_k,Jacob deGrom Over 2.5 K,0.97,,,,,0,,W,2026.09.24.4,2026-09-25|mlb|props_k|Jacob deGrom Over 2.5 K,2026-09-25,9f08a9d734982153de27326c32e8be0e,Texas Rangers @ Minnesota Twins,2026-09-26T00:11:00Z,Jacob deGrom,2.5,3,0.97,,informatif,1.031,,,ladder · proj 7.31K,,,,,0.97,,,
2026-09-25T15:15:04+00:00,mlb,props_k,Jacob deGrom Over 3.5 K,0.921,,,,,0,,W,2026.09.24.4,2026-09-25|mlb|props_k|Jacob deGrom Over 3.5 K,2026-09-25,9f08a9d734982153de27326c32e8be0e,Texas Rangers @ Minnesota Twins,2026-09-26T00:11:00Z,Jacob deGrom,3.5,4,0.921,,informatif,1.086,,,ladder · proj 7.31K,,,,,0.921,,,
2026-09-25T15:15:04+00:00,mlb,props_k,Jacob deGrom Over 4.5 K,0.837,,,,,0,,W,2026.09.24.4,2026-09-25|mlb|props_k|Jacob deGrom Over 4.5 K,2026-09-25,9f08a9d734982153de27326c32e8be0e,Texas Rangers @ Minnesota Twins,2026-09-26T00:11:00Z,Jacob deGrom,4.5,5,0.837,,informatif,1.195,,,ladder · proj 7.31K,,,,,0.837,,,
2026-09-25T15:15:04+00:00,mlb,props_k,Jacob deGrom Over 5.5 K,0.721,,,,,0,,L,2026.09.24.4,2026-09-25|mlb|props_k|Jacob deGrom Over 5.5 K,2026-09-25,9f08a9d734982153de27326c32e8be0e,Texas Rangers @ Minnesota Twins,2026-09-26T00:11:00Z,Jacob deGrom,5.5,6,0.721,,informatif,1.387,,,ladder · proj 7.31K,,,,,0.721,,,
2026-09-25T15:15:04+00:00,mlb,props_k,Jacob deGrom Over 6.5 K,0.584,,,,,0,,L,2026.09.24.4,2026-09-25|mlb|props_k|Jacob deGrom Over 6.5 K,2026-09-25,9f08a9d734982153de27326c32e8be0e,Texas Rangers @ Minnesota Twins,2026-09-26T00:11:00Z,Jacob deGrom,6.5,7,0.584,,informatif,1.712,,,ladder · proj 7.31K,,,,,0.584,,,
2026-09-25T15:15:04+00:00,mlb,props_k,Jacob deGrom Over 7.5 K,0.445,,,,,0,,L,2026.09.24.4,2026-09-25|mlb|props_k|Jacob deGrom Over 7.5 K,2026-09-25,9f08a9d734982153de27326c32e8be0e,Texas Rangers @ Minnesota Twins,2026-09-26T00:11:00Z,Jacob deGrom,7.5,8,0.445,,informatif,2.247,,,ladder · proj 7.31K,,,,,0.445,,,
2026-09-25T15:15:04+00:00,mlb,props_k,Jacob deGrom Over 8.5 K,0.317,,,,,0,,L,2026.09.24.4,2026-09-25|mlb|props_k|Jacob deGrom Over 8.5 K,2026-09-25,9f08a9d734982153de27326c32e8be0e,Texas Rangers @ Minnesota Twins,2026-09-26T00:11:00Z,Jacob deGrom,8.5,9,0.317,,informatif,3.155,,,ladder · proj 7.31K,,,,,0.317,,,
2026-09-25T15:15:04+00:00,mlb,props_k,Jacob deGrom Over 9.5 K,0.213,,,,,0,,L,2026.09.24.4,2026-09-25|mlb|props_k|Jacob deGrom Over 9.5 K,2026-09-25,9f08a9d734982153de27326c32e8be0e,Texas Rangers @ Minnesota Twins,2026-09-26T00:11:00Z,Jacob deGrom,9.5,10,0.213,,informatif,4.695,,,ladder · proj 7.31K,,,,,0.213,,,
2026-09-25T15:15:29+00:00,mlb,props_k,Brandon Pfaadt Over 2.5 K,0.71,,,,,0,,W,2026.09.24.4,2026-09-25|mlb|props_k|Brandon Pfaadt Over 2.5 K,2026-09-25,eb8b9160f66fc6d5f6bd58bf4a888011,Arizona Diamondbacks @ San Diego Padres,2026-09-26T01:41:00Z,Brandon Pfaadt,2.5,3,0.71,,informatif,1.408,,,ladder · proj 3.73K,,,,,0.71,,,
2026-09-25T15:15:29+00:00,mlb,props_k,Brandon Pfaadt Over 3.5 K,0.507,,,,,0,,W,2026.09.24.4,2026-09-25|mlb|props_k|Brandon Pfaadt Over 3.5 K,2026-09-25,eb8b9160f66fc6d5f6bd58bf4a888011,Arizona Diamondbacks @ San Diego Padres,2026-09-26T01:41:00Z,Brandon Pfaadt,3.5,4,0.507,,informatif,1.972,,,ladder · proj 3.73K,,,,,0.507,,,
2026-09-25T15:15:29+00:00,mlb,props_k,Brandon Pfaadt Over 4.5 K,0.32,,,,,0,,W,2026.09.24.4,2026-09-25|mlb|props_k|Brandon Pfaadt Over 4.5 K,2026-09-25,eb8b9160f66fc6d5f6bd58bf4a888011,Arizona Diamondbacks @ San Diego Padres,2026-09-26T01:41:00Z,Brandon Pfaadt,4.5,5,0.32,,informatif,3.125,,,ladder · proj 3.73K,,,,,0.32,,,
2026-09-25T15:15:29+00:00,mlb,props_k,Brandon Pfaadt Over 5.5 K,0.18,,,,,0,,W,2026.09.24.4,2026-09-25|mlb|props_k|Brandon Pfaadt Over 5.5 K,2026-09-25,eb8b9160f66fc6d5f6bd58bf4a888011,Arizona Diamondbacks @ San Diego Padres,2026-09-26T01:41:00Z,Brandon Pfaadt,5.5,6,0.18,,informatif,5.556,,,ladder · proj 3.73K,,,,,0.18,,,
2026-09-25T15:15:29+00:00,mlb,props_k,Brandon Pfaadt Over 6.5 K,0.091,,,,,0,,W,2026.09.24.4,2026-09-25|mlb|props_k|Brandon Pfaadt Over 6.5 K,2026-09-25,eb8b9160f66fc6d5f6bd58bf4a888011,Arizona Diamondbacks @ San Diego Padres,2026-09-26T01:41:00Z,Brandon Pfaadt,6.5,7,0.091,,informatif,10.989,,,ladder · proj 3.73K,,,,,0.091,,,
2026-09-25T15:15:29+00:00,mlb,props_k,Brandon Pfaadt Over 7.5 K,0.042,,,,,0,,L,2026.09.24.4,2026-09-25|mlb|props_k|Brandon Pfaadt Over 7.5 K,2026-09-25,eb8b9160f66fc6d5f6bd58bf4a888011,Arizona Diamondbacks @ San Diego Padres,2026-09-26T01:41:00Z,Brandon Pfaadt,7.5,8,0.042,,informatif,23.81,,,ladder · proj 3.73K,,,,,0.042,,,
2026-09-25T15:15:29+00:00,mlb,props_k,Brandon Pfaadt Over 8.5 K,0.018,,,,,0,,L,2026.09.24.4,2026-09-25|mlb|props_k|Brandon Pfaadt Over 8.5 K,2026-09-25,eb8b9160f66fc6d5f6bd58bf4a888011,Arizona Diamondbacks @ San Diego Padres,2026-09-26T01:41:00Z,Brandon Pfaadt,8.5,9,0.018,,informatif,55.556,,,ladder · proj 3.73K,,,,,0.018,,,
2026-09-25T15:15:29+00:00,mlb,props_k,Brandon Pfaadt Over 9.5 K,0.007,,,,,0,,L,2026.09.24.4,2026-09-25|mlb|props_k|Brandon Pfaadt Over 9.5 K,2026-09-25,eb8b9160f66fc6d5f6bd58bf4a888011,Arizona Diamondbacks @ San Diego Padres,2026-09-26T01:41:00Z,Brandon Pfaadt,9.5,10,0.007,,informatif,142.857,,,ladder · proj 3.73K,,,,,0.007,,,
2026-09-25T15:17:21+00:00,mlb,mlb_ml,Philadelphia Phillies ML,0.603,0.6095,,,,0,,L,2026.09.24.4,2026-09-25|mlb|mlb_ml|Philadelphia Phillies ML,2026-09-25,6e8b1f358bb5c3837f473e61ecb68650,Tampa Bay Rays @ Philadelphia Phillies,2026-09-25T22:40:00Z,,,,,,a_saisir,1.647,,,🔴 passe,1.64,,0,,0.607,,,
2026-09-25T15:17:21+00:00,mlb,mlb_ml,Tampa Bay Rays ML,0.397,0.3905,,,,0,,W,2026.09.24.4,2026-09-25|mlb|mlb_ml|Tampa Bay Rays ML,2026-09-25,6e8b1f358bb5c3837f473e61ecb68650,Tampa Bay Rays @ Philadelphia Phillies,2026-09-25T22:40:00Z,,,,,,a_saisir,2.545,,,🔴 passe,2.54,,0,,0.393,,,
2026-09-25T15:17:21+00:00,mlb,mlb_rl,Philadelphia Phillies -1.5,0.447,0.397,,,,0,,L,2026.09.24.4,2026-09-25|mlb|mlb_rl|Philadelphia Phillies -1.5,2026-09-25,6e8b1f358bb5c3837f473e61ecb68650,Tampa Bay Rays @ Philadelphia Phillies,2026-09-25T22:40:00Z,,,,,,a_saisir,2.427,,,🔴 passe,2.41,,0,,0.412,,,
2026-09-25T15:17:21+00:00,mlb,mlb_ml,Colorado Rockies ML,0.419,0.328,,,,0,,L,2026.09.24.4,2026-09-25|mlb|mlb_ml|Colorado Rockies ML,2026-09-25,b6829a3017da7786aceea335c5c36bb3,Colorado Rockies @ Chicago White Sox,2026-09-25T23:40:00Z,,,,,,a_saisir,2.817,,,🟢 solide,3.04,,1,,0.355,,,
2026-09-25T15:17:21+00:00,mlb,mlb_ml,Chicago White Sox ML,0.581,0.672,,,,0,,W,2026.09.24.4,2026-09-25|mlb|mlb_ml|Chicago White Sox ML,2026-09-25,b6829a3017da7786aceea335c5c36bb3,Colorado Rockies @ Chicago White Sox,2026-09-25T23:40:00Z,,,,,,a_saisir,1.55,,,🔴 passe,1.47,,0,,0.645,,,
2026-09-25T15:17:21+00:00,mlb,mlb_rl,Chicago White Sox -1.5,0.45,0.491,,,,0,,W,2026.09.24.4,2026-09-25|mlb|mlb_rl|Chicago White Sox -1.5,2026-09-25,b6829a3017da7786aceea335c5c36bb3,Colorado Rockies @ Chicago White Sox,2026-09-25T23:40:00Z,,,,,,a_saisir,2.092,,,🔴 passe,1.95,,0,,0.478,,,
2026-09-25T15:17:21+00:00,mlb,mlb_ml,Los Angeles Angels ML,0.59,0.4753,,,,0,2.048,W,2026.09.24.4,2026-09-25|mlb|mlb_ml|Los Angeles Angels ML,2026-09-25,60b3d02ac77cf6a81e234358cfe187bb,Los Angeles Angels @ Seattle Mariners,2026-09-26T02:10:00Z,,,,,,a_saisir,1.961,0.4883,,🟢 solide,2.1,,1,0.0254,0.51,,,
2026-09-25T15:17:21+00:00,mlb,mlb_rl,Los Angeles Angels -1.5,0.424,0.332,,,,0,,W,2026.09.24.4,2026-09-25|mlb|mlb_rl|Los Angeles Angels -1.5,2026-09-25,60b3d02ac77cf6a81e234358cfe187bb,Los Angeles Angels @ Seattle Mariners,2026-09-26T02:10:00Z,,,,,,a_saisir,2.778,,,🔴 passe,2.88,,0,,0.36,,,
2026-09-25T15:17:21+00:00,mlb,mlb_ml,Seattle Mariners ML,0.41,0.5247,,,,0,1.954,L,2026.09.24.4,2026-09-25|mlb|mlb_ml|Seattle Mariners ML,2026-09-25,60b3d02ac77cf6a81e234358cfe187bb,Los Angeles Angels @ Seattle Mariners,2026-09-26T02:10:00Z,,,,,,a_saisir,2.041,0.5117,,🔴 passe,1.85,,0,-0.0532,0.49,,,
2026-09-25T15:17:21+00:00,mlb,mlb_ml,San Francisco Giants ML,0.311,0.2651,,,,0,3.94,L,2026.09.24.4,2026-09-25|mlb|mlb_ml|San Francisco Giants ML,2026-09-25,e47efe97f629cae0287ca6f3ea6d6794,Los Angeles Dodgers @ San Francisco Giants,2026-09-26T02:15:00Z,,,,,,a_saisir,3.584,0.2538,,🟢 solide,3.8,,1,-0.0355,0.279,,,
2026-09-25T15:17:21+00:00,mlb,mlb_ml,Los Angeles Dodgers ML,0.689,0.7349,,,,0,1.34,W,2026.09.24.4,2026-09-25|mlb|mlb_ml|Los Angeles Dodgers ML,2026-09-25,e47efe97f629cae0287ca6f3ea6d6794,Los Angeles Dodgers @ San Francisco Giants,2026-09-26T02:15:00Z,,,,,,a_saisir,1.387,0.7462,,🔴 passe,1.33,,0,-0.0075,0.721,,,
2026-09-25T15:17:21+00:00,mlb,mlb_rl,Los Angeles Dodgers -1.5,0.539,0.606,,,,0,,W,2026.09.24.4,2026-09-25|mlb|mlb_rl|Los Angeles Dodgers -1.5,2026-09-25,e47efe97f629cae0287ca6f3ea6d6794,Los Angeles Dodgers @ San Francisco Giants,2026-09-26T02:15:00Z,,,,,,a_saisir,1.706,,,🔴 passe,1.58,,0,,0.586,,,
2026-09-25T14:33:07+00:00,mlb,mlb_rl,Detroit Tigers -1.5,0.379,0.324,,,,0,,L,2026.09.24.4,2026-09-25|mlb|mlb_rl|Detroit Tigers -1.5,2026-09-25,3aa03f1c80c2ca97a49e0b7548d9e647,Pittsburgh Pirates @ Detroit Tigers,2026-09-25T22:40:00Z,,,,,,a_saisir,2.933,,,🔴 passe,2.95,,0,,0.341,,,
2026-09-25T15:17:21+00:00,mlb,mlb_ml,Detroit Tigers ML,0.52,0.5,,,,0,,W,2026.09.24.4,2026-09-25|mlb|mlb_ml|Detroit Tigers ML,2026-09-25,3aa03f1c80c2ca97a49e0b7548d9e647,Pittsburgh Pirates @ Detroit Tigers,2026-09-25T22:40:00Z,,,,,,a_saisir,1.976,,,🔴 passe,1.95,,0,,0.506,,,
2026-09-25T15:17:21+00:00,mlb,mlb_ml,Pittsburgh Pirates ML,0.48,0.5,,,,0,,L,2026.09.24.4,2026-09-25|mlb|mlb_ml|Pittsburgh Pirates ML,2026-09-25,3aa03f1c80c2ca97a49e0b7548d9e647,Pittsburgh Pirates @ Detroit Tigers,2026-09-25T22:40:00Z,,,,,,a_saisir,2.024,,,🔴 passe,1.95,,0,,0.494,,,
2026-09-25T15:17:21+00:00,mlb,mlb_ml,Athletics ML,0.391,0.3837,,,,0,,W,2026.09.24.4,2026-09-25|mlb|mlb_ml|Athletics ML,2026-09-25,de8bbf8d379bf416df612c557ddd338a,Houston Astros @ Athletics,2026-09-26T01:40:00Z,,,,,,a_saisir,2.591,,,🔴 passe,2.59,,0,,0.386,,,
2026-09-25T15:17:21+00:00,mlb,mlb_ml,Houston Astros ML,0.609,0.6163,,,,0,,L,2026.09.24.4,2026-09-25|mlb|mlb_ml|Houston Astros ML,2026-09-25,de8bbf8d379bf416df612c557ddd338a,Houston Astros @ Athletics,2026-09-26T01:40:00Z,,,,,,a_saisir,1.629,,,🔴 passe,1.58,,0,,0.614,,,
2026-09-25T15:17:21+00:00,mlb,mlb_rl,Houston Astros -1.5,0.471,0.486,,,,0,,L,2026.09.24.4,2026-09-25|mlb|mlb_rl|Houston Astros -1.5,2026-09-25,de8bbf8d379bf416df612c557ddd338a,Houston Astros @ Athletics,2026-09-26T01:40:00Z,,,,,,a_saisir,2.079,,,🔴 passe,1.97,,0,,0.481,,,
2026-09-25T15:17:21+00:00,mlb,mlb_ml,Minnesota Twins ML,0.513,0.4895,,,,0,,W,2026.09.24.4,2026-09-25|mlb|mlb_ml|Minnesota Twins ML,2026-09-25,9f08a9d734982153de27326c32e8be0e,Texas Rangers @ Minnesota Twins,2026-09-26T00:10:00Z,,,,,,a_saisir,2.012,,,🔴 passe,2.01,,0,,0.497,,,
2026-09-25T15:17:21+00:00,mlb,mlb_ml,Texas Rangers ML,0.487,0.5105,,,,0,,L,2026.09.24.4,2026-09-25|mlb|mlb_ml|Texas Rangers ML,2026-09-25,9f08a9d734982153de27326c32e8be0e,Texas Rangers @ Minnesota Twins,2026-09-26T00:10:00Z,,,,,,a_saisir,1.988,,,🔴 passe,1.93,,0,,0.503,,,
2026-09-25T15:17:21+00:00,mlb,mlb_ml,Kansas City Royals ML,0.454,0.4407,,,,0,,L,2026.09.24.4,2026-09-25|mlb|mlb_ml|Kansas City Royals ML,2026-09-25,7bd30076728c7fcf1f893c1d269a60af,Cleveland Guardians @ Kansas City Royals,2026-09-25T23:40:00Z,,,,,,a_saisir,2.247,,,🔴 passe,2.22,,0,,0.445,,,
2026-09-25T15:17:21+00:00,mlb,mlb_ml,Cleveland Guardians ML,0.546,0.5593,,,,0,,W,2026.09.24.4,2026-09-25|mlb|mlb_ml|Cleveland Guardians ML,2026-09-25,7bd30076728c7fcf1f893c1d269a60af,Cleveland Guardians @ Kansas City Royals,2026-09-25T23:40:00Z,,,,,,a_saisir,1.802,,,🔴 passe,1.78,,0,,0.555,,,
2026-09-25T15:17:21+00:00,mlb,mlb_rl,Cleveland Guardians -1.5,0.389,0.416,,,,0,,W,2026.09.24.4,2026-09-25|mlb|mlb_rl|Cleveland Guardians -1.5,2026-09-25,7bd30076728c7fcf1f893c1d269a60af,Cleveland Guardians @ Kansas City Royals,2026-09-25T23:40:00Z,,,,,,a_saisir,2.451,,,🔴 passe,2.3,,0,,0.408,,,
2026-09-25T15:17:21+00:00,mlb,mlb_ml,St. Louis Cardinals ML,0.387,0.375,,,,0,,L,2026.09.24.4,2026-09-25|mlb|mlb_ml|St. Louis Cardinals ML,2026-09-25,12c52c4f4de763e9a171ffac0f4f02ef,St. Louis Cardinals @ Milwaukee Brewers,2026-09-25T23:40:00Z,,,,,,a_saisir,2.639,,,🔴 passe,2.6,,0,,0.379,,,
2026-09-25T15:17:21+00:00,mlb,mlb_rl,Milwaukee Brewers -1.5,0.474,0.431,,,,0,,W,2026.09.24.4,2026-09-25|mlb|mlb_rl|Milwaukee Brewers -1.5,2026-09-25,12c52c4f4de763e9a171ffac0f4f02ef,St. Louis Cardinals @ Milwaukee Brewers,2026-09-25T23:40:00Z,,,,,,a_saisir,2.252,,,🔴 passe,2.22,,0,,0.444,,,
2026-09-25T15:17:21+00:00,mlb,mlb_ml,Milwaukee Brewers ML,0.613,0.625,,,,0,,W,2026.09.24.4,2026-09-25|mlb|mlb_ml|Milwaukee Brewers ML,2026-09-25,12c52c4f4de763e9a171ffac0f4f02ef,St. Louis Cardinals @ Milwaukee Brewers,2026-09-25T23:40:00Z,,,,,,a_saisir,1.61,,,🔴 passe,1.56,,0,,0.621,,,
2026-09-25T15:17:21+00:00,mlb,mlb_ml,Chicago Cubs ML,0.519,0.5105,,,,0,,L,2026.09.24.4,2026-09-25|mlb|mlb_ml|Chicago Cubs ML,2026-09-25,c1c95aa0c77e6735bae6602eec2b42be,Chicago Cubs @ Boston Red Sox,2026-09-25T21:35:00Z,,,,,,a_saisir,1.949,,,🔴 passe,1.92,,0,,0.513,,,
2026-09-25T15:17:21+00:00,mlb,mlb_ml,Boston Red Sox ML,0.481,0.4895,,,,0,,W,2026.09.24.4,2026-09-25|mlb|mlb_ml|Boston Red Sox ML,2026-09-25,c1c95aa0c77e6735bae6602eec2b42be,Chicago Cubs @ Boston Red Sox,2026-09-25T21:35:00Z,,,,,,a_saisir,2.053,,,🔴 passe,2.02,,0,,0.487,,,
2026-09-25T15:17:21+00:00,mlb,mlb_rl,Chicago Cubs -1.5,0.387,0.361,,,,0,,L,2026.09.24.4,2026-09-25|mlb|mlb_rl|Chicago Cubs -1.5,2026-09-25,c1c95aa0c77e6735bae6602eec2b42be,Chicago Cubs @ Boston Red Sox,2026-09-25T21:35:00Z,,,,,,a_saisir,2.71,,,🔴 passe,2.65,,0,,0.369,,,
2026-09-27T15:17:31+00:00,nfl,nfl_ml,Buffalo Bills ML,0.7534,0.7534,,,,0,,W,2026.09.24.4,2026-09-27|nfl|nfl_ml|Buffalo Bills ML,2026-09-27,b225458a282e140c44c45651255f2f6c,Los Angeles Chargers @ Buffalo Bills,2026-09-27T17:00:00Z,,,,,,a_saisir,1.327,,,pinnacle (shin),,,,,0.7534,,,
2026-09-27T15:17:31+00:00,nfl,nfl_ml,Los Angeles Chargers ML,0.2466,0.2466,,,,0,,L,2026.09.24.4,2026-09-27|nfl|nfl_ml|Los Angeles Chargers ML,2026-09-27,b225458a282e140c44c45651255f2f6c,Los Angeles Chargers @ Buffalo Bills,2026-09-27T17:00:00Z,,,,,,a_saisir,4.055,,,pinnacle (shin),,,,,0.2466,,,
2026-09-27T15:17:31+00:00,nfl,nfl_spread,Buffalo Bills -7.5,0.4724,0.4724,,,,0,,W,2026.09.24.4,2026-09-27|nfl|nfl_spread|Buffalo Bills -7.5,2026-09-27,b225458a282e140c44c45651255f2f6c,Los Angeles Chargers @ Buffalo Bills,2026-09-27T17:00:00Z,,,,,,a_saisir,2.117,,,pinnacle (shin),,,,,0.4724,,,
2026-09-27T15:17:31+00:00,nfl,nfl_spread,Los Angeles Chargers +7.5,0.5276,0.5276,,,,0,,L,2026.09.24.4,2026-09-27|nfl|nfl_spread|Los Angeles Chargers +7.5,2026-09-27,b225458a282e140c44c45651255f2f6c,Los Angeles Chargers @ Buffalo Bills,2026-09-27T17:00:00Z,,,,,,a_saisir,1.895,,,pinnacle (shin),,,,,0.5276,,,
2026-09-27T15:17:31+00:00,nfl,nfl_total,Over 50,0.4973,0.4973,,,,0,,L,2026.09.24.4,2026-09-27|nfl|nfl_total|Over 50,2026-09-27,b225458a282e140c44c45651255f2f6c,Los Angeles Chargers @ Buffalo Bills,2026-09-27T17:00:00Z,,,,,,a_saisir,2.011,,,pinnacle (shin),,,,,0.4973,,,
2026-09-27T15:17:31+00:00,nfl,nfl_total,Under 50,0.5027,0.5027,,,,0,,W,2026.09.24.4,2026-09-27|nfl|nfl_total|Under 50,2026-09-27,b225458a282e140c44c45651255f2f6c,Los Angeles Chargers @ Buffalo Bills,2026-09-27T17:00:00Z,,,,,,a_saisir,1.989,,,pinnacle (shin),,,,,0.5027,,,
2026-09-27T15:17:31+00:00,nfl,nfl_ml,Cleveland Browns ML,0.457,0.457,,,,0,,W,2026.09.24.4,2026-09-27|nfl|nfl_ml|Cleveland Browns ML,2026-09-27,613b8cd3a5fab58f7be4e3fd6f76223e,Carolina Panthers @ Cleveland Browns,2026-09-27T17:00:00Z,,,,,,a_saisir,2.188,,,pinnacle (shin),,,,,0.457,,,
2026-09-27T15:17:31+00:00,nfl,nfl_ml,Carolina Panthers ML,0.543,0.543,,,,0,,L,2026.09.24.4,2026-09-27|nfl|nfl_ml|Carolina Panthers ML,2026-09-27,613b8cd3a5fab58f7be4e3fd6f76223e,Carolina Panthers @ Cleveland Browns,2026-09-27T17:00:00Z,,,,,,a_saisir,1.842,,,pinnacle (shin),,,,,0.543,,,
2026-09-25T15:17:21+00:00,nfl,nfl_spread,Cleveland Browns +2.5,0.4828,0.4828,,,,0,,W,2026.09.24.4,2026-09-27|nfl|nfl_spread|Cleveland Browns +2.5,2026-09-27,613b8cd3a5fab58f7be4e3fd6f76223e,Carolina Panthers @ Cleveland Browns,2026-09-27T17:00:00Z,,,,,,a_saisir,2.071,,,pinnacle (shin),,,,,0.4828,,,
2026-09-25T15:17:21+00:00,nfl,nfl_spread,Carolina Panthers -2.5,0.5172,0.5172,,,,0,,L,2026.09.24.4,2026-09-27|nfl|nfl_spread|Carolina Panthers -2.5,2026-09-27,613b8cd3a5fab58f7be4e3fd6f76223e,Carolina Panthers @ Cleveland Browns,2026-09-27T17:00:00Z,,,,,,a_saisir,1.933,,,pinnacle (shin),,,,,0.5172,,,
2026-09-27T15:17:31+00:00,nfl,nfl_total,Over 42,0.4894,0.4894,,,,0,,L,2026.09.24.4,2026-09-27|nfl|nfl_total|Over 42,2026-09-27,613b8cd3a5fab58f7be4e3fd6f76223e,Carolina Panthers @ Cleveland Browns,2026-09-27T17:00:00Z,,,,,,a_saisir,2.043,,,pinnacle (shin),,,,,0.4894,,,
2026-09-27T15:17:31+00:00,nfl,nfl_total,Under 42,0.5106,0.5106,,,,0,,W,2026.09.24.4,2026-09-27|nfl|nfl_total|Under 42,2026-09-27,613b8cd3a5fab58f7be4e3fd6f76223e,Carolina Panthers @ Cleveland Browns,2026-09-27T17:00:00Z,,,,,,a_saisir,1.958,,,pinnacle (shin),,,,,0.5106,,,
2026-09-27T15:17:31+00:00,nfl,nfl_ml,Pittsburgh Steelers ML,0.3875,0.3875,,,,0,,W,2026.09.24.4,2026-09-27|nfl|nfl_ml|Pittsburgh Steelers ML,2026-09-27,71123be049587b6facce3a20c53e5d09,Cincinnati Bengals @ Pittsburgh Steelers,2026-09-27T17:00:00Z,,,,,,a_saisir,2.581,,,pinnacle (shin),,,,,0.3875,,,
2026-09-27T15:17:31+00:00,nfl,nfl_ml,Cincinnati Bengals ML,0.6125,0.6125,,,,0,,L,2026.09.24.4,2026-09-27|nfl|nfl_ml|Cincinnati Bengals ML,2026-09-27,71123be049587b6facce3a20c53e5d09,Cincinnati Bengals @ Pittsburgh Steelers,2026-09-27T17:00:00Z,,,,,,a_saisir,1.633,,,pinnacle (shin),,,,,0.6125,,,
2026-09-25T15:17:21+00:00,nfl,nfl_spread,Pittsburgh Steelers +3.5,0.5093,0.5093,,,,0,,W,2026.09.24.4,2026-09-27|nfl|nfl_spread|Pittsburgh Steelers +3.5,2026-09-27,71123be049587b6facce3a20c53e5d09,Cincinnati Bengals @ Pittsburgh Steelers,2026-09-27T17:00:00Z,,,,,,a_saisir,1.963,,,pinnacle (shin),,,,,0.5093,,,
2026-09-25T15:17:21+00:00,nfl,nfl_spread,Cincinnati Bengals -3.5,0.4907,0.4907,,,,0,,L,2026.09.24.4,2026-09-27|nfl|nfl_spread|Cincinnati Bengals -3.5,2026-09-27,71123be049587b6facce3a20c53e5d09,Cincinnati Bengals @ Pittsburgh Steelers,2026-09-27T17:00:00Z,,,,,,a_saisir,2.038,,,pinnacle (shin),,,,,0.4907,,,
2026-09-27T15:17:31+00:00,nfl,nfl_total,Over 42.5,0.4932,0.4932,,,,0,,L,2026.09.24.4,2026-09-27|nfl|nfl_total|Over 42.5,2026-09-27,f1724dead3eab61546033032fc782375,Minnesota Vikings @ Tampa Bay Buccaneers,2026-09-27T20:05:00Z,,,,,,a_saisir,2.028,,,"mediane sharp shin (lowvig, betonlineag)",,,,,0.4932,,,
2026-09-27T15:17:31+00:00,nfl,nfl_total,Under 42.5,0.5068,0.5068,,,,0,,W,2026.09.24.4,2026-09-27|nfl|nfl_total|Under 42.5,2026-09-27,f1724dead3eab61546033032fc782375,Minnesota Vikings @ Tampa Bay Buccaneers,2026-09-27T20:05:00Z,,,,,,a_saisir,1.973,,,"mediane sharp shin (lowvig, betonlineag)",,,,,0.5068,,,
2026-09-27T15:17:31+00:00,nfl,nfl_total,Over 43,0.4748,0.4748,,,,0,2.1,L,2026.09.24.4,2026-09-27|nfl|nfl_total|Over 43,2026-09-27,f1724dead3eab61546033032fc782375,Minnesota Vikings @ Tampa Bay Buccaneers,2026-09-27T20:05:00Z,,,,,,a_saisir,2.106,0.4763,,pinnacle (shin),,,,,0.4748,,,
2026-09-27T15:17:31+00:00,nfl,nfl_total,Under 43,0.5252,0.5252,,,,0,1.909,W,2026.09.24.4,2026-09-27|nfl|nfl_total|Under 43,2026-09-27,f1724dead3eab61546033032fc782375,Minnesota Vikings @ Tampa Bay Buccaneers,2026-09-27T20:05:00Z,,,,,,a_saisir,1.904,0.5237,,pinnacle (shin),,,,,0.5252,,,
2026-09-27T15:17:31+00:00,nfl,nfl_ml,Detroit Lions ML,0.7382,0.7382,,,,0,,W,2026.09.24.4,2026-09-27|nfl|nfl_ml|Detroit Lions ML,2026-09-27,07f552badfa8a565d1be22123713e4da,New York Jets @ Detroit Lions,2026-09-27T17:00:00Z,,,,,,a_saisir,1.355,,,pinnacle (shin),,,,,0.7382,,,
2026-09-27T15:17:31+00:00,nfl,nfl_ml,New York Jets ML,0.2618,0.2618,,,,0,,L,2026.09.24.4,2026-09-27|nfl|nfl_ml|New York Jets ML,2026-09-27,07f552badfa8a565d1be22123713e4da,New York Jets @ Detroit Lions,2026-09-27T17:00:00Z,,,,,,a_saisir,3.82,,,pinnacle (shin),,,,,0.2618,,,
2026-09-27T15:17:31+00:00,nfl,nfl_spread,Detroit Lions -6.5,0.5114,0.5114,,,,0,,W,2026.09.24.4,2026-09-27|nfl|nfl_spread|Detroit Lions -6.5,2026-09-27,07f552badfa8a565d1be22123713e4da,New York Jets @ Detroit Lions,2026-09-27T17:00:00Z,,,,,,a_saisir,1.955,,,"mediane sharp shin (lowvig, betonlineag)",,,,,0.5114,,,
2026-09-27T15:17:31+00:00,nfl,nfl_spread,New York Jets +6.5,0.4886,0.4886,,,,0,,L,2026.09.24.4,2026-09-27|nfl|nfl_spread|New York Jets +6.5,2026-09-27,07f552badfa8a565d1be22123713e4da,New York Jets @ Detroit Lions,2026-09-27T17:00:00Z,,,,,,a_saisir,2.047,,,"mediane sharp shin (lowvig, betonlineag)",,,,,0.4886,,,
2026-09-27T15:17:31+00:00,nfl,nfl_spread,Detroit Lions -7,0.4856,0.4856,,,,0,,P,2026.09.24.4,2026-09-27|nfl|nfl_spread|Detroit Lions -7,2026-09-27,07f552badfa8a565d1be22123713e4da,New York Jets @ Detroit Lions,2026-09-27T17:00:00Z,,,,,,a_saisir,2.059,,,pinnacle (shin),,,,,0.4856,,,
2026-09-27T15:17:31+00:00,nfl,nfl_spread,New York Jets +7,0.5144,0.5144,,,,0,,P,2026.09.24.4,2026-09-27|nfl|nfl_spread|New York Jets +7,2026-09-27,07f552badfa8a565d1be22123713e4da,New York Jets @ Detroit Lions,2026-09-27T17:00:00Z,,,,,,a_saisir,1.944,,,pinnacle (shin),,,,,0.5144,,,
2026-09-27T15:17:31+00:00,nfl,nfl_total,Over 48,0.5068,0.5068,,,,0,,W,2026.09.24.4,2026-09-27|nfl|nfl_total|Over 48,2026-09-27,9d2b09e0f9b6dd5ce0d985894f4f98fa,Arizona Cardinals @ San Francisco 49ers,2026-09-27T20:05:00Z,,,,,,a_saisir,1.973,,,"mediane sharp shin (lowvig, betonlineag)",,,,,0.5068,,,
2026-09-27T15:17:31+00:00,nfl,nfl_total,Under 48,0.4932,0.4932,,,,0,,L,2026.09.24.4,2026-09-27|nfl|nfl_total|Under 48,2026-09-27,9d2b09e0f9b6dd5ce0d985894f4f98fa,Arizona Cardinals @ San Francisco 49ers,2026-09-27T20:05:00Z,,,,,,a_saisir,2.028,,,"mediane sharp shin (lowvig, betonlineag)",,,,,0.4932,,,
2026-09-27T15:17:31+00:00,nfl,nfl_ml,Indianapolis Colts ML,0.4686,0.4686,,,,0,,W,2026.09.24.4,2026-09-27|nfl|nfl_ml|Indianapolis Colts ML,2026-09-27,17a730b7d399feeab6a78c30767c29d2,Houston Texans @ Indianapolis Colts,2026-09-27T17:00:00Z,,,,,,a_saisir,2.134,,,pinnacle (shin),,,,,0.4686,,,
2026-09-27T15:17:31+00:00,nfl,nfl_ml,Houston Texans ML,0.5314,0.5314,,,,0,,L,2026.09.24.4,2026-09-27|nfl|nfl_ml|Houston Texans ML,2026-09-27,17a730b7d399feeab6a78c30767c29d2,Houston Texans @ Indianapolis Colts,2026-09-27T17:00:00Z,,,,,,a_saisir,1.882,,,pinnacle (shin),,,,,0.5314,,,
2026-09-27T15:17:31+00:00,nfl,nfl_spread,Indianapolis Colts +1.5,0.5,0.5,,,,0,,W,2026.09.24.4,2026-09-27|nfl|nfl_spread|Indianapolis Colts +1.5,2026-09-27,17a730b7d399feeab6a78c30767c29d2,Houston Texans @ Indianapolis Colts,2026-09-27T17:00:00Z,,,,,,a_saisir,2,,,pinnacle (shin),,,,,0.5,,,
2026-09-27T15:17:31+00:00,nfl,nfl_spread,Houston Texans -1.5,0.5,0.5,,,,0,,L,2026.09.24.4,2026-09-27|nfl|nfl_spread|Houston Texans -1.5,2026-09-27,17a730b7d399feeab6a78c30767c29d2,Houston Texans @ Indianapolis Colts,2026-09-27T17:00:00Z,,,,,,a_saisir,2,,,pinnacle (shin),,,,,0.5,,,
2026-09-25T15:17:21+00:00,nfl,nfl_spread,Indianapolis Colts +2,0.5093,0.5093,,,,0,,W,2026.09.24.4,2026-09-27|nfl|nfl_spread|Indianapolis Colts +2,2026-09-27,17a730b7d399feeab6a78c30767c29d2,Houston Texans @ Indianapolis Colts,2026-09-27T17:00:00Z,,,,,,a_saisir,1.963,,,pinnacle (shin),,,,,0.5093,,,
2026-09-25T15:17:21+00:00,nfl,nfl_spread,Houston Texans -2,0.4907,0.4907,,,,0,,L,2026.09.24.4,2026-09-27|nfl|nfl_spread|Houston Texans -2,2026-09-27,17a730b7d399feeab6a78c30767c29d2,Houston Texans @ Indianapolis Colts,2026-09-27T17:00:00Z,,,,,,a_saisir,2.038,,,pinnacle (shin),,,,,0.4907,,,
2026-09-27T15:17:31+00:00,nfl,nfl_ml,Jacksonville Jaguars ML,0.5866,0.5866,,,,0,,W,2026.09.24.4,2026-09-27|nfl|nfl_ml|Jacksonville Jaguars ML,2026-09-27,1f3cfd315a24d1a7dd5859a8e6b88e18,New England Patriots @ Jacksonville Jaguars,2026-09-27T17:00:00Z,,,,,,a_saisir,1.705,,,pinnacle (shin),,,,,0.5866,,,
2026-09-27T15:17:31+00:00,nfl,nfl_ml,New England Patriots ML,0.4134,0.4134,,,,0,,L,2026.09.24.4,2026-09-27|nfl|nfl_ml|New England Patriots ML,2026-09-27,1f3cfd315a24d1a7dd5859a8e6b88e18,New England Patriots @ Jacksonville Jaguars,2026-09-27T17:00:00Z,,,,,,a_saisir,2.419,,,pinnacle (shin),,,,,0.4134,,,
2026-09-27T15:17:31+00:00,nfl,nfl_spread,Jacksonville Jaguars -2.5,0.5287,0.5287,,,,0,,W,2026.09.24.4,2026-09-27|nfl|nfl_spread|Jacksonville Jaguars -2.5,2026-09-27,1f3cfd315a24d1a7dd5859a8e6b88e18,New England Patriots @ Jacksonville Jaguars,2026-09-27T17:00:00Z,,,,,,a_saisir,1.891,,,pinnacle (shin),,,,,0.5287,,,
2026-09-27T15:17:31+00:00,nfl,nfl_spread,New England Patriots +2.5,0.4713,0.4713,,,,0,,L,2026.09.24.4,2026-09-27|nfl|nfl_spread|New England Patriots +2.5,2026-09-27,1f3cfd315a24d1a7dd5859a8e6b88e18,New England Patriots @ Jacksonville Jaguars,2026-09-27T17:00:00Z,,,,,,a_saisir,2.122,,,pinnacle (shin),,,,,0.4713,,,
2026-09-27T15:17:31+00:00,nfl,nfl_spread,Jacksonville Jaguars -3,0.4759,0.4759,,,,0,,W,2026.09.24.4,2026-09-27|nfl|nfl_spread|Jacksonville Jaguars -3,2026-09-27,1f3cfd315a24d1a7dd5859a8e6b88e18,New England Patriots @ Jacksonville Jaguars,2026-09-27T17:00:00Z,,,,,,a_saisir,2.101,,,"mediane sharp shin (lowvig, betonlineag)",,,,,0.4759,,,
2026-09-27T15:17:31+00:00,nfl,nfl_spread,New England Patriots +3,0.5241,0.5241,,,,0,,L,2026.09.24.4,2026-09-27|nfl|nfl_spread|New England Patriots +3,2026-09-27,1f3cfd315a24d1a7dd5859a8e6b88e18,New England Patriots @ Jacksonville Jaguars,2026-09-27T17:00:00Z,,,,,,a_saisir,1.908,,,"mediane sharp shin (lowvig, betonlineag)",,,,,0.5241,,,
2026-09-27T15:17:31+00:00,nfl,nfl_total,Over 45.5,0.5133,0.5133,,,,0,,L,2026.09.24.4,2026-09-27|nfl|nfl_total|Over 45.5,2026-09-27,1f3cfd315a24d1a7dd5859a8e6b88e18,New England Patriots @ Jacksonville Jaguars,2026-09-27T17:00:00Z,,,,,,a_saisir,1.948,,,pinnacle (shin),,,,,0.5133,,,
2026-09-27T15:17:31+00:00,nfl,nfl_total,Under 45.5,0.4867,0.4867,,,,0,,W,2026.09.24.4,2026-09-27|nfl|nfl_total|Under 45.5,2026-09-27,1f3cfd315a24d1a7dd5859a8e6b88e18,New England Patriots @ Jacksonville Jaguars,2026-09-27T17:00:00Z,,,,,,a_saisir,2.055,,,pinnacle (shin),,,,,0.4867,,,
2026-09-27T15:17:31+00:00,nfl,nfl_total,Over 46,0.5122,0.5122,,,,0,,L,2026.09.24.4,2026-09-27|nfl|nfl_total|Over 46,2026-09-27,1f3cfd315a24d1a7dd5859a8e6b88e18,New England Patriots @ Jacksonville Jaguars,2026-09-27T17:00:00Z,,,,,,a_saisir,1.952,,,"mediane sharp shin (lowvig, betonlineag)",,,,,0.5122,,,
2026-09-27T15:17:31+00:00,nfl,nfl_total,Under 46,0.4878,0.4878,,,,0,,W,2026.09.24.4,2026-09-27|nfl|nfl_total|Under 46,2026-09-27,1f3cfd315a24d1a7dd5859a8e6b88e18,New England Patriots @ Jacksonville Jaguars,2026-09-27T17:00:00Z,,,,,,a_saisir,2.05,,,"mediane sharp shin (lowvig, betonlineag)",,,,,0.4878,,,
2026-09-27T15:17:31+00:00,nfl,nfl_ml,Miami Dolphins ML,0.1626,0.1626,,,,0,,L,2026.09.24.4,2026-09-27|nfl|nfl_ml|Miami Dolphins ML,2026-09-27,0339a0e41bcee12820eb3e64bb5fadb4,Kansas City Chiefs @ Miami Dolphins,2026-09-27T17:00:00Z,,,,,,a_saisir,6.15,,,pinnacle (shin),,,,,0.1626,,,
2026-09-27T15:17:31+00:00,nfl,nfl_ml,Kansas City Chiefs ML,0.8374,0.8374,,,,0,,W,2026.09.24.4,2026-09-27|nfl|nfl_ml|Kansas City Chiefs ML,2026-09-27,0339a0e41bcee12820eb3e64bb5fadb4,Kansas City Chiefs @ Miami Dolphins,2026-09-27T17:00:00Z,,,,,,a_saisir,1.194,,,pinnacle (shin),,,,,0.8374,,,
2026-09-25T15:17:21+00:00,nfl,nfl_spread,Miami Dolphins +11,0.5147,0.5147,,,,0,,L,2026.09.24.4,2026-09-27|nfl|nfl_spread|Miami Dolphins +11,2026-09-27,0339a0e41bcee12820eb3e64bb5fadb4,Kansas City Chiefs @ Miami Dolphins,2026-09-27T17:00:00Z,,,,,,a_saisir,1.943,,,"mediane sharp shin (lowvig, betonlineag)",,,,,0.5147,,,
2026-09-25T15:17:21+00:00,nfl,nfl_spread,Kansas City Chiefs -11,0.4853,0.4853,,,,0,,W,2026.09.24.4,2026-09-27|nfl|nfl_spread|Kansas City Chiefs -11,2026-09-27,0339a0e41bcee12820eb3e64bb5fadb4,Kansas City Chiefs @ Miami Dolphins,2026-09-27T17:00:00Z,,,,,,a_saisir,2.061,,,"mediane sharp shin (lowvig, betonlineag)",,,,,0.4853,,,
2026-09-25T15:17:21+00:00,nfl,nfl_spread,Miami Dolphins +11.5,0.529,0.529,,,,0,,L,2026.09.24.4,2026-09-27|nfl|nfl_spread|Miami Dolphins +11.5,2026-09-27,0339a0e41bcee12820eb3e64bb5fadb4,Kansas City Chiefs @ Miami Dolphins,2026-09-27T17:00:00Z,,,,,,a_saisir,1.89,,,pinnacle (shin),,,,,0.529,,,
2026-09-25T15:17:21+00:00,nfl,nfl_spread,Kansas City Chiefs -11.5,0.471,0.471,,,,0,,W,2026.09.24.4,2026-09-27|nfl|nfl_spread|Kansas City Chiefs -11.5,2026-09-27,0339a0e41bcee12820eb3e64bb5fadb4,Kansas City Chiefs @ Miami Dolphins,2026-09-27T17:00:00Z,,,,,,a_saisir,2.123,,,pinnacle (shin),,,,,0.471,,,
2026-09-27T15:17:31+00:00,nfl,nfl_ml,New York Giants ML,0.5558,0.5558,,,,0,,W,2026.09.24.4,2026-09-27|nfl|nfl_ml|New York Giants ML,2026-09-27,555afd4a27aaa392662881cffa8f2eef,Tennessee Titans @ New York Giants,2026-09-27T17:00:00Z,,,,,,a_saisir,1.799,,,pinnacle (shin),,,,,0.5558,,,
2026-09-27T15:17:31+00:00,nfl,nfl_ml,Tennessee Titans ML,0.4442,0.4442,,,,0,,L,2026.09.24.4,2026-09-27|nfl|nfl_ml|Tennessee Titans ML,2026-09-27,555afd4a27aaa392662881cffa8f2eef,Tennessee Titans @ New York Giants,2026-09-27T17:00:00Z,,,,,,a_saisir,2.251,,,pinnacle (shin),,,,,0.4442,,,
2026-09-27T15:17:31+00:00,nfl,nfl_spread,New York Giants -2.5,0.5,0.5,,,,0,,W,2026.09.24.4,2026-09-27|nfl|nfl_spread|New York Giants -2.5,2026-09-27,555afd4a27aaa392662881cffa8f2eef,Tennessee Titans @ New York Giants,2026-09-27T17:00:00Z,,,,,,a_saisir,2,,,pinnacle (shin),,,,,0.5,,,
2026-09-27T15:17:31+00:00,nfl,nfl_spread,Tennessee Titans +2.5,0.5,0.5,,,,0,,L,2026.09.24.4,2026-09-27|nfl|nfl_spread|Tennessee Titans +2.5,2026-09-27,555afd4a27aaa392662881cffa8f2eef,Tennessee Titans @ New York Giants,2026-09-27T17:00:00Z,,,,,,a_saisir,2,,,pinnacle (shin),,,,,0.5,,,
2026-09-25T15:17:21+00:00,nfl,nfl_total,Over 38,0.5,0.5,,,,0,,L,2026.09.24.4,2026-09-27|nfl|nfl_total|Over 38,2026-09-27,555afd4a27aaa392662881cffa8f2eef,Tennessee Titans @ New York Giants,2026-09-27T17:00:00Z,,,,,,a_saisir,2,,,"mediane sharp shin (lowvig, betonlineag)",,,,,0.5,,,
2026-09-25T15:17:21+00:00,nfl,nfl_total,Under 38,0.5,0.5,,,,0,,W,2026.09.24.4,2026-09-27|nfl|nfl_total|Under 38,2026-09-27,555afd4a27aaa392662881cffa8f2eef,Tennessee Titans @ New York Giants,2026-09-27T17:00:00Z,,,,,,a_saisir,2,,,"mediane sharp shin (lowvig, betonlineag)",,,,,0.5,,,
2026-09-27T15:17:31+00:00,nfl,nfl_total,Over 38.5,0.4775,0.4775,,,,0,,L,2026.09.24.4,2026-09-27|nfl|nfl_total|Over 38.5,2026-09-27,555afd4a27aaa392662881cffa8f2eef,Tennessee Titans @ New York Giants,2026-09-27T17:00:00Z,,,,,,a_saisir,2.094,,,pinnacle (shin),,,,,0.4775,,,
2026-09-27T15:17:31+00:00,nfl,nfl_total,Under 38.5,0.5225,0.5225,,,,0,,W,2026.09.24.4,2026-09-27|nfl|nfl_total|Under 38.5,2026-09-27,555afd4a27aaa392662881cffa8f2eef,Tennessee Titans @ New York Giants,2026-09-27T17:00:00Z,,,,,,a_saisir,1.914,,,pinnacle (shin),,,,,0.5225,,,
2026-09-27T15:17:31+00:00,nfl,nfl_ml,Washington Commanders ML,0.2288,0.2288,,,,0,,W,2026.09.24.4,2026-09-27|nfl|nfl_ml|Washington Commanders ML,2026-09-27,2a529c108305ffa049d8b6cfdbaa4d36,Seattle Seahawks @ Washington Commanders,2026-09-27T17:00:00Z,,,,,,a_saisir,4.371,,,pinnacle (shin),,,,,0.2288,,,
2026-09-27T15:17:31+00:00,nfl,nfl_ml,Seattle Seahawks ML,0.7712,0.7712,,,,0,,L,2026.09.24.4,2026-09-27|nfl|nfl_ml|Seattle Seahawks ML,2026-09-27,2a529c108305ffa049d8b6cfdbaa4d36,Seattle Seahawks @ Washington Commanders,2026-09-27T17:00:00Z,,,,,,a_saisir,1.297,,,pinnacle (shin),,,,,0.7712,,,
2026-09-25T15:17:21+00:00,nfl,nfl_spread,Washington Commanders +7.5,0.496,0.496,,,,0,,W,2026.09.24.4,2026-09-27|nfl|nfl_spread|Washington Commanders +7.5,2026-09-27,2a529c108305ffa049d8b6cfdbaa4d36,Seattle Seahawks @ Washington Commanders,2026-09-27T17:00:00Z,,,,,,a_saisir,2.016,,,pinnacle (shin),,,,,0.496,,,
2026-09-25T15:17:21+00:00,nfl,nfl_spread,Seattle Seahawks -7.5,0.504,0.504,,,,0,,L,2026.09.24.4,2026-09-27|nfl|nfl_spread|Seattle Seahawks -7.5,2026-09-27,2a529c108305ffa049d8b6cfdbaa4d36,Seattle Seahawks @ Washington Commanders,2026-09-27T17:00:00Z,,,,,,a_saisir,1.984,,,pinnacle (shin),,,,,0.504,,,
2026-09-27T15:17:31+00:00,nfl,nfl_total,Over 40,0.5122,0.5122,,,,0,,W,2026.09.24.4,2026-09-27|nfl|nfl_total|Over 40,2026-09-27,2a529c108305ffa049d8b6cfdbaa4d36,Seattle Seahawks @ Washington Commanders,2026-09-27T17:00:00Z,,,,,,a_saisir,1.952,,,"mediane sharp shin (lowvig, betonlineag)",,,,,0.5122,,,
2026-09-27T15:17:31+00:00,nfl,nfl_total,Under 40,0.4878,0.4878,,,,0,,L,2026.09.24.4,2026-09-27|nfl|nfl_total|Under 40,2026-09-27,2a529c108305ffa049d8b6cfdbaa4d36,Seattle Seahawks @ Washington Commanders,2026-09-27T17:00:00Z,,,,,,a_saisir,2.05,,,"mediane sharp shin (lowvig, betonlineag)",,,,,0.4878,,,
2026-09-27T15:17:31+00:00,nfl,nfl_total,Over 40.5,0.4934,0.4934,,,,0,,W,2026.09.24.4,2026-09-27|nfl|nfl_total|Over 40.5,2026-09-27,2a529c108305ffa049d8b6cfdbaa4d36,Seattle Seahawks @ Washington Commanders,2026-09-27T17:00:00Z,,,,,,a_saisir,2.027,,,pinnacle (shin),,,,,0.4934,,,
2026-09-27T15:17:31+00:00,nfl,nfl_total,Under 40.5,0.5066,0.5066,,,,0,,L,2026.09.24.4,2026-09-27|nfl|nfl_total|Under 40.5,2026-09-27,2a529c108305ffa049d8b6cfdbaa4d36,Seattle Seahawks @ Washington Commanders,2026-09-27T17:00:00Z,,,,,,a_saisir,1.974,,,pinnacle (shin),,,,,0.5066,,,
2026-09-27T15:17:31+00:00,nfl,nfl_ml,San Francisco 49ers ML,0.7672,0.7672,,,,0,1.303,W,2026.09.24.4,2026-09-27|nfl|nfl_ml|San Francisco 49ers ML,2026-09-27,9d2b09e0f9b6dd5ce0d985894f4f98fa,Arizona Cardinals @ San Francisco 49ers,2026-09-27T20:05:00Z,,,,,,a_saisir,1.303,0.7672,,pinnacle (shin),,,,,0.7672,,,
2026-09-27T15:17:31+00:00,nfl,nfl_ml,Arizona Cardinals ML,0.2328,0.2328,,,,0,4.295,L,2026.09.24.4,2026-09-27|nfl|nfl_ml|Arizona Cardinals ML,2026-09-27,9d2b09e0f9b6dd5ce0d985894f4f98fa,Arizona Cardinals @ San Francisco 49ers,2026-09-27T20:05:00Z,,,,,,a_saisir,4.296,0.2328,,pinnacle (shin),,,,,0.2328,,,
2026-09-25T15:17:21+00:00,nfl,nfl_spread,San Francisco 49ers -8.5,0.5,0.5,,,,0,,L,2026.09.24.4,2026-09-27|nfl|nfl_spread|San Francisco 49ers -8.5,2026-09-27,9d2b09e0f9b6dd5ce0d985894f4f98fa,Arizona Cardinals @ San Francisco 49ers,2026-09-27T20:05:00Z,,,,,,a_saisir,2,,,pinnacle (shin),,,,,0.5,,,
2026-09-25T15:17:21+00:00,nfl,nfl_spread,Arizona Cardinals +8.5,0.5,0.5,,,,0,,W,2026.09.24.4,2026-09-27|nfl|nfl_spread|Arizona Cardinals +8.5,2026-09-27,9d2b09e0f9b6dd5ce0d985894f4f98fa,Arizona Cardinals @ San Francisco 49ers,2026-09-27T20:05:00Z,,,,,,a_saisir,2,,,pinnacle (shin),,,,,0.5,,,
2026-09-25T15:17:21+00:00,nfl,nfl_spread,San Francisco 49ers -9,0.4863,0.4863,,,,0,,L,2026.09.24.4,2026-09-27|nfl|nfl_spread|San Francisco 49ers -9,2026-09-27,9d2b09e0f9b6dd5ce0d985894f4f98fa,Arizona Cardinals @ San Francisco 49ers,2026-09-27T20:05:00Z,,,,,,a_saisir,2.056,,,mediane sharp shin (betonlineag),,,,,0.4863,,,
2026-09-25T15:17:21+00:00,nfl,nfl_spread,Arizona Cardinals +9,0.5137,0.5137,,,,0,,W,2026.09.24.4,2026-09-27|nfl|nfl_spread|Arizona Cardinals +9,2026-09-27,9d2b09e0f9b6dd5ce0d985894f4f98fa,Arizona Cardinals @ San Francisco 49ers,2026-09-27T20:05:00Z,,,,,,a_saisir,1.947,,,mediane sharp shin (betonlineag),,,,,0.5137,,,
2026-09-25T15:17:21+00:00,nfl,nfl_total,Over 47.5,0.5186,0.5186,,,,0,,W,2026.09.24.4,2026-09-27|nfl|nfl_total|Over 47.5,2026-09-27,9d2b09e0f9b6dd5ce0d985894f4f98fa,Arizona Cardinals @ San Francisco 49ers,2026-09-27T20:05:00Z,,,,,,a_saisir,1.928,,,pinnacle (shin),,,,,0.5186,,,
2026-09-25T15:17:21+00:00,nfl,nfl_total,Under 47.5,0.4814,0.4814,,,,0,,L,2026.09.24.4,2026-09-27|nfl|nfl_total|Under 47.5,2026-09-27,9d2b09e0f9b6dd5ce0d985894f4f98fa,Arizona Cardinals @ San Francisco 49ers,2026-09-27T20:05:00Z,,,,,,a_saisir,2.077,,,pinnacle (shin),,,,,0.4814,,,
2026-09-25T15:17:21+00:00,nfl,nfl_total,Over 49,0.4932,0.4932,,,,0,,W,2026.09.24.4,2026-09-27|nfl|nfl_total|Over 49,2026-09-27,9d2b09e0f9b6dd5ce0d985894f4f98fa,Arizona Cardinals @ San Francisco 49ers,2026-09-27T20:05:00Z,,,,,,a_saisir,2.028,,,"mediane sharp shin (lowvig, betonlineag)",,,,,0.4932,,,
2026-09-25T15:17:21+00:00,nfl,nfl_total,Under 49,0.5068,0.5068,,,,0,,L,2026.09.24.4,2026-09-27|nfl|nfl_total|Under 49,2026-09-27,9d2b09e0f9b6dd5ce0d985894f4f98fa,Arizona Cardinals @ San Francisco 49ers,2026-09-27T20:05:00Z,,,,,,a_saisir,1.973,,,"mediane sharp shin (lowvig, betonlineag)",,,,,0.5068,,,
2026-09-27T15:17:31+00:00,nfl,nfl_ml,Tampa Bay Buccaneers ML,0.4803,0.4803,,,,0,2.021,L,2026.09.24.4,2026-09-27|nfl|nfl_ml|Tampa Bay Buccaneers ML,2026-09-27,f1724dead3eab61546033032fc782375,Minnesota Vikings @ Tampa Bay Buccaneers,2026-09-27T20:05:00Z,,,,,,a_saisir,2.082,0.4947,,pinnacle (shin),,,,,0.4803,,,
2026-09-27T15:17:31+00:00,nfl,nfl_ml,Minnesota Vikings ML,0.5197,0.5197,,,,0,1.979,W,2026.09.24.4,2026-09-27|nfl|nfl_ml|Minnesota Vikings ML,2026-09-27,f1724dead3eab61546033032fc782375,Minnesota Vikings @ Tampa Bay Buccaneers,2026-09-27T20:05:00Z,,,,,,a_saisir,1.924,0.5053,,pinnacle (shin),,,,,0.5197,,,
2026-09-25T15:17:21+00:00,nfl,nfl_spread,Tampa Bay Buccaneers +1.5,0.5148,0.5148,,,,0,,L,2026.09.24.4,2026-09-27|nfl|nfl_spread|Tampa Bay Buccaneers +1.5,2026-09-27,f1724dead3eab61546033032fc782375,Minnesota Vikings @ Tampa Bay Buccaneers,2026-09-27T20:05:00Z,,,,,,a_saisir,1.943,,,"mediane sharp shin (lowvig, betonlineag)",,,,,0.5148,,,
2026-09-25T15:17:21+00:00,nfl,nfl_spread,Minnesota Vikings -1.5,0.4852,0.4852,,,,0,,W,2026.09.24.4,2026-09-27|nfl|nfl_spread|Minnesota Vikings -1.5,2026-09-27,f1724dead3eab61546033032fc782375,Minnesota Vikings @ Tampa Bay Buccaneers,2026-09-27T20:05:00Z,,,,,,a_saisir,2.061,,,"mediane sharp shin (lowvig, betonlineag)",,,,,0.4852,,,
2026-09-25T15:17:21+00:00,nfl,nfl_spread,Tampa Bay Buccaneers +2,0.5264,0.5264,,,,0,,L,2026.09.24.4,2026-09-27|nfl|nfl_spread|Tampa Bay Buccaneers +2,2026-09-27,f1724dead3eab61546033032fc782375,Minnesota Vikings @ Tampa Bay Buccaneers,2026-09-27T20:05:00Z,,,,,,a_saisir,1.9,,,pinnacle (shin),,,,,0.5264,,,
2026-09-25T15:17:21+00:00,nfl,nfl_spread,Minnesota Vikings -2,0.4736,0.4736,,,,0,,W,2026.09.24.4,2026-09-27|nfl|nfl_spread|Minnesota Vikings -2,2026-09-27,f1724dead3eab61546033032fc782375,Minnesota Vikings @ Tampa Bay Buccaneers,2026-09-27T20:05:00Z,,,,,,a_saisir,2.111,,,pinnacle (shin),,,,,0.4736,,,
2026-09-27T15:17:31+00:00,nfl,nfl_ml,Dallas Cowboys ML,0.3804,0.3804,,,,0,,L,2026.09.24.4,2026-09-27|nfl|nfl_ml|Dallas Cowboys ML,2026-09-27,84cfca14efc21363fd605508404cf1ff,Baltimore Ravens @ Dallas Cowboys,2026-09-27T20:25:00Z,,,,,,a_saisir,2.629,,,pinnacle (shin),,,,,0.3804,,,
2026-09-27T15:17:31+00:00,nfl,nfl_ml,Baltimore Ravens ML,0.6196,0.6196,,,,0,,W,2026.09.24.4,2026-09-27|nfl|nfl_ml|Baltimore Ravens ML,2026-09-27,84cfca14efc21363fd605508404cf1ff,Baltimore Ravens @ Dallas Cowboys,2026-09-27T20:25:00Z,,,,,,a_saisir,1.614,,,pinnacle (shin),,,,,0.6196,,,
2026-09-27T15:17:31+00:00,nfl,nfl_spread,Dallas Cowboys +3,0.4759,0.4759,,,,0,,P,2026.09.24.4,2026-09-27|nfl|nfl_spread|Dallas Cowboys +3,2026-09-27,84cfca14efc21363fd605508404cf1ff,Baltimore Ravens @ Dallas Cowboys,2026-09-27T20:25:00Z,,,,,,a_saisir,2.101,,,"mediane sharp shin (lowvig, betonlineag)",,,,,0.4759,,,
2026-09-27T15:17:31+00:00,nfl,nfl_spread,Baltimore Ravens -3,0.5241,0.5241,,,,0,,P,2026.09.24.4,2026-09-27|nfl|nfl_spread|Baltimore Ravens -3,2026-09-27,84cfca14efc21363fd605508404cf1ff,Baltimore Ravens @ Dallas Cowboys,2026-09-27T20:25:00Z,,,,,,a_saisir,1.908,,,"mediane sharp shin (lowvig, betonlineag)",,,,,0.5241,,,
2026-09-27T15:17:31+00:00,nfl,nfl_spread,Dallas Cowboys +3.5,0.5276,0.5276,,,,0,,W,2026.09.24.4,2026-09-27|nfl|nfl_spread|Dallas Cowboys +3.5,2026-09-27,84cfca14efc21363fd605508404cf1ff,Baltimore Ravens @ Dallas Cowboys,2026-09-27T20:25:00Z,,,,,,a_saisir,1.895,,,pinnacle (shin),,,,,0.5276,,,
2026-09-27T15:17:31+00:00,nfl,nfl_spread,Baltimore Ravens -3.5,0.4724,0.4724,,,,0,,L,2026.09.24.4,2026-09-27|nfl|nfl_spread|Baltimore Ravens -3.5,2026-09-27,84cfca14efc21363fd605508404cf1ff,Baltimore Ravens @ Dallas Cowboys,2026-09-27T20:25:00Z,,,,,,a_saisir,2.117,,,pinnacle (shin),,,,,0.4724,,,
2026-09-27T15:17:31+00:00,nfl,nfl_total,Over 53,0.504,0.504,,,,0,,W,2026.09.24.4,2026-09-27|nfl|nfl_total|Over 53,2026-09-27,84cfca14efc21363fd605508404cf1ff,Baltimore Ravens @ Dallas Cowboys,2026-09-27T20:25:00Z,,,,,,a_saisir,1.984,,,pinnacle (shin),,,,,0.504,,,
2026-09-27T15:17:31+00:00,nfl,nfl_total,Under 53,0.496,0.496,,,,0,,L,2026.09.24.4,2026-09-27|nfl|nfl_total|Under 53,2026-09-27,84cfca14efc21363fd605508404cf1ff,Baltimore Ravens @ Dallas Cowboys,2026-09-27T20:25:00Z,,,,,,a_saisir,2.016,,,pinnacle (shin),,,,,0.496,,,
2026-09-27T15:17:31+00:00,nfl,nfl_total,Over 53.5,0.5047,0.5047,,,,0,,W,2026.09.24.4,2026-09-27|nfl|nfl_total|Over 53.5,2026-09-27,84cfca14efc21363fd605508404cf1ff,Baltimore Ravens @ Dallas Cowboys,2026-09-27T20:25:00Z,,,,,,a_saisir,1.981,,,"mediane sharp shin (lowvig, betonlineag)",,,,,0.5047,,,
2026-09-27T15:17:31+00:00,nfl,nfl_total,Under 53.5,0.4953,0.4953,,,,0,,L,2026.09.24.4,2026-09-27|nfl|nfl_total|Under 53.5,2026-09-27,84cfca14efc21363fd605508404cf1ff,Baltimore Ravens @ Dallas Cowboys,2026-09-27T20:25:00Z,,,,,,a_saisir,2.019,,,"mediane sharp shin (lowvig, betonlineag)",,,,,0.4953,,,
2026-09-27T15:17:31+00:00,nfl,nfl_ml,New Orleans Saints ML,0.6247,0.6247,,,,0,,L,2026.09.24.4,2026-09-27|nfl|nfl_ml|New Orleans Saints ML,2026-09-27,2e523fcb0497aa689473e290eb2b97de,Las Vegas Raiders @ New Orleans Saints,2026-09-27T20:25:00Z,,,,,,a_saisir,1.601,,,pinnacle (shin),,,,,0.6247,,,
2026-09-27T15:17:31+00:00,nfl,nfl_ml,Las Vegas Raiders ML,0.3753,0.3753,,,,0,,W,2026.09.24.4,2026-09-27|nfl|nfl_ml|Las Vegas Raiders ML,2026-09-27,2e523fcb0497aa689473e290eb2b97de,Las Vegas Raiders @ New Orleans Saints,2026-09-27T20:25:00Z,,,,,,a_saisir,2.665,,,pinnacle (shin),,,,,0.3753,,,
2026-09-25T15:17:21+00:00,nfl,nfl_spread,New Orleans Saints -3,0.5232,0.5232,,,,0,,L,2026.09.24.4,2026-09-27|nfl|nfl_spread|New Orleans Saints -3,2026-09-27,2e523fcb0497aa689473e290eb2b97de,Las Vegas Raiders @ New Orleans Saints,2026-09-27T20:25:00Z,,,,,,a_saisir,1.911,,,mediane sharp shin (betonlineag),,,,,0.5232,,,
2026-09-25T15:17:21+00:00,nfl,nfl_spread,Las Vegas Raiders +3,0.4768,0.4768,,,,0,,W,2026.09.24.4,2026-09-27|nfl|nfl_spread|Las Vegas Raiders +3,2026-09-27,2e523fcb0497aa689473e290eb2b97de,Las Vegas Raiders @ New Orleans Saints,2026-09-27T20:25:00Z,,,,,,a_saisir,2.097,,,mediane sharp shin (betonlineag),,,,,0.4768,,,
2026-09-27T15:17:31+00:00,nfl,nfl_spread,New Orleans Saints -3.5,0.4803,0.4803,,,,0,,L,2026.09.24.4,2026-09-27|nfl|nfl_spread|New Orleans Saints -3.5,2026-09-27,2e523fcb0497aa689473e290eb2b97de,Las Vegas Raiders @ New Orleans Saints,2026-09-27T20:25:00Z,,,,,,a_saisir,2.082,,,pinnacle (shin),,,,,0.4803,,,
2026-09-27T15:17:31+00:00,nfl,nfl_spread,Las Vegas Raiders +3.5,0.5197,0.5197,,,,0,,W,2026.09.24.4,2026-09-27|nfl|nfl_spread|Las Vegas Raiders +3.5,2026-09-27,2e523fcb0497aa689473e290eb2b97de,Las Vegas Raiders @ New Orleans Saints,2026-09-27T20:25:00Z,,,,,,a_saisir,1.924,,,pinnacle (shin),,,,,0.5197,,,
2026-09-27T15:17:31+00:00,nfl,nfl_total,Over 43.5,0.5047,0.5047,,,,0,,W,2026.09.24.4,2026-09-27|nfl|nfl_total|Over 43.5,2026-09-27,2e523fcb0497aa689473e290eb2b97de,Las Vegas Raiders @ New Orleans Saints,2026-09-27T20:25:00Z,,,,,,a_saisir,1.981,,,"mediane sharp shin (lowvig, betonlineag)",,,,,0.5047,,,
2026-09-27T15:17:31+00:00,nfl,nfl_total,Under 43.5,0.4953,0.4953,,,,0,,L,2026.09.24.4,2026-09-27|nfl|nfl_total|Under 43.5,2026-09-27,2e523fcb0497aa689473e290eb2b97de,Las Vegas Raiders @ New Orleans Saints,2026-09-27T20:25:00Z,,,,,,a_saisir,2.019,,,"mediane sharp shin (lowvig, betonlineag)",,,,,0.4953,,,
2026-09-27T15:17:31+00:00,nfl,nfl_total,Over 44,0.5,0.5,,,,0,,W,2026.09.24.4,2026-09-27|nfl|nfl_total|Over 44,2026-09-27,3bfd8bfb4b8e9a365a0877879b73b16b,Los Angeles Rams @ Denver Broncos,2026-09-28T00:20:00Z,,,,,,a_saisir,2,,,pinnacle (shin),,,,,0.5,,,
2026-09-27T15:17:31+00:00,nfl,nfl_total,Under 44,0.5,0.5,,,,0,,L,2026.09.24.4,2026-09-27|nfl|nfl_total|Under 44,2026-09-27,3bfd8bfb4b8e9a365a0877879b73b16b,Los Angeles Rams @ Denver Broncos,2026-09-28T00:20:00Z,,,,,,a_saisir,2,,,pinnacle (shin),,,,,0.5,,,
2026-09-27T15:17:31+00:00,nfl,nfl_ml,Denver Broncos ML,0.457,0.457,,,,0,,W,2026.09.24.4,2026-09-27|nfl|nfl_ml|Denver Broncos ML,2026-09-27,3bfd8bfb4b8e9a365a0877879b73b16b,Los Angeles Rams @ Denver Broncos,2026-09-28T00:20:00Z,,,,,,a_saisir,2.188,,,pinnacle (shin),,,,,0.457,,,
2026-09-27T15:17:31+00:00,nfl,nfl_ml,Los Angeles Rams ML,0.543,0.543,,,,0,,L,2026.09.24.4,2026-09-27|nfl|nfl_ml|Los Angeles Rams ML,2026-09-27,3bfd8bfb4b8e9a365a0877879b73b16b,Los Angeles Rams @ Denver Broncos,2026-09-28T00:20:00Z,,,,,,a_saisir,1.842,,,pinnacle (shin),,,,,0.543,,,
2026-09-25T15:17:21+00:00,nfl,nfl_spread,Denver Broncos +2.5,0.5066,0.5066,,,,0,,W,2026.09.24.4,2026-09-27|nfl|nfl_spread|Denver Broncos +2.5,2026-09-27,3bfd8bfb4b8e9a365a0877879b73b16b,Los Angeles Rams @ Denver Broncos,2026-09-28T00:20:00Z,,,,,,a_saisir,1.974,,,pinnacle (shin),,,,,0.5066,,,
2026-09-25T15:17:21+00:00,nfl,nfl_spread,Los Angeles Rams -2.5,0.4934,0.4934,,,,0,,L,2026.09.24.4,2026-09-27|nfl|nfl_spread|Los Angeles Rams -2.5,2026-09-27,3bfd8bfb4b8e9a365a0877879b73b16b,Los Angeles Rams @ Denver Broncos,2026-09-28T00:20:00Z,,,,,,a_saisir,2.027,,,pinnacle (shin),,,,,0.4934,,,
2026-09-27T15:17:31+00:00,nfl,nfl_ml,Chicago Bears ML,0.3711,0.3711,,,,0,,W,2026.09.24.4,2026-09-28|nfl|nfl_ml|Chicago Bears ML,2026-09-28,47dc7baa254659f3beb2ed2b38c207b6,Philadelphia Eagles @ Chicago Bears,2026-09-29T00:15:00Z,,,,,,a_saisir,2.695,,,pinnacle (shin),,,,,0.3711,,,
2026-09-27T15:17:31+00:00,nfl,nfl_ml,Philadelphia Eagles ML,0.6289,0.6289,,,,0,,L,2026.09.24.4,2026-09-28|nfl|nfl_ml|Philadelphia Eagles ML,2026-09-28,47dc7baa254659f3beb2ed2b38c207b6,Philadelphia Eagles @ Chicago Bears,2026-09-29T00:15:00Z,,,,,,a_saisir,1.59,,,pinnacle (shin),,,,,0.6289,,,
2026-09-25T15:17:21+00:00,nfl,nfl_spread,Chicago Bears +4.5,0.4935,0.4935,,,,0,,W,2026.09.24.4,2026-09-28|nfl|nfl_spread|Chicago Bears +4.5,2026-09-28,47dc7baa254659f3beb2ed2b38c207b6,Philadelphia Eagles @ Chicago Bears,2026-09-29T00:15:00Z,,,,,,a_saisir,2.026,,,pinnacle (shin),,,,,0.4935,,,
2026-09-25T15:17:21+00:00,nfl,nfl_spread,Philadelphia Eagles -4.5,0.5065,0.5065,,,,0,,L,2026.09.24.4,2026-09-28|nfl|nfl_spread|Philadelphia Eagles -4.5,2026-09-28,47dc7baa254659f3beb2ed2b38c207b6,Philadelphia Eagles @ Chicago Bears,2026-09-29T00:15:00Z,,,,,,a_saisir,1.974,,,pinnacle (shin),,,,,0.5065,,,
2026-09-25T15:17:21+00:00,nfl,nfl_total,Over 41,0.5,0.5,,,,0,,L,2026.09.24.4,2026-09-28|nfl|nfl_total|Over 41,2026-09-28,47dc7baa254659f3beb2ed2b38c207b6,Philadelphia Eagles @ Chicago Bears,2026-09-29T00:15:00Z,,,,,,a_saisir,2,,,"mediane sharp shin (lowvig, betonlineag)",,,,,0.5,,,
2026-09-25T15:17:21+00:00,nfl,nfl_total,Under 41,0.5,0.5,,,,0,,W,2026.09.24.4,2026-09-28|nfl|nfl_total|Under 41,2026-09-28,47dc7baa254659f3beb2ed2b38c207b6,Philadelphia Eagles @ Chicago Bears,2026-09-29T00:15:00Z,,,,,,a_saisir,2,,,"mediane sharp shin (lowvig, betonlineag)",,,,,0.5,,,
2026-09-25T15:17:21+00:00,nfl,nfl_total,Over 41.5,0.4907,0.4907,,,,0,,L,2026.09.24.4,2026-09-28|nfl|nfl_total|Over 41.5,2026-09-28,47dc7baa254659f3beb2ed2b38c207b6,Philadelphia Eagles @ Chicago Bears,2026-09-29T00:15:00Z,,,,,,a_saisir,2.038,,,pinnacle (shin),,,,,0.4907,,,
2026-09-25T15:17:21+00:00,nfl,nfl_total,Under 41.5,0.5093,0.5093,,,,0,,W,2026.09.24.4,2026-09-28|nfl|nfl_total|Under 41.5,2026-09-28,47dc7baa254659f3beb2ed2b38c207b6,Philadelphia Eagles @ Chicago Bears,2026-09-29T00:15:00Z,,,,,,a_saisir,1.963,,,pinnacle (shin),,,,,0.5093,,,
2026-09-27T15:11:42+00:00,mlb,props_k,Elmer Rodríguez Over 2.5 K,0.753,,,,,0,,VOID,2026.09.24.4,2026-09-27|mlb|props_k|Elmer Rodríguez Over 2.5 K,2026-09-27,8d968b3a9346c52d763b36a57a1cb74a,Baltimore Orioles @ New York Yankees,2026-09-27T17:05:00Z,Elmer Rodríguez,2.5,3,0.753,,informatif,1.328,,,ladder · proj 4.01K,,,,,0.753,,,
2026-09-27T15:11:42+00:00,mlb,props_k,Elmer Rodríguez Over 3.5 K,0.562,,,,,0,,VOID,2026.09.24.4,2026-09-27|mlb|props_k|Elmer Rodríguez Over 3.5 K,2026-09-27,8d968b3a9346c52d763b36a57a1cb74a,Baltimore Orioles @ New York Yankees,2026-09-27T17:05:00Z,Elmer Rodríguez,3.5,4,0.562,,informatif,1.779,,,ladder · proj 4.01K,,,,,0.562,,,
2026-09-27T15:11:42+00:00,mlb,props_k,Elmer Rodríguez Over 4.5 K,0.373,,,,,0,,VOID,2026.09.24.4,2026-09-27|mlb|props_k|Elmer Rodríguez Over 4.5 K,2026-09-27,8d968b3a9346c52d763b36a57a1cb74a,Baltimore Orioles @ New York Yankees,2026-09-27T17:05:00Z,Elmer Rodríguez,4.5,5,0.373,,informatif,2.681,,,ladder · proj 4.01K,,,,,0.373,,,
2026-09-27T15:11:42+00:00,mlb,props_k,Elmer Rodríguez Over 5.5 K,0.222,,,,,0,,VOID,2026.09.24.4,2026-09-27|mlb|props_k|Elmer Rodríguez Over 5.5 K,2026-09-27,8d968b3a9346c52d763b36a57a1cb74a,Baltimore Orioles @ New York Yankees,2026-09-27T17:05:00Z,Elmer Rodríguez,5.5,6,0.222,,informatif,4.505,,,ladder · proj 4.01K,,,,,0.222,,,
2026-09-27T15:11:42+00:00,mlb,props_k,Elmer Rodríguez Over 6.5 K,0.119,,,,,0,,VOID,2026.09.24.4,2026-09-27|mlb|props_k|Elmer Rodríguez Over 6.5 K,2026-09-27,8d968b3a9346c52d763b36a57a1cb74a,Baltimore Orioles @ New York Yankees,2026-09-27T17:05:00Z,Elmer Rodríguez,6.5,7,0.119,,informatif,8.403,,,ladder · proj 4.01K,,,,,0.119,,,
2026-09-27T15:11:42+00:00,mlb,props_k,Elmer Rodríguez Over 7.5 K,0.058,,,,,0,,VOID,2026.09.24.4,2026-09-27|mlb|props_k|Elmer Rodríguez Over 7.5 K,2026-09-27,8d968b3a9346c52d763b36a57a1cb74a,Baltimore Orioles @ New York Yankees,2026-09-27T17:05:00Z,Elmer Rodríguez,7.5,8,0.058,,informatif,17.241,,,ladder · proj 4.01K,,,,,0.058,,,
2026-09-27T15:11:42+00:00,mlb,props_k,Elmer Rodríguez Over 8.5 K,0.026,,,,,0,,VOID,2026.09.24.4,2026-09-27|mlb|props_k|Elmer Rodríguez Over 8.5 K,2026-09-27,8d968b3a9346c52d763b36a57a1cb74a,Baltimore Orioles @ New York Yankees,2026-09-27T17:05:00Z,Elmer Rodríguez,8.5,9,0.026,,informatif,38.462,,,ladder · proj 4.01K,,,,,0.026,,,
2026-09-27T15:11:42+00:00,mlb,props_k,Elmer Rodríguez Over 9.5 K,0.011,,,,,0,,VOID,2026.09.24.4,2026-09-27|mlb|props_k|Elmer Rodríguez Over 9.5 K,2026-09-27,8d968b3a9346c52d763b36a57a1cb74a,Baltimore Orioles @ New York Yankees,2026-09-27T17:05:00Z,Elmer Rodríguez,9.5,10,0.011,,informatif,90.909,,,ladder · proj 4.01K,,,,,0.011,,,
2026-09-27T15:11:42+00:00,mlb,props_k,Shane Baz Over 2.5 K,0.842,,,,,0,,VOID,2026.09.24.4,2026-09-27|mlb|props_k|Shane Baz Over 2.5 K,2026-09-27,8d968b3a9346c52d763b36a57a1cb74a,Baltimore Orioles @ New York Yankees,2026-09-27T17:05:00Z,Shane Baz,2.5,3,0.842,,informatif,1.188,,,ladder · proj 4.75K,,,,,0.842,,,
2026-09-27T15:11:42+00:00,mlb,props_k,Shane Baz Over 3.5 K,0.687,,,,,0,,VOID,2026.09.24.4,2026-09-27|mlb|props_k|Shane Baz Over 3.5 K,2026-09-27,8d968b3a9346c52d763b36a57a1cb74a,Baltimore Orioles @ New York Yankees,2026-09-27T17:05:00Z,Shane Baz,3.5,4,0.687,,informatif,1.456,,,ladder · proj 4.75K,,,,,0.687,,,
2026-09-27T15:11:42+00:00,mlb,props_k,Shane Baz Over 4.5 K,0.509,,,,,0,,VOID,2026.09.24.4,2026-09-27|mlb|props_k|Shane Baz Over 4.5 K,2026-09-27,8d968b3a9346c52d763b36a57a1cb74a,Baltimore Orioles @ New York Yankees,2026-09-27T17:05:00Z,Shane Baz,4.5,5,0.509,,informatif,1.965,,,ladder · proj 4.75K,,,,,0.509,,,
2026-09-27T15:11:42+00:00,mlb,props_k,Shane Baz Over 5.5 K,0.342,,,,,0,,VOID,2026.09.24.4,2026-09-27|mlb|props_k|Shane Baz Over 5.5 K,2026-09-27,8d968b3a9346c52d763b36a57a1cb74a,Baltimore Orioles @ New York Yankees,2026-09-27T17:05:00Z,Shane Baz,5.5,6,0.342,,informatif,2.924,,,ladder · proj 4.75K,,,,,0.342,,,
2026-09-27T15:11:42+00:00,mlb,props_k,Shane Baz Over 6.5 K,0.209,,,,,0,,VOID,2026.09.24.4,2026-09-27|mlb|props_k|Shane Baz Over 6.5 K,2026-09-27,8d968b3a9346c52d763b36a57a1cb74a,Baltimore Orioles @ New York Yankees,2026-09-27T17:05:00Z,Shane Baz,6.5,7,0.209,,informatif,4.785,,,ladder · proj 4.75K,,,,,0.209,,,
2026-09-27T15:11:42+00:00,mlb,props_k,Shane Baz Over 7.5 K,0.117,,,,,0,,VOID,2026.09.24.4,2026-09-27|mlb|props_k|Shane Baz Over 7.5 K,2026-09-27,8d968b3a9346c52d763b36a57a1cb74a,Baltimore Orioles @ New York Yankees,2026-09-27T17:05:00Z,Shane Baz,7.5,8,0.117,,informatif,8.547,,,ladder · proj 4.75K,,,,,0.117,,,
2026-09-27T15:11:42+00:00,mlb,props_k,Shane Baz Over 8.5 K,0.06,,,,,0,,VOID,2026.09.24.4,2026-09-27|mlb|props_k|Shane Baz Over 8.5 K,2026-09-27,8d968b3a9346c52d763b36a57a1cb74a,Baltimore Orioles @ New York Yankees,2026-09-27T17:05:00Z,Shane Baz,8.5,9,0.06,,informatif,16.667,,,ladder · proj 4.75K,,,,,0.06,,,
2026-09-27T15:11:42+00:00,mlb,props_k,Shane Baz Over 9.5 K,0.029,,,,,0,,VOID,2026.09.24.4,2026-09-27|mlb|props_k|Shane Baz Over 9.5 K,2026-09-27,8d968b3a9346c52d763b36a57a1cb74a,Baltimore Orioles @ New York Yankees,2026-09-27T17:05:00Z,Shane Baz,9.5,10,0.029,,informatif,34.483,,,ladder · proj 4.75K,,,,,0.029,,,
2026-09-27T15:12:01+00:00,mlb,props_k,Sean Manaea Over 2.5 K,0.875,,,,,0,,W,2026.09.24.4,2026-09-27|mlb|props_k|Sean Manaea Over 2.5 K,2026-09-27,f915dd93e407b20c3b8693fa226d6bf6,New York Mets @ Washington Nationals,2026-09-27T17:05:00Z,Sean Manaea,2.5,3,0.875,,informatif,1.143,,,ladder · proj 5.13K,,,,,0.875,,,
2026-09-27T15:12:01+00:00,mlb,props_k,Sean Manaea Over 3.5 K,0.74,,,,,0,,L,2026.09.24.4,2026-09-27|mlb|props_k|Sean Manaea Over 3.5 K,2026-09-27,f915dd93e407b20c3b8693fa226d6bf6,New York Mets @ Washington Nationals,2026-09-27T17:05:00Z,Sean Manaea,3.5,4,0.74,,informatif,1.351,,,ladder · proj 5.13K,,,,,0.74,,,
2026-09-27T15:12:01+00:00,mlb,props_k,Sean Manaea Over 4.5 K,0.574,,,,,0,,L,2026.09.24.4,2026-09-27|mlb|props_k|Sean Manaea Over 4.5 K,2026-09-27,f915dd93e407b20c3b8693fa226d6bf6,New York Mets @ Washington Nationals,2026-09-27T17:05:00Z,Sean Manaea,4.5,5,0.574,,informatif,1.742,,,ladder · proj 5.13K,,,,,0.574,,,
2026-09-27T15:12:01+00:00,mlb,props_k,Sean Manaea Over 5.5 K,0.406,,,,,0,,L,2026.09.24.4,2026-09-27|mlb|props_k|Sean Manaea Over 5.5 K,2026-09-27,f915dd93e407b20c3b8693fa226d6bf6,New York Mets @ Washington Nationals,2026-09-27T17:05:00Z,Sean Manaea,5.5,6,0.406,,informatif,2.463,,,ladder · proj 5.13K,,,,,0.406,,,
2026-09-27T15:12:01+00:00,mlb,props_k,Sean Manaea Over 6.5 K,0.262,,,,,0,,L,2026.09.24.4,2026-09-27|mlb|props_k|Sean Manaea Over 6.5 K,2026-09-27,f915dd93e407b20c3b8693fa226d6bf6,New York Mets @ Washington Nationals,2026-09-27T17:05:00Z,Sean Manaea,6.5,7,0.262,,informatif,3.817,,,ladder · proj 5.13K,,,,,0.262,,,
2026-09-27T15:12:01+00:00,mlb,props_k,Sean Manaea Over 7.5 K,0.156,,,,,0,,L,2026.09.24.4,2026-09-27|mlb|props_k|Sean Manaea Over 7.5 K,2026-09-27,f915dd93e407b20c3b8693fa226d6bf6,New York Mets @ Washington Nationals,2026-09-27T17:05:00Z,Sean Manaea,7.5,8,0.156,,informatif,6.41,,,ladder · proj 5.13K,,,,,0.156,,,
2026-09-27T15:12:01+00:00,mlb,props_k,Sean Manaea Over 8.5 K,0.086,,,,,0,,L,2026.09.24.4,2026-09-27|mlb|props_k|Sean Manaea Over 8.5 K,2026-09-27,f915dd93e407b20c3b8693fa226d6bf6,New York Mets @ Washington Nationals,2026-09-27T17:05:00Z,Sean Manaea,8.5,9,0.086,,informatif,11.628,,,ladder · proj 5.13K,,,,,0.086,,,
2026-09-27T15:12:01+00:00,mlb,props_k,Sean Manaea Over 9.5 K,0.044,,,,,0,,L,2026.09.24.4,2026-09-27|mlb|props_k|Sean Manaea Over 9.5 K,2026-09-27,f915dd93e407b20c3b8693fa226d6bf6,New York Mets @ Washington Nationals,2026-09-27T17:05:00Z,Sean Manaea,9.5,10,0.044,,informatif,22.727,,,ladder · proj 5.13K,,,,,0.044,,,
2026-09-27T15:12:22+00:00,mlb,props_k,Zack Wheeler Over 2.5 K,0.952,,,,,0,,W,2026.09.24.4,2026-09-27|mlb|props_k|Zack Wheeler Over 2.5 K,2026-09-27,7b589a322a1e421d031d8b1abb24d911,Tampa Bay Rays @ Philadelphia Phillies,2026-09-27T19:05:00Z,Zack Wheeler,2.5,3,0.952,,informatif,1.05,,,ladder · proj 6.59K,,,,,0.952,,,
2026-09-27T15:12:22+00:00,mlb,props_k,Zack Wheeler Over 3.5 K,0.881,,,,,0,,W,2026.09.24.4,2026-09-27|mlb|props_k|Zack Wheeler Over 3.5 K,2026-09-27,7b589a322a1e421d031d8b1abb24d911,Tampa Bay Rays @ Philadelphia Phillies,2026-09-27T19:05:00Z,Zack Wheeler,3.5,4,0.881,,informatif,1.135,,,ladder · proj 6.59K,,,,,0.881,,,
2026-09-27T15:12:22+00:00,mlb,props_k,Zack Wheeler Over 4.5 K,0.771,,,,,0,,W,2026.09.24.4,2026-09-27|mlb|props_k|Zack Wheeler Over 4.5 K,2026-09-27,7b589a322a1e421d031d8b1abb24d911,Tampa Bay Rays @ Philadelphia Phillies,2026-09-27T19:05:00Z,Zack Wheeler,4.5,5,0.771,,informatif,1.297,,,ladder · proj 6.59K,,,,,0.771,,,
2026-09-27T15:12:22+00:00,mlb,props_k,Zack Wheeler Over 5.5 K,0.632,,,,,0,,L,2026.09.24.4,2026-09-27|mlb|props_k|Zack Wheeler Over 5.5 K,2026-09-27,7b589a322a1e421d031d8b1abb24d911,Tampa Bay Rays @ Philadelphia Phillies,2026-09-27T19:05:00Z,Zack Wheeler,5.5,6,0.632,,informatif,1.582,,,ladder · proj 6.59K,,,,,0.632,,,
2026-09-27T15:12:22+00:00,mlb,props_k,Zack Wheeler Over 6.5 K,0.482,,,,,0,,L,2026.09.24.4,2026-09-27|mlb|props_k|Zack Wheeler Over 6.5 K,2026-09-27,7b589a322a1e421d031d8b1abb24d911,Tampa Bay Rays @ Philadelphia Phillies,2026-09-27T19:05:00Z,Zack Wheeler,6.5,7,0.482,,informatif,2.075,,,ladder · proj 6.59K,,,,,0.482,,,
2026-09-27T15:12:22+00:00,mlb,props_k,Zack Wheeler Over 7.5 K,0.344,,,,,0,,L,2026.09.24.4,2026-09-27|mlb|props_k|Zack Wheeler Over 7.5 K,2026-09-27,7b589a322a1e421d031d8b1abb24d911,Tampa Bay Rays @ Philadelphia Phillies,2026-09-27T19:05:00Z,Zack Wheeler,7.5,8,0.344,,informatif,2.907,,,ladder · proj 6.59K,,,,,0.344,,,
2026-09-27T15:12:22+00:00,mlb,props_k,Zack Wheeler Over 8.5 K,0.228,,,,,0,,L,2026.09.24.4,2026-09-27|mlb|props_k|Zack Wheeler Over 8.5 K,2026-09-27,7b589a322a1e421d031d8b1abb24d911,Tampa Bay Rays @ Philadelphia Phillies,2026-09-27T19:05:00Z,Zack Wheeler,8.5,9,0.228,,informatif,4.386,,,ladder · proj 6.59K,,,,,0.228,,,
2026-09-27T15:12:22+00:00,mlb,props_k,Zack Wheeler Over 9.5 K,0.142,,,,,0,,L,2026.09.24.4,2026-09-27|mlb|props_k|Zack Wheeler Over 9.5 K,2026-09-27,7b589a322a1e421d031d8b1abb24d911,Tampa Bay Rays @ Philadelphia Phillies,2026-09-27T19:05:00Z,Zack Wheeler,9.5,10,0.142,,informatif,7.042,,,ladder · proj 6.59K,,,,,0.142,,,
2026-09-27T15:12:22+00:00,mlb,props_k,Nick Martinez Over 2.5 K,0.722,,,,,0,,L,2026.09.24.4,2026-09-27|mlb|props_k|Nick Martinez Over 2.5 K,2026-09-27,7b589a322a1e421d031d8b1abb24d911,Tampa Bay Rays @ Philadelphia Phillies,2026-09-27T19:05:00Z,Nick Martinez,2.5,3,0.722,,informatif,1.385,,,ladder · proj 3.8K,,,,,0.722,,,
2026-09-27T15:12:22+00:00,mlb,props_k,Nick Martinez Over 3.5 K,0.521,,,,,0,,L,2026.09.24.4,2026-09-27|mlb|props_k|Nick Martinez Over 3.5 K,2026-09-27,7b589a322a1e421d031d8b1abb24d911,Tampa Bay Rays @ Philadelphia Phillies,2026-09-27T19:05:00Z,Nick Martinez,3.5,4,0.521,,informatif,1.919,,,ladder · proj 3.8K,,,,,0.521,,,
2026-09-27T15:12:22+00:00,mlb,props_k,Nick Martinez Over 4.5 K,0.333,,,,,0,,L,2026.09.24.4,2026-09-27|mlb|props_k|Nick Martinez Over 4.5 K,2026-09-27,7b589a322a1e421d031d8b1abb24d911,Tampa Bay Rays @ Philadelphia Phillies,2026-09-27T19:05:00Z,Nick Martinez,4.5,5,0.333,,informatif,3.003,,,ladder · proj 3.8K,,,,,0.333,,,
2026-09-27T15:12:22+00:00,mlb,props_k,Nick Martinez Over 5.5 K,0.19,,,,,0,,L,2026.09.24.4,2026-09-27|mlb|props_k|Nick Martinez Over 5.5 K,2026-09-27,7b589a322a1e421d031d8b1abb24d911,Tampa Bay Rays @ Philadelphia Phillies,2026-09-27T19:05:00Z,Nick Martinez,5.5,6,0.19,,informatif,5.263,,,ladder · proj 3.8K,,,,,0.19,,,
2026-09-27T15:12:22+00:00,mlb,props_k,Nick Martinez Over 6.5 K,0.098,,,,,0,,L,2026.09.24.4,2026-09-27|mlb|props_k|Nick Martinez Over 6.5 K,2026-09-27,7b589a322a1e421d031d8b1abb24d911,Tampa Bay Rays @ Philadelphia Phillies,2026-09-27T19:05:00Z,Nick Martinez,6.5,7,0.098,,informatif,10.204,,,ladder · proj 3.8K,,,,,0.098,,,
2026-09-27T15:12:22+00:00,mlb,props_k,Nick Martinez Over 7.5 K,0.045,,,,,0,,L,2026.09.24.4,2026-09-27|mlb|props_k|Nick Martinez Over 7.5 K,2026-09-27,7b589a322a1e421d031d8b1abb24d911,Tampa Bay Rays @ Philadelphia Phillies,2026-09-27T19:05:00Z,Nick Martinez,7.5,8,0.045,,informatif,22.222,,,ladder · proj 3.8K,,,,,0.045,,,
2026-09-27T15:12:22+00:00,mlb,props_k,Nick Martinez Over 8.5 K,0.019,,,,,0,,L,2026.09.24.4,2026-09-27|mlb|props_k|Nick Martinez Over 8.5 K,2026-09-27,7b589a322a1e421d031d8b1abb24d911,Tampa Bay Rays @ Philadelphia Phillies,2026-09-27T19:05:00Z,Nick Martinez,8.5,9,0.019,,informatif,52.632,,,ladder · proj 3.8K,,,,,0.019,,,
2026-09-27T15:12:22+00:00,mlb,props_k,Nick Martinez Over 9.5 K,0.008,,,,,0,,L,2026.09.24.4,2026-09-27|mlb|props_k|Nick Martinez Over 9.5 K,2026-09-27,7b589a322a1e421d031d8b1abb24d911,Tampa Bay Rays @ Philadelphia Phillies,2026-09-27T19:05:00Z,Nick Martinez,9.5,10,0.008,,informatif,125,,,ladder · proj 3.8K,,,,,0.008,,,
2026-09-27T15:12:58+00:00,mlb,props_k,Shota Imanaga Over 2.5 K,0.899,,,,,0,,W,2026.09.24.4,2026-09-27|mlb|props_k|Shota Imanaga Over 2.5 K,2026-09-27,eb299a5d0d8335166d9e1e71c9f27482,Chicago Cubs @ Boston Red Sox,2026-09-27T19:06:00Z,Shota Imanaga,2.5,3,0.899,,informatif,1.112,,,ladder · proj 5.46K,,,,,0.899,,,
2026-09-27T15:12:58+00:00,mlb,props_k,Shota Imanaga Over 3.5 K,0.781,,,,,0,,L,2026.09.24.4,2026-09-27|mlb|props_k|Shota Imanaga Over 3.5 K,2026-09-27,eb299a5d0d8335166d9e1e71c9f27482,Chicago Cubs @ Boston Red Sox,2026-09-27T19:06:00Z,Shota Imanaga,3.5,4,0.781,,informatif,1.28,,,ladder · proj 5.46K,,,,,0.781,,,
2026-09-27T15:12:58+00:00,mlb,props_k,Shota Imanaga Over 4.5 K,0.626,,,,,0,,L,2026.09.24.4,2026-09-27|mlb|props_k|Shota Imanaga Over 4.5 K,2026-09-27,eb299a5d0d8335166d9e1e71c9f27482,Chicago Cubs @ Boston Red Sox,2026-09-27T19:06:00Z,Shota Imanaga,4.5,5,0.626,,informatif,1.597,,,ladder · proj 5.46K,,,,,0.626,,,
2026-09-27T15:12:58+00:00,mlb,props_k,Shota Imanaga Over 5.5 K,0.461,,,,,0,,L,2026.09.24.4,2026-09-27|mlb|props_k|Shota Imanaga Over 5.5 K,2026-09-27,eb299a5d0d8335166d9e1e71c9f27482,Chicago Cubs @ Boston Red Sox,2026-09-27T19:06:00Z,Shota Imanaga,5.5,6,0.461,,informatif,2.169,,,ladder · proj 5.46K,,,,,0.461,,,
2026-09-27T15:12:58+00:00,mlb,props_k,Shota Imanaga Over 6.5 K,0.311,,,,,0,,L,2026.09.24.4,2026-09-27|mlb|props_k|Shota Imanaga Over 6.5 K,2026-09-27,eb299a5d0d8335166d9e1e71c9f27482,Chicago Cubs @ Boston Red Sox,2026-09-27T19:06:00Z,Shota Imanaga,6.5,7,0.311,,informatif,3.215,,,ladder · proj 5.46K,,,,,0.311,,,
2026-09-27T15:12:58+00:00,mlb,props_k,Shota Imanaga Over 7.5 K,0.194,,,,,0,,L,2026.09.24.4,2026-09-27|mlb|props_k|Shota Imanaga Over 7.5 K,2026-09-27,eb299a5d0d8335166d9e1e71c9f27482,Chicago Cubs @ Boston Red Sox,2026-09-27T19:06:00Z,Shota Imanaga,7.5,8,0.194,,informatif,5.155,,,ladder · proj 5.46K,,,,,0.194,,,
2026-09-27T15:12:58+00:00,mlb,props_k,Shota Imanaga Over 8.5 K,0.112,,,,,0,,L,2026.09.24.4,2026-09-27|mlb|props_k|Shota Imanaga Over 8.5 K,2026-09-27,eb299a5d0d8335166d9e1e71c9f27482,Chicago Cubs @ Boston Red Sox,2026-09-27T19:06:00Z,Shota Imanaga,8.5,9,0.112,,informatif,8.929,,,ladder · proj 5.46K,,,,,0.112,,,
2026-09-27T15:12:58+00:00,mlb,props_k,Shota Imanaga Over 9.5 K,0.06,,,,,0,,L,2026.09.24.4,2026-09-27|mlb|props_k|Shota Imanaga Over 9.5 K,2026-09-27,eb299a5d0d8335166d9e1e71c9f27482,Chicago Cubs @ Boston Red Sox,2026-09-27T19:06:00Z,Shota Imanaga,9.5,10,0.06,,informatif,16.667,,,ladder · proj 5.46K,,,,,0.06,,,
2026-09-27T15:13:36+00:00,mlb,props_k,Max Scherzer Over 2.5 K,0.858,,,,,0,,W,2026.09.24.4,2026-09-27|mlb|props_k|Max Scherzer Over 2.5 K,2026-09-27,9f490d6bcfb661b6a7b1114e80646d4b,Cincinnati Reds @ Toronto Blue Jays,2026-09-27T19:08:00Z,Max Scherzer,2.5,3,0.858,,informatif,1.166,,,ladder · proj 4.92K,,,,,0.858,,,
2026-09-27T15:13:36+00:00,mlb,props_k,Max Scherzer Over 3.5 K,0.712,,,,,0,,W,2026.09.24.4,2026-09-27|mlb|props_k|Max Scherzer Over 3.5 K,2026-09-27,9f490d6bcfb661b6a7b1114e80646d4b,Cincinnati Reds @ Toronto Blue Jays,2026-09-27T19:08:00Z,Max Scherzer,3.5,4,0.712,,informatif,1.404,,,ladder · proj 4.92K,,,,,0.712,,,
2026-09-27T15:13:36+00:00,mlb,props_k,Max Scherzer Over 4.5 K,0.539,,,,,0,,W,2026.09.24.4,2026-09-27|mlb|props_k|Max Scherzer Over 4.5 K,2026-09-27,9f490d6bcfb661b6a7b1114e80646d4b,Cincinnati Reds @ Toronto Blue Jays,2026-09-27T19:08:00Z,Max Scherzer,4.5,5,0.539,,informatif,1.855,,,ladder · proj 4.92K,,,,,0.539,,,
2026-09-27T15:13:36+00:00,mlb,props_k,Max Scherzer Over 5.5 K,0.37,,,,,0,,W,2026.09.24.4,2026-09-27|mlb|props_k|Max Scherzer Over 5.5 K,2026-09-27,9f490d6bcfb661b6a7b1114e80646d4b,Cincinnati Reds @ Toronto Blue Jays,2026-09-27T19:08:00Z,Max Scherzer,5.5,6,0.37,,informatif,2.703,,,ladder · proj 4.92K,,,,,0.37,,,
2026-09-27T15:13:36+00:00,mlb,props_k,Max Scherzer Over 6.5 K,0.232,,,,,0,,W,2026.09.24.4,2026-09-27|mlb|props_k|Max Scherzer Over 6.5 K,2026-09-27,9f490d6bcfb661b6a7b1114e80646d4b,Cincinnati Reds @ Toronto Blue Jays,2026-09-27T19:08:00Z,Max Scherzer,6.5,7,0.232,,informatif,4.31,,,ladder · proj 4.92K,,,,,0.232,,,
2026-09-27T15:13:36+00:00,mlb,props_k,Max Scherzer Over 7.5 K,0.134,,,,,0,,L,2026.09.24.4,2026-09-27|mlb|props_k|Max Scherzer Over 7.5 K,2026-09-27,9f490d6bcfb661b6a7b1114e80646d4b,Cincinnati Reds @ Toronto Blue Jays,2026-09-27T19:08:00Z,Max Scherzer,7.5,8,0.134,,informatif,7.463,,,ladder · proj 4.92K,,,,,0.134,,,
2026-09-27T15:13:36+00:00,mlb,props_k,Max Scherzer Over 8.5 K,0.071,,,,,0,,L,2026.09.24.4,2026-09-27|mlb|props_k|Max Scherzer Over 8.5 K,2026-09-27,9f490d6bcfb661b6a7b1114e80646d4b,Cincinnati Reds @ Toronto Blue Jays,2026-09-27T19:08:00Z,Max Scherzer,8.5,9,0.071,,informatif,14.085,,,ladder · proj 4.92K,,,,,0.071,,,
2026-09-27T15:13:36+00:00,mlb,props_k,Max Scherzer Over 9.5 K,0.035,,,,,0,,L,2026.09.24.4,2026-09-27|mlb|props_k|Max Scherzer Over 9.5 K,2026-09-27,9f490d6bcfb661b6a7b1114e80646d4b,Cincinnati Reds @ Toronto Blue Jays,2026-09-27T19:08:00Z,Max Scherzer,9.5,10,0.035,,informatif,28.571,,,ladder · proj 4.92K,,,,,0.035,,,
2026-09-27T15:13:36+00:00,mlb,props_k,Brandon Williamson Over 2.5 K,0.647,,,,,0,,W,2026.09.24.4,2026-09-27|mlb|props_k|Brandon Williamson Over 2.5 K,2026-09-27,9f490d6bcfb661b6a7b1114e80646d4b,Cincinnati Reds @ Toronto Blue Jays,2026-09-27T19:08:00Z,Brandon Williamson,2.5,3,0.647,,informatif,1.546,,,ladder · proj 3.37K,,,,,0.647,,,
2026-09-27T15:13:36+00:00,mlb,props_k,Brandon Williamson Over 3.5 K,0.433,,,,,0,,L,2026.09.24.4,2026-09-27|mlb|props_k|Brandon Williamson Over 3.5 K,2026-09-27,9f490d6bcfb661b6a7b1114e80646d4b,Cincinnati Reds @ Toronto Blue Jays,2026-09-27T19:08:00Z,Brandon Williamson,3.5,4,0.433,,informatif,2.309,,,ladder · proj 3.37K,,,,,0.433,,,
2026-09-27T15:13:36+00:00,mlb,props_k,Brandon Williamson Over 4.5 K,0.254,,,,,0,,L,2026.09.24.4,2026-09-27|mlb|props_k|Brandon Williamson Over 4.5 K,2026-09-27,9f490d6bcfb661b6a7b1114e80646d4b,Cincinnati Reds @ Toronto Blue Jays,2026-09-27T19:08:00Z,Brandon Williamson,4.5,5,0.254,,informatif,3.937,,,ladder · proj 3.37K,,,,,0.254,,,
2026-09-27T15:13:36+00:00,mlb,props_k,Brandon Williamson Over 5.5 K,0.131,,,,,0,,L,2026.09.24.4,2026-09-27|mlb|props_k|Brandon Williamson Over 5.5 K,2026-09-27,9f490d6bcfb661b6a7b1114e80646d4b,Cincinnati Reds @ Toronto Blue Jays,2026-09-27T19:08:00Z,Brandon Williamson,5.5,6,0.131,,informatif,7.634,,,ladder · proj 3.37K,,,,,0.131,,,
2026-09-27T15:13:36+00:00,mlb,props_k,Brandon Williamson Over 6.5 K,0.061,,,,,0,,L,2026.09.24.4,2026-09-27|mlb|props_k|Brandon Williamson Over 6.5 K,2026-09-27,9f490d6bcfb661b6a7b1114e80646d4b,Cincinnati Reds @ Toronto Blue Jays,2026-09-27T19:08:00Z,Brandon Williamson,6.5,7,0.061,,informatif,16.393,,,ladder · proj 3.37K,,,,,0.061,,,
2026-09-27T15:13:36+00:00,mlb,props_k,Brandon Williamson Over 7.5 K,0.026,,,,,0,,L,2026.09.24.4,2026-09-27|mlb|props_k|Brandon Williamson Over 7.5 K,2026-09-27,9f490d6bcfb661b6a7b1114e80646d4b,Cincinnati Reds @ Toronto Blue Jays,2026-09-27T19:08:00Z,Brandon Williamson,7.5,8,0.026,,informatif,38.462,,,ladder · proj 3.37K,,,,,0.026,,,
2026-09-27T15:13:36+00:00,mlb,props_k,Brandon Williamson Over 8.5 K,0.01,,,,,0,,L,2026.09.24.4,2026-09-27|mlb|props_k|Brandon Williamson Over 8.5 K,2026-09-27,9f490d6bcfb661b6a7b1114e80646d4b,Cincinnati Reds @ Toronto Blue Jays,2026-09-27T19:08:00Z,Brandon Williamson,8.5,9,0.01,,informatif,100,,,ladder · proj 3.37K,,,,,0.01,,,
2026-09-27T15:13:36+00:00,mlb,props_k,Brandon Williamson Over 9.5 K,0.003,,,,,0,,L,2026.09.24.4,2026-09-27|mlb|props_k|Brandon Williamson Over 9.5 K,2026-09-27,9f490d6bcfb661b6a7b1114e80646d4b,Cincinnati Reds @ Toronto Blue Jays,2026-09-27T19:08:00Z,Brandon Williamson,9.5,10,0.003,,informatif,333.333,,,ladder · proj 3.37K,,,,,0.003,,,
2026-09-27T15:13:55+00:00,mlb,props_k,Janson Junk Over 2.5 K,0.656,,,,,0,,W,2026.09.24.4,2026-09-27|mlb|props_k|Janson Junk Over 2.5 K,2026-09-27,f4a70a1cc28098ce3bd4a521555ad809,Atlanta Braves @ Miami Marlins,2026-09-27T19:10:00Z,Janson Junk,2.5,3,0.656,,informatif,1.524,,,ladder · proj 3.42K,,,,,0.656,,,
2026-09-27T15:13:55+00:00,mlb,props_k,Janson Junk Over 3.5 K,0.443,,,,,0,,W,2026.09.24.4,2026-09-27|mlb|props_k|Janson Junk Over 3.5 K,2026-09-27,f4a70a1cc28098ce3bd4a521555ad809,Atlanta Braves @ Miami Marlins,2026-09-27T19:10:00Z,Janson Junk,3.5,4,0.443,,informatif,2.257,,,ladder · proj 3.42K,,,,,0.443,,,
2026-09-27T15:13:55+00:00,mlb,props_k,Janson Junk Over 4.5 K,0.263,,,,,0,,W,2026.09.24.4,2026-09-27|mlb|props_k|Janson Junk Over 4.5 K,2026-09-27,f4a70a1cc28098ce3bd4a521555ad809,Atlanta Braves @ Miami Marlins,2026-09-27T19:10:00Z,Janson Junk,4.5,5,0.263,,informatif,3.802,,,ladder · proj 3.42K,,,,,0.263,,,
2026-09-27T15:13:55+00:00,mlb,props_k,Janson Junk Over 5.5 K,0.138,,,,,0,,L,2026.09.24.4,2026-09-27|mlb|props_k|Janson Junk Over 5.5 K,2026-09-27,f4a70a1cc28098ce3bd4a521555ad809,Atlanta Braves @ Miami Marlins,2026-09-27T19:10:00Z,Janson Junk,5.5,6,0.138,,informatif,7.246,,,ladder · proj 3.42K,,,,,0.138,,,
2026-09-27T15:13:55+00:00,mlb,props_k,Janson Junk Over 6.5 K,0.065,,,,,0,,L,2026.09.24.4,2026-09-27|mlb|props_k|Janson Junk Over 6.5 K,2026-09-27,f4a70a1cc28098ce3bd4a521555ad809,Atlanta Braves @ Miami Marlins,2026-09-27T19:10:00Z,Janson Junk,6.5,7,0.065,,informatif,15.385,,,ladder · proj 3.42K,,,,,0.065,,,
2026-09-27T15:13:55+00:00,mlb,props_k,Janson Junk Over 7.5 K,0.028,,,,,0,,L,2026.09.24.4,2026-09-27|mlb|props_k|Janson Junk Over 7.5 K,2026-09-27,f4a70a1cc28098ce3bd4a521555ad809,Atlanta Braves @ Miami Marlins,2026-09-27T19:10:00Z,Janson Junk,7.5,8,0.028,,informatif,35.714,,,ladder · proj 3.42K,,,,,0.028,,,
2026-09-27T15:13:55+00:00,mlb,props_k,Janson Junk Over 8.5 K,0.011,,,,,0,,L,2026.09.24.4,2026-09-27|mlb|props_k|Janson Junk Over 8.5 K,2026-09-27,f4a70a1cc28098ce3bd4a521555ad809,Atlanta Braves @ Miami Marlins,2026-09-27T19:10:00Z,Janson Junk,8.5,9,0.011,,informatif,90.909,,,ladder · proj 3.42K,,,,,0.011,,,
2026-09-27T15:13:55+00:00,mlb,props_k,Janson Junk Over 9.5 K,0.004,,,,,0,,L,2026.09.24.4,2026-09-27|mlb|props_k|Janson Junk Over 9.5 K,2026-09-27,f4a70a1cc28098ce3bd4a521555ad809,Atlanta Braves @ Miami Marlins,2026-09-27T19:10:00Z,Janson Junk,9.5,10,0.004,,informatif,250,,,ladder · proj 3.42K,,,,,0.004,,,
2026-09-27T15:13:55+00:00,mlb,props_k,JR Ritchie Over 2.5 K,0.815,,,,,0,,L,2026.09.24.4,2026-09-27|mlb|props_k|JR Ritchie Over 2.5 K,2026-09-27,f4a70a1cc28098ce3bd4a521555ad809,Atlanta Braves @ Miami Marlins,2026-09-27T19:10:00Z,JR Ritchie,2.5,3,0.815,,informatif,1.227,,,ladder · proj 4.49K,,,,,0.815,,,
2026-09-27T15:13:55+00:00,mlb,props_k,JR Ritchie Over 3.5 K,0.647,,,,,0,,L,2026.09.24.4,2026-09-27|mlb|props_k|JR Ritchie Over 3.5 K,2026-09-27,f4a70a1cc28098ce3bd4a521555ad809,Atlanta Braves @ Miami Marlins,2026-09-27T19:10:00Z,JR Ritchie,3.5,4,0.647,,informatif,1.546,,,ladder · proj 4.49K,,,,,0.647,,,
2026-09-27T15:13:55+00:00,mlb,props_k,JR Ritchie Over 4.5 K,0.462,,,,,0,,L,2026.09.24.4,2026-09-27|mlb|props_k|JR Ritchie Over 4.5 K,2026-09-27,f4a70a1cc28098ce3bd4a521555ad809,Atlanta Braves @ Miami Marlins,2026-09-27T19:10:00Z,JR Ritchie,4.5,5,0.462,,informatif,2.165,,,ladder · proj 4.49K,,,,,0.462,,,
2026-09-27T15:13:55+00:00,mlb,props_k,JR Ritchie Over 5.5 K,0.298,,,,,0,,L,2026.09.24.4,2026-09-27|mlb|props_k|JR Ritchie Over 5.5 K,2026-09-27,f4a70a1cc28098ce3bd4a521555ad809,Atlanta Braves @ Miami Marlins,2026-09-27T19:10:00Z,JR Ritchie,5.5,6,0.298,,informatif,3.356,,,ladder · proj 4.49K,,,,,0.298,,,
2026-09-27T15:13:55+00:00,mlb,props_k,JR Ritchie Over 6.5 K,0.175,,,,,0,,L,2026.09.24.4,2026-09-27|mlb|props_k|JR Ritchie Over 6.5 K,2026-09-27,f4a70a1cc28098ce3bd4a521555ad809,Atlanta Braves @ Miami Marlins,2026-09-27T19:10:00Z,JR Ritchie,6.5,7,0.175,,informatif,5.714,,,ladder · proj 4.49K,,,,,0.175,,,
2026-09-27T15:13:55+00:00,mlb,props_k,JR Ritchie Over 7.5 K,0.093,,,,,0,,L,2026.09.24.4,2026-09-27|mlb|props_k|JR Ritchie Over 7.5 K,2026-09-27,f4a70a1cc28098ce3bd4a521555ad809,Atlanta Braves @ Miami Marlins,2026-09-27T19:10:00Z,JR Ritchie,7.5,8,0.093,,informatif,10.753,,,ladder · proj 4.49K,,,,,0.093,,,
2026-09-27T15:13:55+00:00,mlb,props_k,JR Ritchie Over 8.5 K,0.046,,,,,0,,L,2026.09.24.4,2026-09-27|mlb|props_k|JR Ritchie Over 8.5 K,2026-09-27,f4a70a1cc28098ce3bd4a521555ad809,Atlanta Braves @ Miami Marlins,2026-09-27T19:10:00Z,JR Ritchie,8.5,9,0.046,,informatif,21.739,,,ladder · proj 4.49K,,,,,0.046,,,
2026-09-27T15:13:55+00:00,mlb,props_k,JR Ritchie Over 9.5 K,0.021,,,,,0,,L,2026.09.24.4,2026-09-27|mlb|props_k|JR Ritchie Over 9.5 K,2026-09-27,f4a70a1cc28098ce3bd4a521555ad809,Atlanta Braves @ Miami Marlins,2026-09-27T19:10:00Z,JR Ritchie,9.5,10,0.021,,informatif,47.619,,,ladder · proj 4.49K,,,,,0.021,,,
2026-09-27T15:14:15+00:00,mlb,props_k,Anthony Kay Over 2.5 K,0.678,,,,,0,,W,2026.09.24.4,2026-09-27|mlb|props_k|Anthony Kay Over 2.5 K,2026-09-27,febfe492bcd191327b90c25777e21db4,Colorado Rockies @ Chicago White Sox,2026-09-27T19:10:00Z,Anthony Kay,2.5,3,0.678,,informatif,1.475,,,ladder · proj 3.54K,,,,,0.678,,,
2026-09-27T15:14:15+00:00,mlb,props_k,Anthony Kay Over 3.5 K,0.469,,,,,0,,W,2026.09.24.4,2026-09-27|mlb|props_k|Anthony Kay Over 3.5 K,2026-09-27,febfe492bcd191327b90c25777e21db4,Colorado Rockies @ Chicago White Sox,2026-09-27T19:10:00Z,Anthony Kay,3.5,4,0.469,,informatif,2.132,,,ladder · proj 3.54K,,,,,0.469,,,
2026-09-27T15:14:15+00:00,mlb,props_k,Anthony Kay Over 4.5 K,0.285,,,,,0,,L,2026.09.24.4,2026-09-27|mlb|props_k|Anthony Kay Over 4.5 K,2026-09-27,febfe492bcd191327b90c25777e21db4,Colorado Rockies @ Chicago White Sox,2026-09-27T19:10:00Z,Anthony Kay,4.5,5,0.285,,informatif,3.509,,,ladder · proj 3.54K,,,,,0.285,,,
2026-09-27T15:14:15+00:00,mlb,props_k,Anthony Kay Over 5.5 K,0.153,,,,,0,,L,2026.09.24.4,2026-09-27|mlb|props_k|Anthony Kay Over 5.5 K,2026-09-27,febfe492bcd191327b90c25777e21db4,Colorado Rockies @ Chicago White Sox,2026-09-27T19:10:00Z,Anthony Kay,5.5,6,0.153,,informatif,6.536,,,ladder · proj 3.54K,,,,,0.153,,,
2026-09-27T15:14:15+00:00,mlb,props_k,Anthony Kay Over 6.5 K,0.074,,,,,0,,L,2026.09.24.4,2026-09-27|mlb|props_k|Anthony Kay Over 6.5 K,2026-09-27,febfe492bcd191327b90c25777e21db4,Colorado Rockies @ Chicago White Sox,2026-09-27T19:10:00Z,Anthony Kay,6.5,7,0.074,,informatif,13.514,,,ladder · proj 3.54K,,,,,0.074,,,
2026-09-27T15:14:15+00:00,mlb,props_k,Anthony Kay Over 7.5 K,0.033,,,,,0,,L,2026.09.24.4,2026-09-27|mlb|props_k|Anthony Kay Over 7.5 K,2026-09-27,febfe492bcd191327b90c25777e21db4,Colorado Rockies @ Chicago White Sox,2026-09-27T19:10:00Z,Anthony Kay,7.5,8,0.033,,informatif,30.303,,,ladder · proj 3.54K,,,,,0.033,,,
2026-09-27T15:14:15+00:00,mlb,props_k,Anthony Kay Over 8.5 K,0.013,,,,,0,,L,2026.09.24.4,2026-09-27|mlb|props_k|Anthony Kay Over 8.5 K,2026-09-27,febfe492bcd191327b90c25777e21db4,Colorado Rockies @ Chicago White Sox,2026-09-27T19:10:00Z,Anthony Kay,8.5,9,0.013,,informatif,76.923,,,ladder · proj 3.54K,,,,,0.013,,,
2026-09-27T15:14:15+00:00,mlb,props_k,Anthony Kay Over 9.5 K,0.005,,,,,0,,L,2026.09.24.4,2026-09-27|mlb|props_k|Anthony Kay Over 9.5 K,2026-09-27,febfe492bcd191327b90c25777e21db4,Colorado Rockies @ Chicago White Sox,2026-09-27T19:10:00Z,Anthony Kay,9.5,10,0.005,,informatif,200,,,ladder · proj 3.54K,,,,,0.005,,,
2026-09-27T15:14:15+00:00,mlb,props_k,Kyle Freeland Over 2.5 K,0.667,,,,,0,,L,2026.09.24.4,2026-09-27|mlb|props_k|Kyle Freeland Over 2.5 K,2026-09-27,febfe492bcd191327b90c25777e21db4,Colorado Rockies @ Chicago White Sox,2026-09-27T19:10:00Z,Kyle Freeland,2.5,3,0.667,,informatif,1.499,,,ladder · proj 3.48K,,,,,0.667,,,
2026-09-27T15:14:15+00:00,mlb,props_k,Kyle Freeland Over 3.5 K,0.456,,,,,0,,L,2026.09.24.4,2026-09-27|mlb|props_k|Kyle Freeland Over 3.5 K,2026-09-27,febfe492bcd191327b90c25777e21db4,Colorado Rockies @ Chicago White Sox,2026-09-27T19:10:00Z,Kyle Freeland,3.5,4,0.456,,informatif,2.193,,,ladder · proj 3.48K,,,,,0.456,,,
2026-09-27T15:14:15+00:00,mlb,props_k,Kyle Freeland Over 4.5 K,0.274,,,,,0,,L,2026.09.24.4,2026-09-27|mlb|props_k|Kyle Freeland Over 4.5 K,2026-09-27,febfe492bcd191327b90c25777e21db4,Colorado Rockies @ Chicago White Sox,2026-09-27T19:10:00Z,Kyle Freeland,4.5,5,0.274,,informatif,3.65,,,ladder · proj 3.48K,,,,,0.274,,,
2026-09-27T15:14:15+00:00,mlb,props_k,Kyle Freeland Over 5.5 K,0.146,,,,,0,,L,2026.09.24.4,2026-09-27|mlb|props_k|Kyle Freeland Over 5.5 K,2026-09-27,febfe492bcd191327b90c25777e21db4,Colorado Rockies @ Chicago White Sox,2026-09-27T19:10:00Z,Kyle Freeland,5.5,6,0.146,,informatif,6.849,,,ladder · proj 3.48K,,,,,0.146,,,
2026-09-27T15:14:15+00:00,mlb,props_k,Kyle Freeland Over 6.5 K,0.069,,,,,0,,L,2026.09.24.4,2026-09-27|mlb|props_k|Kyle Freeland Over 6.5 K,2026-09-27,febfe492bcd191327b90c25777e21db4,Colorado Rockies @ Chicago White Sox,2026-09-27T19:10:00Z,Kyle Freeland,6.5,7,0.069,,informatif,14.493,,,ladder · proj 3.48K,,,,,0.069,,,
2026-09-27T15:14:15+00:00,mlb,props_k,Kyle Freeland Over 7.5 K,0.03,,,,,0,,L,2026.09.24.4,2026-09-27|mlb|props_k|Kyle Freeland Over 7.5 K,2026-09-27,febfe492bcd191327b90c25777e21db4,Colorado Rockies @ Chicago White Sox,2026-09-27T19:10:00Z,Kyle Freeland,7.5,8,0.03,,informatif,33.333,,,ladder · proj 3.48K,,,,,0.03,,,
2026-09-27T15:14:15+00:00,mlb,props_k,Kyle Freeland Over 8.5 K,0.012,,,,,0,,L,2026.09.24.4,2026-09-27|mlb|props_k|Kyle Freeland Over 8.5 K,2026-09-27,febfe492bcd191327b90c25777e21db4,Colorado Rockies @ Chicago White Sox,2026-09-27T19:10:00Z,Kyle Freeland,8.5,9,0.012,,informatif,83.333,,,ladder · proj 3.48K,,,,,0.012,,,
2026-09-27T15:14:15+00:00,mlb,props_k,Kyle Freeland Over 9.5 K,0.004,,,,,0,,L,2026.09.24.4,2026-09-27|mlb|props_k|Kyle Freeland Over 9.5 K,2026-09-27,febfe492bcd191327b90c25777e21db4,Colorado Rockies @ Chicago White Sox,2026-09-27T19:10:00Z,Kyle Freeland,9.5,10,0.004,,informatif,250,,,ladder · proj 3.48K,,,,,0.004,,,
2026-09-27T15:14:37+00:00,mlb,props_k,Jared Jones Over 2.5 K,0.962,,,,,0,,W,2026.09.24.4,2026-09-27|mlb|props_k|Jared Jones Over 2.5 K,2026-09-27,f55ce2717fb90929c3519929cc3263f0,Pittsburgh Pirates @ Detroit Tigers,2026-09-27T19:10:00Z,Jared Jones,2.5,3,0.962,,informatif,1.04,,,ladder · proj 6.94K,,,,,0.962,,,
2026-09-27T15:14:37+00:00,mlb,props_k,Jared Jones Over 3.5 K,0.902,,,,,0,,W,2026.09.24.4,2026-09-27|mlb|props_k|Jared Jones Over 3.5 K,2026-09-27,f55ce2717fb90929c3519929cc3263f0,Pittsburgh Pirates @ Detroit Tigers,2026-09-27T19:10:00Z,Jared Jones,3.5,4,0.902,,informatif,1.109,,,ladder · proj 6.94K,,,,,0.902,,,
2026-09-27T15:14:37+00:00,mlb,props_k,Jared Jones Over 4.5 K,0.805,,,,,0,,W,2026.09.24.4,2026-09-27|mlb|props_k|Jared Jones Over 4.5 K,2026-09-27,f55ce2717fb90929c3519929cc3263f0,Pittsburgh Pirates @ Detroit Tigers,2026-09-27T19:10:00Z,Jared Jones,4.5,5,0.805,,informatif,1.242,,,ladder · proj 6.94K,,,,,0.805,,,
2026-09-27T15:14:37+00:00,mlb,props_k,Jared Jones Over 5.5 K,0.677,,,,,0,,L,2026.09.24.4,2026-09-27|mlb|props_k|Jared Jones Over 5.5 K,2026-09-27,f55ce2717fb90929c3519929cc3263f0,Pittsburgh Pirates @ Detroit Tigers,2026-09-27T19:10:00Z,Jared Jones,5.5,6,0.677,,informatif,1.477,,,ladder · proj 6.94K,,,,,0.677,,,
2026-09-27T15:14:37+00:00,mlb,props_k,Jared Jones Over 6.5 K,0.533,,,,,0,,L,2026.09.24.4,2026-09-27|mlb|props_k|Jared Jones Over 6.5 K,2026-09-27,f55ce2717fb90929c3519929cc3263f0,Pittsburgh Pirates @ Detroit Tigers,2026-09-27T19:10:00Z,Jared Jones,6.5,7,0.533,,informatif,1.876,,,ladder · proj 6.94K,,,,,0.533,,,
2026-09-27T15:14:37+00:00,mlb,props_k,Jared Jones Over 7.5 K,0.393,,,,,0,,L,2026.09.24.4,2026-09-27|mlb|props_k|Jared Jones Over 7.5 K,2026-09-27,f55ce2717fb90929c3519929cc3263f0,Pittsburgh Pirates @ Detroit Tigers,2026-09-27T19:10:00Z,Jared Jones,7.5,8,0.393,,informatif,2.545,,,ladder · proj 6.94K,,,,,0.393,,,
2026-09-27T15:14:37+00:00,mlb,props_k,Jared Jones Over 8.5 K,0.271,,,,,0,,L,2026.09.24.4,2026-09-27|mlb|props_k|Jared Jones Over 8.5 K,2026-09-27,f55ce2717fb90929c3519929cc3263f0,Pittsburgh Pirates @ Detroit Tigers,2026-09-27T19:10:00Z,Jared Jones,8.5,9,0.271,,informatif,3.69,,,ladder · proj 6.94K,,,,,0.271,,,
2026-09-27T15:14:37+00:00,mlb,props_k,Jared Jones Over 9.5 K,0.175,,,,,0,,L,2026.09.24.4,2026-09-27|mlb|props_k|Jared Jones Over 9.5 K,2026-09-27,f55ce2717fb90929c3519929cc3263f0,Pittsburgh Pirates @ Detroit Tigers,2026-09-27T19:10:00Z,Jared Jones,9.5,10,0.175,,informatif,5.714,,,ladder · proj 6.94K,,,,,0.175,,,
2026-09-27T15:14:55+00:00,mlb,props_k,Logan Gilbert Over 2.5 K,0.965,,,,,0,,W,2026.09.24.4,2026-09-27|mlb|props_k|Logan Gilbert Over 2.5 K,2026-09-27,3d109aae107e7d5306d828f3004dbb9d,Los Angeles Angels @ Seattle Mariners,2026-09-27T19:10:00Z,Logan Gilbert,2.5,3,0.965,,informatif,1.036,,,ladder · proj 7.07K,,,,,0.965,,,
2026-09-27T15:14:55+00:00,mlb,props_k,Logan Gilbert Over 3.5 K,0.909,,,,,0,,W,2026.09.24.4,2026-09-27|mlb|props_k|Logan Gilbert Over 3.5 K,2026-09-27,3d109aae107e7d5306d828f3004dbb9d,Los Angeles Angels @ Seattle Mariners,2026-09-27T19:10:00Z,Logan Gilbert,3.5,4,0.909,,informatif,1.1,,,ladder · proj 7.07K,,,,,0.909,,,
2026-09-27T15:14:55+00:00,mlb,props_k,Logan Gilbert Over 4.5 K,0.817,,,,,0,,W,2026.09.24.4,2026-09-27|mlb|props_k|Logan Gilbert Over 4.5 K,2026-09-27,3d109aae107e7d5306d828f3004dbb9d,Los Angeles Angels @ Seattle Mariners,2026-09-27T19:10:00Z,Logan Gilbert,4.5,5,0.817,,informatif,1.224,,,ladder · proj 7.07K,,,,,0.817,,,
2026-09-27T15:14:55+00:00,mlb,props_k,Logan Gilbert Over 5.5 K,0.693,,,,,0,,W,2026.09.24.4,2026-09-27|mlb|props_k|Logan Gilbert Over 5.5 K,2026-09-27,3d109aae107e7d5306d828f3004dbb9d,Los Angeles Angels @ Seattle Mariners,2026-09-27T19:10:00Z,Logan Gilbert,5.5,6,0.693,,informatif,1.443,,,ladder · proj 7.07K,,,,,0.693,,,
2026-09-27T15:14:55+00:00,mlb,props_k,Logan Gilbert Over 6.5 K,0.551,,,,,0,,W,2026.09.24.4,2026-09-27|mlb|props_k|Logan Gilbert Over 6.5 K,2026-09-27,3d109aae107e7d5306d828f3004dbb9d,Los Angeles Angels @ Seattle Mariners,2026-09-27T19:10:00Z,Logan Gilbert,6.5,7,0.551,,informatif,1.815,,,ladder · proj 7.07K,,,,,0.551,,,
2026-09-27T15:14:55+00:00,mlb,props_k,Logan Gilbert Over 7.5 K,0.411,,,,,0,,W,2026.09.24.4,2026-09-27|mlb|props_k|Logan Gilbert Over 7.5 K,2026-09-27,3d109aae107e7d5306d828f3004dbb9d,Los Angeles Angels @ Seattle Mariners,2026-09-27T19:10:00Z,Logan Gilbert,7.5,8,0.411,,informatif,2.433,,,ladder · proj 7.07K,,,,,0.411,,,
2026-09-27T15:14:55+00:00,mlb,props_k,Logan Gilbert Over 8.5 K,0.287,,,,,0,,L,2026.09.24.4,2026-09-27|mlb|props_k|Logan Gilbert Over 8.5 K,2026-09-27,3d109aae107e7d5306d828f3004dbb9d,Los Angeles Angels @ Seattle Mariners,2026-09-27T19:10:00Z,Logan Gilbert,8.5,9,0.287,,informatif,3.484,,,ladder · proj 7.07K,,,,,0.287,,,
2026-09-27T15:14:55+00:00,mlb,props_k,Logan Gilbert Over 9.5 K,0.188,,,,,0,,L,2026.09.24.4,2026-09-27|mlb|props_k|Logan Gilbert Over 9.5 K,2026-09-27,3d109aae107e7d5306d828f3004dbb9d,Los Angeles Angels @ Seattle Mariners,2026-09-27T19:10:00Z,Logan Gilbert,9.5,10,0.188,,informatif,5.319,,,ladder · proj 7.07K,,,,,0.188,,,
2026-09-27T15:14:55+00:00,mlb,props_k,Yusei Kikuchi Over 2.5 K,0.817,,,,,0,,W,2026.09.24.4,2026-09-27|mlb|props_k|Yusei Kikuchi Over 2.5 K,2026-09-27,3d109aae107e7d5306d828f3004dbb9d,Los Angeles Angels @ Seattle Mariners,2026-09-27T19:10:00Z,Yusei Kikuchi,2.5,3,0.817,,informatif,1.224,,,ladder · proj 4.51K,,,,,0.817,,,
2026-09-27T15:14:55+00:00,mlb,props_k,Yusei Kikuchi Over 3.5 K,0.65,,,,,0,,W,2026.09.24.4,2026-09-27|mlb|props_k|Yusei Kikuchi Over 3.5 K,2026-09-27,3d109aae107e7d5306d828f3004dbb9d,Los Angeles Angels @ Seattle Mariners,2026-09-27T19:10:00Z,Yusei Kikuchi,3.5,4,0.65,,informatif,1.538,,,ladder · proj 4.51K,,,,,0.65,,,
2026-09-27T15:14:55+00:00,mlb,props_k,Yusei Kikuchi Over 4.5 K,0.466,,,,,0,,W,2026.09.24.4,2026-09-27|mlb|props_k|Yusei Kikuchi Over 4.5 K,2026-09-27,3d109aae107e7d5306d828f3004dbb9d,Los Angeles Angels @ Seattle Mariners,2026-09-27T19:10:00Z,Yusei Kikuchi,4.5,5,0.466,,informatif,2.146,,,ladder · proj 4.51K,,,,,0.466,,,
2026-09-27T15:14:55+00:00,mlb,props_k,Yusei Kikuchi Over 5.5 K,0.302,,,,,0,,W,2026.09.24.4,2026-09-27|mlb|props_k|Yusei Kikuchi Over 5.5 K,2026-09-27,3d109aae107e7d5306d828f3004dbb9d,Los Angeles Angels @ Seattle Mariners,2026-09-27T19:10:00Z,Yusei Kikuchi,5.5,6,0.302,,informatif,3.311,,,ladder · proj 4.51K,,,,,0.302,,,
2026-09-27T15:14:55+00:00,mlb,props_k,Yusei Kikuchi Over 6.5 K,0.177,,,,,0,,W,2026.09.24.4,2026-09-27|mlb|props_k|Yusei Kikuchi Over 6.5 K,2026-09-27,3d109aae107e7d5306d828f3004dbb9d,Los Angeles Angels @ Seattle Mariners,2026-09-27T19:10:00Z,Yusei Kikuchi,6.5,7,0.177,,informatif,5.65,,,ladder · proj 4.51K,,,,,0.177,,,
2026-09-27T15:14:55+00:00,mlb,props_k,Yusei Kikuchi Over 7.5 K,0.095,,,,,0,,L,2026.09.24.4,2026-09-27|mlb|props_k|Yusei Kikuchi Over 7.5 K,2026-09-27,3d109aae107e7d5306d828f3004dbb9d,Los Angeles Angels @ Seattle Mariners,2026-09-27T19:10:00Z,Yusei Kikuchi,7.5,8,0.095,,informatif,10.526,,,ladder · proj 4.51K,,,,,0.095,,,
2026-09-27T15:14:55+00:00,mlb,props_k,Yusei Kikuchi Over 8.5 K,0.047,,,,,0,,L,2026.09.24.4,2026-09-27|mlb|props_k|Yusei Kikuchi Over 8.5 K,2026-09-27,3d109aae107e7d5306d828f3004dbb9d,Los Angeles Angels @ Seattle Mariners,2026-09-27T19:10:00Z,Yusei Kikuchi,8.5,9,0.047,,informatif,21.277,,,ladder · proj 4.51K,,,,,0.047,,,
2026-09-27T15:14:55+00:00,mlb,props_k,Yusei Kikuchi Over 9.5 K,0.021,,,,,0,,L,2026.09.24.4,2026-09-27|mlb|props_k|Yusei Kikuchi Over 9.5 K,2026-09-27,3d109aae107e7d5306d828f3004dbb9d,Los Angeles Angels @ Seattle Mariners,2026-09-27T19:10:00Z,Yusei Kikuchi,9.5,10,0.021,,informatif,47.619,,,ladder · proj 4.51K,,,,,0.021,,,
2026-09-27T15:15:14+00:00,mlb,props_k,Jacob Misiorowski Over 2.5 K,0.93,,,,,0,,W,2026.09.24.4,2026-09-27|mlb|props_k|Jacob Misiorowski Over 2.5 K,2026-09-27,f8c336fa447564a17616c2127dc61bf7,St. Louis Cardinals @ Milwaukee Brewers,2026-09-27T19:10:00Z,Jacob Misiorowski,2.5,3,0.93,,informatif,1.075,,,ladder · proj 6.02K,,,,,0.93,,,
2026-09-27T15:15:14+00:00,mlb,props_k,Jacob Misiorowski Over 3.5 K,0.837,,,,,0,,W,2026.09.24.4,2026-09-27|mlb|props_k|Jacob Misiorowski Over 3.5 K,2026-09-27,f8c336fa447564a17616c2127dc61bf7,St. Louis Cardinals @ Milwaukee Brewers,2026-09-27T19:10:00Z,Jacob Misiorowski,3.5,4,0.837,,informatif,1.195,,,ladder · proj 6.02K,,,,,0.837,,,
2026-09-27T15:15:14+00:00,mlb,props_k,Jacob Misiorowski Over 4.5 K,0.704,,,,,0,,W,2026.09.24.4,2026-09-27|mlb|props_k|Jacob Misiorowski Over 4.5 K,2026-09-27,f8c336fa447564a17616c2127dc61bf7,St. Louis Cardinals @ Milwaukee Brewers,2026-09-27T19:10:00Z,Jacob Misiorowski,4.5,5,0.704,,informatif,1.42,,,ladder · proj 6.02K,,,,,0.704,,,
2026-09-27T15:15:14+00:00,mlb,props_k,Jacob Misiorowski Over 5.5 K,0.549,,,,,0,,L,2026.09.24.4,2026-09-27|mlb|props_k|Jacob Misiorowski Over 5.5 K,2026-09-27,f8c336fa447564a17616c2127dc61bf7,St. Louis Cardinals @ Milwaukee Brewers,2026-09-27T19:10:00Z,Jacob Misiorowski,5.5,6,0.549,,informatif,1.821,,,ladder · proj 6.02K,,,,,0.549,,,
2026-09-27T15:15:14+00:00,mlb,props_k,Jacob Misiorowski Over 6.5 K,0.397,,,,,0,,L,2026.09.24.4,2026-09-27|mlb|props_k|Jacob Misiorowski Over 6.5 K,2026-09-27,f8c336fa447564a17616c2127dc61bf7,St. Louis Cardinals @ Milwaukee Brewers,2026-09-27T19:10:00Z,Jacob Misiorowski,6.5,7,0.397,,informatif,2.519,,,ladder · proj 6.02K,,,,,0.397,,,
2026-09-27T15:15:14+00:00,mlb,props_k,Jacob Misiorowski Over 7.5 K,0.265,,,,,0,,L,2026.09.24.4,2026-09-27|mlb|props_k|Jacob Misiorowski Over 7.5 K,2026-09-27,f8c336fa447564a17616c2127dc61bf7,St. Louis Cardinals @ Milwaukee Brewers,2026-09-27T19:10:00Z,Jacob Misiorowski,7.5,8,0.265,,informatif,3.774,,,ladder · proj 6.02K,,,,,0.265,,,
2026-09-27T15:15:14+00:00,mlb,props_k,Jacob Misiorowski Over 8.5 K,0.165,,,,,0,,L,2026.09.24.4,2026-09-27|mlb|props_k|Jacob Misiorowski Over 8.5 K,2026-09-27,f8c336fa447564a17616c2127dc61bf7,St. Louis Cardinals @ Milwaukee Brewers,2026-09-27T19:10:00Z,Jacob Misiorowski,8.5,9,0.165,,informatif,6.061,,,ladder · proj 6.02K,,,,,0.165,,,
2026-09-27T15:15:14+00:00,mlb,props_k,Jacob Misiorowski Over 9.5 K,0.096,,,,,0,,L,2026.09.24.4,2026-09-27|mlb|props_k|Jacob Misiorowski Over 9.5 K,2026-09-27,f8c336fa447564a17616c2127dc61bf7,St. Louis Cardinals @ Milwaukee Brewers,2026-09-27T19:10:00Z,Jacob Misiorowski,9.5,10,0.096,,informatif,10.417,,,ladder · proj 6.02K,,,,,0.096,,,
2026-09-27T15:15:14+00:00,mlb,props_k,Andre Pallante Over 2.5 K,0.524,,,,,0,,W,2026.09.24.4,2026-09-27|mlb|props_k|Andre Pallante Over 2.5 K,2026-09-27,f8c336fa447564a17616c2127dc61bf7,St. Louis Cardinals @ Milwaukee Brewers,2026-09-27T19:10:00Z,Andre Pallante,2.5,3,0.524,,informatif,1.908,,,ladder · proj 2.79K,,,,,0.524,,,
2026-09-27T15:15:14+00:00,mlb,props_k,Andre Pallante Over 3.5 K,0.307,,,,,0,,W,2026.09.24.4,2026-09-27|mlb|props_k|Andre Pallante Over 3.5 K,2026-09-27,f8c336fa447564a17616c2127dc61bf7,St. Louis Cardinals @ Milwaukee Brewers,2026-09-27T19:10:00Z,Andre Pallante,3.5,4,0.307,,informatif,3.257,,,ladder · proj 2.79K,,,,,0.307,,,
2026-09-27T15:15:14+00:00,mlb,props_k,Andre Pallante Over 4.5 K,0.155,,,,,0,,L,2026.09.24.4,2026-09-27|mlb|props_k|Andre Pallante Over 4.5 K,2026-09-27,f8c336fa447564a17616c2127dc61bf7,St. Louis Cardinals @ Milwaukee Brewers,2026-09-27T19:10:00Z,Andre Pallante,4.5,5,0.155,,informatif,6.452,,,ladder · proj 2.79K,,,,,0.155,,,
2026-09-27T15:15:14+00:00,mlb,props_k,Andre Pallante Over 5.5 K,0.069,,,,,0,,L,2026.09.24.4,2026-09-27|mlb|props_k|Andre Pallante Over 5.5 K,2026-09-27,f8c336fa447564a17616c2127dc61bf7,St. Louis Cardinals @ Milwaukee Brewers,2026-09-27T19:10:00Z,Andre Pallante,5.5,6,0.069,,informatif,14.493,,,ladder · proj 2.79K,,,,,0.069,,,
2026-09-27T15:15:14+00:00,mlb,props_k,Andre Pallante Over 6.5 K,0.027,,,,,0,,L,2026.09.24.4,2026-09-27|mlb|props_k|Andre Pallante Over 6.5 K,2026-09-27,f8c336fa447564a17616c2127dc61bf7,St. Louis Cardinals @ Milwaukee Brewers,2026-09-27T19:10:00Z,Andre Pallante,6.5,7,0.027,,informatif,37.037,,,ladder · proj 2.79K,,,,,0.027,,,
2026-09-27T15:15:14+00:00,mlb,props_k,Andre Pallante Over 7.5 K,0.01,,,,,0,,L,2026.09.24.4,2026-09-27|mlb|props_k|Andre Pallante Over 7.5 K,2026-09-27,f8c336fa447564a17616c2127dc61bf7,St. Louis Cardinals @ Milwaukee Brewers,2026-09-27T19:10:00Z,Andre Pallante,7.5,8,0.01,,informatif,100,,,ladder · proj 2.79K,,,,,0.01,,,
2026-09-27T15:15:14+00:00,mlb,props_k,Andre Pallante Over 8.5 K,0.003,,,,,0,,L,2026.09.24.4,2026-09-27|mlb|props_k|Andre Pallante Over 8.5 K,2026-09-27,f8c336fa447564a17616c2127dc61bf7,St. Louis Cardinals @ Milwaukee Brewers,2026-09-27T19:10:00Z,Andre Pallante,8.5,9,0.003,,informatif,333.333,,,ladder · proj 2.79K,,,,,0.003,,,
2026-09-27T15:15:14+00:00,mlb,props_k,Andre Pallante Over 9.5 K,0.001,,,,,0,,L,2026.09.24.4,2026-09-27|mlb|props_k|Andre Pallante Over 9.5 K,2026-09-27,f8c336fa447564a17616c2127dc61bf7,St. Louis Cardinals @ Milwaukee Brewers,2026-09-27T19:10:00Z,Andre Pallante,9.5,10,0.001,,informatif,1000,,,ladder · proj 2.79K,,,,,0.001,,,
2026-09-27T15:15:34+00:00,mlb,props_k,Randy Vásquez Over 2.5 K,0.443,,,,,0,,L,2026.09.24.4,2026-09-27|mlb|props_k|Randy Vásquez Over 2.5 K,2026-09-27,a30b8084ec3236e2dfd36571563a17b8,Arizona Diamondbacks @ San Diego Padres,2026-09-27T19:11:00Z,Randy Vásquez,2.5,3,0.443,,informatif,2.257,,,ladder · proj 2.46K,,,,,0.443,,,
2026-09-27T15:15:34+00:00,mlb,props_k,Randy Vásquez Over 3.5 K,0.236,,,,,0,,L,2026.09.24.4,2026-09-27|mlb|props_k|Randy Vásquez Over 3.5 K,2026-09-27,a30b8084ec3236e2dfd36571563a17b8,Arizona Diamondbacks @ San Diego Padres,2026-09-27T19:11:00Z,Randy Vásquez,3.5,4,0.236,,informatif,4.237,,,ladder · proj 2.46K,,,,,0.236,,,
2026-09-27T15:15:34+00:00,mlb,props_k,Randy Vásquez Over 4.5 K,0.108,,,,,0,,L,2026.09.24.4,2026-09-27|mlb|props_k|Randy Vásquez Over 4.5 K,2026-09-27,a30b8084ec3236e2dfd36571563a17b8,Arizona Diamondbacks @ San Diego Padres,2026-09-27T19:11:00Z,Randy Vásquez,4.5,5,0.108,,informatif,9.259,,,ladder · proj 2.46K,,,,,0.108,,,
2026-09-27T15:15:34+00:00,mlb,props_k,Randy Vásquez Over 5.5 K,0.043,,,,,0,,L,2026.09.24.4,2026-09-27|mlb|props_k|Randy Vásquez Over 5.5 K,2026-09-27,a30b8084ec3236e2dfd36571563a17b8,Arizona Diamondbacks @ San Diego Padres,2026-09-27T19:11:00Z,Randy Vásquez,5.5,6,0.043,,informatif,23.256,,,ladder · proj 2.46K,,,,,0.043,,,
2026-09-27T15:15:34+00:00,mlb,props_k,Randy Vásquez Over 6.5 K,0.015,,,,,0,,L,2026.09.24.4,2026-09-27|mlb|props_k|Randy Vásquez Over 6.5 K,2026-09-27,a30b8084ec3236e2dfd36571563a17b8,Arizona Diamondbacks @ San Diego Padres,2026-09-27T19:11:00Z,Randy Vásquez,6.5,7,0.015,,informatif,66.667,,,ladder · proj 2.46K,,,,,0.015,,,
2026-09-27T15:15:34+00:00,mlb,props_k,Randy Vásquez Over 7.5 K,0.005,,,,,0,,L,2026.09.24.4,2026-09-27|mlb|props_k|Randy Vásquez Over 7.5 K,2026-09-27,a30b8084ec3236e2dfd36571563a17b8,Arizona Diamondbacks @ San Diego Padres,2026-09-27T19:11:00Z,Randy Vásquez,7.5,8,0.005,,informatif,200,,,ladder · proj 2.46K,,,,,0.005,,,
2026-09-27T15:15:34+00:00,mlb,props_k,Randy Vásquez Over 8.5 K,0.001,,,,,0,,L,2026.09.24.4,2026-09-27|mlb|props_k|Randy Vásquez Over 8.5 K,2026-09-27,a30b8084ec3236e2dfd36571563a17b8,Arizona Diamondbacks @ San Diego Padres,2026-09-27T19:11:00Z,Randy Vásquez,8.5,9,0.001,,informatif,1000,,,ladder · proj 2.46K,,,,,0.001,,,
2026-09-27T15:15:34+00:00,mlb,props_k,Randy Vásquez Over 9.5 K,0,,,,,0,,L,2026.09.24.4,2026-09-27|mlb|props_k|Randy Vásquez Over 9.5 K,2026-09-27,a30b8084ec3236e2dfd36571563a17b8,Arizona Diamondbacks @ San Diego Padres,2026-09-27T19:11:00Z,Randy Vásquez,9.5,10,0,,informatif,,,,ladder · proj 2.46K,,,,,0,,,
2026-09-27T15:15:34+00:00,mlb,props_k,Michael Soroka Over 2.5 K,0.865,,,,,0,,W,2026.09.24.4,2026-09-27|mlb|props_k|Michael Soroka Over 2.5 K,2026-09-27,a30b8084ec3236e2dfd36571563a17b8,Arizona Diamondbacks @ San Diego Padres,2026-09-27T19:11:00Z,Michael Soroka,2.5,3,0.865,,informatif,1.156,,,ladder · proj 5.01K,,,,,0.865,,,
2026-09-27T15:15:34+00:00,mlb,props_k,Michael Soroka Over 3.5 K,0.725,,,,,0,,W,2026.09.24.4,2026-09-27|mlb|props_k|Michael Soroka Over 3.5 K,2026-09-27,a30b8084ec3236e2dfd36571563a17b8,Arizona Diamondbacks @ San Diego Padres,2026-09-27T19:11:00Z,Michael Soroka,3.5,4,0.725,,informatif,1.379,,,ladder · proj 5.01K,,,,,0.725,,,
2026-09-27T15:15:34+00:00,mlb,props_k,Michael Soroka Over 4.5 K,0.554,,,,,0,,L,2026.09.24.4,2026-09-27|mlb|props_k|Michael Soroka Over 4.5 K,2026-09-27,a30b8084ec3236e2dfd36571563a17b8,Arizona Diamondbacks @ San Diego Padres,2026-09-27T19:11:00Z,Michael Soroka,4.5,5,0.554,,informatif,1.805,,,ladder · proj 5.01K,,,,,0.554,,,
2026-09-27T15:15:34+00:00,mlb,props_k,Michael Soroka Over 5.5 K,0.386,,,,,0,,L,2026.09.24.4,2026-09-27|mlb|props_k|Michael Soroka Over 5.5 K,2026-09-27,a30b8084ec3236e2dfd36571563a17b8,Arizona Diamondbacks @ San Diego Padres,2026-09-27T19:11:00Z,Michael Soroka,5.5,6,0.386,,informatif,2.591,,,ladder · proj 5.01K,,,,,0.386,,,
2026-09-27T15:15:34+00:00,mlb,props_k,Michael Soroka Over 6.5 K,0.245,,,,,0,,L,2026.09.24.4,2026-09-27|mlb|props_k|Michael Soroka Over 6.5 K,2026-09-27,a30b8084ec3236e2dfd36571563a17b8,Arizona Diamondbacks @ San Diego Padres,2026-09-27T19:11:00Z,Michael Soroka,6.5,7,0.245,,informatif,4.082,,,ladder · proj 5.01K,,,,,0.245,,,
2026-09-27T15:15:34+00:00,mlb,props_k,Michael Soroka Over 7.5 K,0.143,,,,,0,,L,2026.09.24.4,2026-09-27|mlb|props_k|Michael Soroka Over 7.5 K,2026-09-27,a30b8084ec3236e2dfd36571563a17b8,Arizona Diamondbacks @ San Diego Padres,2026-09-27T19:11:00Z,Michael Soroka,7.5,8,0.143,,informatif,6.993,,,ladder · proj 5.01K,,,,,0.143,,,
2026-09-27T15:15:34+00:00,mlb,props_k,Michael Soroka Over 8.5 K,0.077,,,,,0,,L,2026.09.24.4,2026-09-27|mlb|props_k|Michael Soroka Over 8.5 K,2026-09-27,a30b8084ec3236e2dfd36571563a17b8,Arizona Diamondbacks @ San Diego Padres,2026-09-27T19:11:00Z,Michael Soroka,8.5,9,0.077,,informatif,12.987,,,ladder · proj 5.01K,,,,,0.077,,,
2026-09-27T15:15:34+00:00,mlb,props_k,Michael Soroka Over 9.5 K,0.039,,,,,0,,L,2026.09.24.4,2026-09-27|mlb|props_k|Michael Soroka Over 9.5 K,2026-09-27,a30b8084ec3236e2dfd36571563a17b8,Arizona Diamondbacks @ San Diego Padres,2026-09-27T19:11:00Z,Michael Soroka,9.5,10,0.039,,informatif,25.641,,,ladder · proj 5.01K,,,,,0.039,,,
2026-09-27T15:15:54+00:00,mlb,props_k,Daniel Lynch IV Over 2.5 K,0.371,,,,,0,,L,2026.09.24.4,2026-09-27|mlb|props_k|Daniel Lynch IV Over 2.5 K,2026-09-27,145cdebdd889acf475c53aec610bd845,Cleveland Guardians @ Kansas City Royals,2026-09-27T19:11:00Z,Daniel Lynch IV,2.5,3,0.371,,informatif,2.695,,,ladder · proj 2.18K,,,,,0.371,,,
2026-09-27T15:15:54+00:00,mlb,props_k,Daniel Lynch IV Over 3.5 K,0.18,,,,,0,,L,2026.09.24.4,2026-09-27|mlb|props_k|Daniel Lynch IV Over 3.5 K,2026-09-27,145cdebdd889acf475c53aec610bd845,Cleveland Guardians @ Kansas City Royals,2026-09-27T19:11:00Z,Daniel Lynch IV,3.5,4,0.18,,informatif,5.556,,,ladder · proj 2.18K,,,,,0.18,,,
2026-09-27T15:15:54+00:00,mlb,props_k,Daniel Lynch IV Over 4.5 K,0.074,,,,,0,,L,2026.09.24.4,2026-09-27|mlb|props_k|Daniel Lynch IV Over 4.5 K,2026-09-27,145cdebdd889acf475c53aec610bd845,Cleveland Guardians @ Kansas City Royals,2026-09-27T19:11:00Z,Daniel Lynch IV,4.5,5,0.074,,informatif,13.514,,,ladder · proj 2.18K,,,,,0.074,,,
2026-09-27T15:15:54+00:00,mlb,props_k,Daniel Lynch IV Over 5.5 K,0.026,,,,,0,,L,2026.09.24.4,2026-09-27|mlb|props_k|Daniel Lynch IV Over 5.5 K,2026-09-27,145cdebdd889acf475c53aec610bd845,Cleveland Guardians @ Kansas City Royals,2026-09-27T19:11:00Z,Daniel Lynch IV,5.5,6,0.026,,informatif,38.462,,,ladder · proj 2.18K,,,,,0.026,,,
2026-09-27T15:15:54+00:00,mlb,props_k,Daniel Lynch IV Over 6.5 K,0.008,,,,,0,,L,2026.09.24.4,2026-09-27|mlb|props_k|Daniel Lynch IV Over 6.5 K,2026-09-27,145cdebdd889acf475c53aec610bd845,Cleveland Guardians @ Kansas City Royals,2026-09-27T19:11:00Z,Daniel Lynch IV,6.5,7,0.008,,informatif,125,,,ladder · proj 2.18K,,,,,0.008,,,
2026-09-27T15:15:54+00:00,mlb,props_k,Daniel Lynch IV Over 7.5 K,0.002,,,,,0,,L,2026.09.24.4,2026-09-27|mlb|props_k|Daniel Lynch IV Over 7.5 K,2026-09-27,145cdebdd889acf475c53aec610bd845,Cleveland Guardians @ Kansas City Royals,2026-09-27T19:11:00Z,Daniel Lynch IV,7.5,8,0.002,,informatif,500,,,ladder · proj 2.18K,,,,,0.002,,,
2026-09-27T15:15:54+00:00,mlb,props_k,Daniel Lynch IV Over 8.5 K,0.001,,,,,0,,L,2026.09.24.4,2026-09-27|mlb|props_k|Daniel Lynch IV Over 8.5 K,2026-09-27,145cdebdd889acf475c53aec610bd845,Cleveland Guardians @ Kansas City Royals,2026-09-27T19:11:00Z,Daniel Lynch IV,8.5,9,0.001,,informatif,1000,,,ladder · proj 2.18K,,,,,0.001,,,
2026-09-27T15:15:54+00:00,mlb,props_k,Daniel Lynch IV Over 9.5 K,0,,,,,0,,L,2026.09.24.4,2026-09-27|mlb|props_k|Daniel Lynch IV Over 9.5 K,2026-09-27,145cdebdd889acf475c53aec610bd845,Cleveland Guardians @ Kansas City Royals,2026-09-27T19:11:00Z,Daniel Lynch IV,9.5,10,0,,informatif,,,,ladder · proj 2.18K,,,,,0,,,
2026-09-27T15:15:54+00:00,mlb,props_k,Parker Messick Over 2.5 K,0.924,,,,,0,,L,2026.09.24.4,2026-09-27|mlb|props_k|Parker Messick Over 2.5 K,2026-09-27,145cdebdd889acf475c53aec610bd845,Cleveland Guardians @ Kansas City Royals,2026-09-27T19:11:00Z,Parker Messick,2.5,3,0.924,,informatif,1.082,,,ladder · proj 5.91K,,,,,0.924,,,
2026-09-27T15:15:54+00:00,mlb,props_k,Parker Messick Over 3.5 K,0.827,,,,,0,,L,2026.09.24.4,2026-09-27|mlb|props_k|Parker Messick Over 3.5 K,2026-09-27,145cdebdd889acf475c53aec610bd845,Cleveland Guardians @ Kansas City Royals,2026-09-27T19:11:00Z,Parker Messick,3.5,4,0.827,,informatif,1.209,,,ladder · proj 5.91K,,,,,0.827,,,
2026-09-27T15:15:54+00:00,mlb,props_k,Parker Messick Over 4.5 K,0.69,,,,,0,,L,2026.09.24.4,2026-09-27|mlb|props_k|Parker Messick Over 4.5 K,2026-09-27,145cdebdd889acf475c53aec610bd845,Cleveland Guardians @ Kansas City Royals,2026-09-27T19:11:00Z,Parker Messick,4.5,5,0.69,,informatif,1.449,,,ladder · proj 5.91K,,,,,0.69,,,
2026-09-27T15:15:54+00:00,mlb,props_k,Parker Messick Over 5.5 K,0.532,,,,,0,,L,2026.09.24.4,2026-09-27|mlb|props_k|Parker Messick Over 5.5 K,2026-09-27,145cdebdd889acf475c53aec610bd845,Cleveland Guardians @ Kansas City Royals,2026-09-27T19:11:00Z,Parker Messick,5.5,6,0.532,,informatif,1.88,,,ladder · proj 5.91K,,,,,0.532,,,
2026-09-27T15:15:54+00:00,mlb,props_k,Parker Messick Over 6.5 K,0.38,,,,,0,,L,2026.09.24.4,2026-09-27|mlb|props_k|Parker Messick Over 6.5 K,2026-09-27,145cdebdd889acf475c53aec610bd845,Cleveland Guardians @ Kansas City Royals,2026-09-27T19:11:00Z,Parker Messick,6.5,7,0.38,,informatif,2.632,,,ladder · proj 5.91K,,,,,0.38,,,
2026-09-27T15:15:54+00:00,mlb,props_k,Parker Messick Over 7.5 K,0.251,,,,,0,,L,2026.09.24.4,2026-09-27|mlb|props_k|Parker Messick Over 7.5 K,2026-09-27,145cdebdd889acf475c53aec610bd845,Cleveland Guardians @ Kansas City Royals,2026-09-27T19:11:00Z,Parker Messick,7.5,8,0.251,,informatif,3.984,,,ladder · proj 5.91K,,,,,0.251,,,
2026-09-27T15:15:54+00:00,mlb,props_k,Parker Messick Over 8.5 K,0.154,,,,,0,,L,2026.09.24.4,2026-09-27|mlb|props_k|Parker Messick Over 8.5 K,2026-09-27,145cdebdd889acf475c53aec610bd845,Cleveland Guardians @ Kansas City Royals,2026-09-27T19:11:00Z,Parker Messick,8.5,9,0.154,,informatif,6.494,,,ladder · proj 5.91K,,,,,0.154,,,
2026-09-27T15:15:54+00:00,mlb,props_k,Parker Messick Over 9.5 K,0.088,,,,,0,,L,2026.09.24.4,2026-09-27|mlb|props_k|Parker Messick Over 9.5 K,2026-09-27,145cdebdd889acf475c53aec610bd845,Cleveland Guardians @ Kansas City Royals,2026-09-27T19:11:00Z,Parker Messick,9.5,10,0.088,,informatif,11.364,,,ladder · proj 5.91K,,,,,0.088,,,
2026-09-27T15:16:15+00:00,mlb,props_k,Dean Kremer Over 2.5 K,0.893,,,,,0,,W,2026.09.24.4,2026-09-27|mlb|props_k|Dean Kremer Over 2.5 K,2026-09-27,b399c26bfec19fedbe59553718bf1c7a,Texas Rangers @ Minnesota Twins,2026-09-27T19:11:00Z,Dean Kremer,2.5,3,0.893,,informatif,1.12,,,ladder · proj 5.37K,,,,,0.893,,,
2026-09-27T15:16:15+00:00,mlb,props_k,Dean Kremer Over 3.5 K,0.77,,,,,0,,W,2026.09.24.4,2026-09-27|mlb|props_k|Dean Kremer Over 3.5 K,2026-09-27,b399c26bfec19fedbe59553718bf1c7a,Texas Rangers @ Minnesota Twins,2026-09-27T19:11:00Z,Dean Kremer,3.5,4,0.77,,informatif,1.299,,,ladder · proj 5.37K,,,,,0.77,,,
2026-09-27T15:16:15+00:00,mlb,props_k,Dean Kremer Over 4.5 K,0.612,,,,,0,,L,2026.09.24.4,2026-09-27|mlb|props_k|Dean Kremer Over 4.5 K,2026-09-27,b399c26bfec19fedbe59553718bf1c7a,Texas Rangers @ Minnesota Twins,2026-09-27T19:11:00Z,Dean Kremer,4.5,5,0.612,,informatif,1.634,,,ladder · proj 5.37K,,,,,0.612,,,
2026-09-27T15:16:15+00:00,mlb,props_k,Dean Kremer Over 5.5 K,0.446,,,,,0,,L,2026.09.24.4,2026-09-27|mlb|props_k|Dean Kremer Over 5.5 K,2026-09-27,b399c26bfec19fedbe59553718bf1c7a,Texas Rangers @ Minnesota Twins,2026-09-27T19:11:00Z,Dean Kremer,5.5,6,0.446,,informatif,2.242,,,ladder · proj 5.37K,,,,,0.446,,,
2026-09-27T15:16:15+00:00,mlb,props_k,Dean Kremer Over 6.5 K,0.298,,,,,0,,L,2026.09.24.4,2026-09-27|mlb|props_k|Dean Kremer Over 6.5 K,2026-09-27,b399c26bfec19fedbe59553718bf1c7a,Texas Rangers @ Minnesota Twins,2026-09-27T19:11:00Z,Dean Kremer,6.5,7,0.298,,informatif,3.356,,,ladder · proj 5.37K,,,,,0.298,,,
2026-09-27T15:16:15+00:00,mlb,props_k,Dean Kremer Over 7.5 K,0.183,,,,,0,,L,2026.09.24.4,2026-09-27|mlb|props_k|Dean Kremer Over 7.5 K,2026-09-27,b399c26bfec19fedbe59553718bf1c7a,Texas Rangers @ Minnesota Twins,2026-09-27T19:11:00Z,Dean Kremer,7.5,8,0.183,,informatif,5.464,,,ladder · proj 5.37K,,,,,0.183,,,
2026-09-27T15:16:15+00:00,mlb,props_k,Dean Kremer Over 8.5 K,0.104,,,,,0,,L,2026.09.24.4,2026-09-27|mlb|props_k|Dean Kremer Over 8.5 K,2026-09-27,b399c26bfec19fedbe59553718bf1c7a,Texas Rangers @ Minnesota Twins,2026-09-27T19:11:00Z,Dean Kremer,8.5,9,0.104,,informatif,9.615,,,ladder · proj 5.37K,,,,,0.104,,,
2026-09-27T15:16:15+00:00,mlb,props_k,Dean Kremer Over 9.5 K,0.055,,,,,0,,L,2026.09.24.4,2026-09-27|mlb|props_k|Dean Kremer Over 9.5 K,2026-09-27,b399c26bfec19fedbe59553718bf1c7a,Texas Rangers @ Minnesota Twins,2026-09-27T19:11:00Z,Dean Kremer,9.5,10,0.055,,informatif,18.182,,,ladder · proj 5.37K,,,,,0.055,,,
2026-09-27T15:16:15+00:00,mlb,props_k,MacKenzie Gore Over 2.5 K,0.565,,,,,0,,L,2026.09.24.4,2026-09-27|mlb|props_k|MacKenzie Gore Over 2.5 K,2026-09-27,b399c26bfec19fedbe59553718bf1c7a,Texas Rangers @ Minnesota Twins,2026-09-27T19:11:00Z,MacKenzie Gore,2.5,3,0.565,,informatif,1.77,,,ladder · proj 2.97K,,,,,0.565,,,
2026-09-27T15:16:15+00:00,mlb,props_k,MacKenzie Gore Over 3.5 K,0.346,,,,,0,,L,2026.09.24.4,2026-09-27|mlb|props_k|MacKenzie Gore Over 3.5 K,2026-09-27,b399c26bfec19fedbe59553718bf1c7a,Texas Rangers @ Minnesota Twins,2026-09-27T19:11:00Z,MacKenzie Gore,3.5,4,0.346,,informatif,2.89,,,ladder · proj 2.97K,,,,,0.346,,,
2026-09-27T15:16:15+00:00,mlb,props_k,MacKenzie Gore Over 4.5 K,0.184,,,,,0,,L,2026.09.24.4,2026-09-27|mlb|props_k|MacKenzie Gore Over 4.5 K,2026-09-27,b399c26bfec19fedbe59553718bf1c7a,Texas Rangers @ Minnesota Twins,2026-09-27T19:11:00Z,MacKenzie Gore,4.5,5,0.184,,informatif,5.435,,,ladder · proj 2.97K,,,,,0.184,,,
2026-09-27T15:16:15+00:00,mlb,props_k,MacKenzie Gore Over 5.5 K,0.086,,,,,0,,L,2026.09.24.4,2026-09-27|mlb|props_k|MacKenzie Gore Over 5.5 K,2026-09-27,b399c26bfec19fedbe59553718bf1c7a,Texas Rangers @ Minnesota Twins,2026-09-27T19:11:00Z,MacKenzie Gore,5.5,6,0.086,,informatif,11.628,,,ladder · proj 2.97K,,,,,0.086,,,
2026-09-27T15:16:15+00:00,mlb,props_k,MacKenzie Gore Over 6.5 K,0.036,,,,,0,,L,2026.09.24.4,2026-09-27|mlb|props_k|MacKenzie Gore Over 6.5 K,2026-09-27,b399c26bfec19fedbe59553718bf1c7a,Texas Rangers @ Minnesota Twins,2026-09-27T19:11:00Z,MacKenzie Gore,6.5,7,0.036,,informatif,27.778,,,ladder · proj 2.97K,,,,,0.036,,,
2026-09-27T15:16:15+00:00,mlb,props_k,MacKenzie Gore Over 7.5 K,0.014,,,,,0,,L,2026.09.24.4,2026-09-27|mlb|props_k|MacKenzie Gore Over 7.5 K,2026-09-27,b399c26bfec19fedbe59553718bf1c7a,Texas Rangers @ Minnesota Twins,2026-09-27T19:11:00Z,MacKenzie Gore,7.5,8,0.014,,informatif,71.429,,,ladder · proj 2.97K,,,,,0.014,,,
2026-09-27T15:16:15+00:00,mlb,props_k,MacKenzie Gore Over 8.5 K,0.005,,,,,0,,L,2026.09.24.4,2026-09-27|mlb|props_k|MacKenzie Gore Over 8.5 K,2026-09-27,b399c26bfec19fedbe59553718bf1c7a,Texas Rangers @ Minnesota Twins,2026-09-27T19:11:00Z,MacKenzie Gore,8.5,9,0.005,,informatif,200,,,ladder · proj 2.97K,,,,,0.005,,,
2026-09-27T15:16:15+00:00,mlb,props_k,MacKenzie Gore Over 9.5 K,0.001,,,,,0,,L,2026.09.24.4,2026-09-27|mlb|props_k|MacKenzie Gore Over 9.5 K,2026-09-27,b399c26bfec19fedbe59553718bf1c7a,Texas Rangers @ Minnesota Twins,2026-09-27T19:11:00Z,MacKenzie Gore,9.5,10,0.001,,informatif,1000,,,ladder · proj 2.97K,,,,,0.001,,,
2026-09-27T15:17:31+00:00,mlb,mlb_ml,Chicago White Sox ML,0.65,0.6025,,,,0,,W,2026.09.24.4,2026-09-27|mlb|mlb_ml|Chicago White Sox ML,2026-09-27,febfe492bcd191327b90c25777e21db4,Colorado Rockies @ Chicago White Sox,2026-09-27T19:10:00Z,,,,,,a_saisir,1.621,,,💎 no brainer,1.64,,1,,0.617,,,
2026-09-27T15:17:31+00:00,mlb,mlb_rl,Chicago White Sox -1.5,0.529,0.433,,,,0,,W,2026.09.24.4,2026-09-27|mlb|mlb_rl|Chicago White Sox -1.5,2026-09-27,febfe492bcd191327b90c25777e21db4,Colorado Rockies @ Chicago White Sox,2026-09-27T19:10:00Z,,,,,,a_saisir,2.165,,,🔴 passe,2.21,,0,,0.462,,,
2026-09-27T15:17:31+00:00,mlb,mlb_ml,Colorado Rockies ML,0.35,0.3975,,,,0,,L,2026.09.24.4,2026-09-27|mlb|mlb_ml|Colorado Rockies ML,2026-09-27,febfe492bcd191327b90c25777e21db4,Colorado Rockies @ Chicago White Sox,2026-09-27T19:10:00Z,,,,,,a_saisir,2.611,,,🔴 passe,2.47,,0,,0.383,,,
2026-09-27T15:17:31+00:00,mlb,mlb_ml,Cleveland Guardians ML,0.638,0.5052,,,,0,,L,2026.09.24.4,2026-09-27|mlb|mlb_ml|Cleveland Guardians ML,2026-09-27,145cdebdd889acf475c53aec610bd845,Cleveland Guardians @ Kansas City Royals,2026-09-27T19:10:00Z,,,,,,a_saisir,1.835,,,🟢 solide,1.96,,1,,0.545,,,
2026-09-27T15:17:31+00:00,mlb,mlb_rl,Cleveland Guardians -1.5,0.495,0.381,,,,0,,L,2026.09.24.4,2026-09-27|mlb|mlb_rl|Cleveland Guardians -1.5,2026-09-27,145cdebdd889acf475c53aec610bd845,Cleveland Guardians @ Kansas City Royals,2026-09-27T19:10:00Z,,,,,,a_saisir,2.41,,,🔴 passe,2.51,,0,,0.415,,,
2026-09-27T15:17:31+00:00,mlb,mlb_ml,Kansas City Royals ML,0.362,0.4948,,,,0,,W,2026.09.24.4,2026-09-27|mlb|mlb_ml|Kansas City Royals ML,2026-09-27,145cdebdd889acf475c53aec610bd845,Cleveland Guardians @ Kansas City Royals,2026-09-27T19:10:00Z,,,,,,a_saisir,2.198,,,🔴 passe,2.02,,0,,0.455,,,
2026-09-27T15:17:31+00:00,mlb,mlb_ml,Los Angeles Angels ML,0.5,0.4059,,,,0,,L,2026.09.24.4,2026-09-27|mlb|mlb_ml|Los Angeles Angels ML,2026-09-27,3d109aae107e7d5306d828f3004dbb9d,Los Angeles Angels @ Seattle Mariners,2026-09-27T19:10:00Z,,,,,,a_saisir,2.304,,,🟢 solide,2.45,,1,,0.434,,,
2026-09-27T15:17:31+00:00,mlb,mlb_ml,Seattle Mariners ML,0.5,0.5941,,,,0,,W,2026.09.24.4,2026-09-27|mlb|mlb_ml|Seattle Mariners ML,2026-09-27,3d109aae107e7d5306d828f3004dbb9d,Los Angeles Angels @ Seattle Mariners,2026-09-27T19:10:00Z,,,,,,a_saisir,1.767,,,🔴 passe,1.65,,0,,0.566,,,
2026-09-27T15:17:31+00:00,mlb,mlb_rl,Seattle Mariners -1.5,0.341,0.399,,,,0,,W,2026.09.24.4,2026-09-27|mlb|mlb_rl|Seattle Mariners -1.5,2026-09-27,3d109aae107e7d5306d828f3004dbb9d,Los Angeles Angels @ Seattle Mariners,2026-09-27T19:10:00Z,,,,,,a_saisir,2.625,,,🔴 passe,2.4,,0,,0.381,,,
2026-09-27T15:17:31+00:00,mlb,mlb_ml,Cincinnati Reds ML,0.475,0.3837,,,,0,,L,2026.09.24.4,2026-09-27|mlb|mlb_ml|Cincinnati Reds ML,2026-09-27,9f490d6bcfb661b6a7b1114e80646d4b,Cincinnati Reds @ Toronto Blue Jays,2026-09-27T19:07:00Z,,,,,,a_saisir,2.433,,,🟢 solide,2.55,,1,,0.411,,,
2026-09-27T15:17:31+00:00,mlb,mlb_ml,Toronto Blue Jays ML,0.525,0.6163,,,,0,,W,2026.09.24.4,2026-09-27|mlb|mlb_ml|Toronto Blue Jays ML,2026-09-27,9f490d6bcfb661b6a7b1114e80646d4b,Cincinnati Reds @ Toronto Blue Jays,2026-09-27T19:07:00Z,,,,,,a_saisir,1.698,,,🔴 passe,1.58,,0,,0.589,,,
2026-09-27T15:17:31+00:00,mlb,mlb_rl,Toronto Blue Jays -1.5,0.381,0.439,,,,0,,W,2026.09.24.4,2026-09-27|mlb|mlb_rl|Toronto Blue Jays -1.5,2026-09-27,9f490d6bcfb661b6a7b1114e80646d4b,Cincinnati Reds @ Toronto Blue Jays,2026-09-27T19:07:00Z,,,,,,a_saisir,2.37,,,🔴 passe,2.18,,0,,0.422,,,
2026-09-27T15:17:31+00:00,mlb,mlb_ml,Miami Marlins ML,0.604,0.5222,,,,0,,W,2026.09.24.4,2026-09-27|mlb|mlb_ml|Miami Marlins ML,2026-09-27,f4a70a1cc28098ce3bd4a521555ad809,Atlanta Braves @ Miami Marlins,2026-09-27T19:10:00Z,,,,,,a_saisir,1.828,,,🟢 solide,1.91,,1,,0.547,,,
2026-09-27T15:17:31+00:00,mlb,mlb_rl,Miami Marlins -1.5,0.469,0.348,,,,0,,W,2026.09.24.4,2026-09-27|mlb|mlb_rl|Miami Marlins -1.5,2026-09-27,f4a70a1cc28098ce3bd4a521555ad809,Atlanta Braves @ Miami Marlins,2026-09-27T19:10:00Z,,,,,,a_saisir,2.604,,,🟡 jouable,2.75,,1,,0.384,,,
2026-09-27T15:17:31+00:00,mlb,mlb_ml,Atlanta Braves ML,0.396,0.4778,,,,0,,L,2026.09.24.4,2026-09-27|mlb|mlb_ml|Atlanta Braves ML,2026-09-27,f4a70a1cc28098ce3bd4a521555ad809,Atlanta Braves @ Miami Marlins,2026-09-27T19:10:00Z,,,,,,a_saisir,2.208,,,🔴 passe,2.07,,0,,0.453,,,
2026-09-27T15:17:31+00:00,mlb,mlb_ml,Tampa Bay Rays ML,0.441,0.3915,,,,0,,L,2026.09.24.4,2026-09-27|mlb|mlb_ml|Tampa Bay Rays ML,2026-09-27,7b589a322a1e421d031d8b1abb24d911,Tampa Bay Rays @ Philadelphia Phillies,2026-09-27T19:05:00Z,,,,,,a_saisir,2.463,,,🟢 solide,2.55,,1,,0.406,,,
2026-09-27T15:17:31+00:00,mlb,mlb_rl,Philadelphia Phillies -1.5,0.41,0.392,,,,0,,W,2026.09.24.4,2026-09-27|mlb|mlb_rl|Philadelphia Phillies -1.5,2026-09-27,7b589a322a1e421d031d8b1abb24d911,Tampa Bay Rays @ Philadelphia Phillies,2026-09-27T19:05:00Z,,,,,,a_saisir,2.519,,,🔴 passe,2.44,,0,,0.397,,,
2026-09-27T15:17:31+00:00,mlb,mlb_ml,Philadelphia Phillies ML,0.559,0.6085,,,,0,,W,2026.09.24.4,2026-09-27|mlb|mlb_ml|Philadelphia Phillies ML,2026-09-27,7b589a322a1e421d031d8b1abb24d911,Tampa Bay Rays @ Philadelphia Phillies,2026-09-27T19:05:00Z,,,,,,a_saisir,1.684,,,🔴 passe,1.61,,0,,0.594,,,
2026-09-27T15:17:31+00:00,mlb,mlb_ml,San Diego Padres ML,0.505,0.4322,,,,0,,W,2026.09.24.4,2026-09-27|mlb|mlb_ml|San Diego Padres ML,2026-09-27,a30b8084ec3236e2dfd36571563a17b8,Arizona Diamondbacks @ San Diego Padres,2026-09-27T19:10:00Z,,,,,,a_saisir,2.203,,,🟡 jouable,2.26,,1,,0.454,,,
2026-09-27T15:17:31+00:00,mlb,mlb_ml,Arizona Diamondbacks ML,0.495,0.5678,,,,0,,L,2026.09.24.4,2026-09-27|mlb|mlb_ml|Arizona Diamondbacks ML,2026-09-27,a30b8084ec3236e2dfd36571563a17b8,Arizona Diamondbacks @ San Diego Padres,2026-09-27T19:10:00Z,,,,,,a_saisir,1.832,,,🔴 passe,1.72,,0,,0.546,,,
2026-09-27T15:17:31+00:00,mlb,mlb_ml,Milwaukee Brewers ML,0.706,0.6386,,,,0,,W,2026.09.24.4,2026-09-27|mlb|mlb_ml|Milwaukee Brewers ML,2026-09-27,f8c336fa447564a17616c2127dc61bf7,St. Louis Cardinals @ Milwaukee Brewers,2026-09-27T19:10:00Z,,,,,,a_saisir,1.517,,,🟡 jouable,1.54,,1,,0.659,,,
2026-09-27T15:17:31+00:00,mlb,mlb_rl,Milwaukee Brewers -1.5,0.552,0.445,,,,0,,W,2026.09.24.4,2026-09-27|mlb|mlb_rl|Milwaukee Brewers -1.5,2026-09-27,f8c336fa447564a17616c2127dc61bf7,St. Louis Cardinals @ Milwaukee Brewers,2026-09-27T19:10:00Z,,,,,,a_saisir,2.096,,,🔴 passe,2.15,,0,,0.477,,,
2026-09-27T15:17:31+00:00,mlb,mlb_ml,St. Louis Cardinals ML,0.294,0.3614,,,,0,,L,2026.09.24.4,2026-09-27|mlb|mlb_ml|St. Louis Cardinals ML,2026-09-27,f8c336fa447564a17616c2127dc61bf7,St. Louis Cardinals @ Milwaukee Brewers,2026-09-27T19:10:00Z,,,,,,a_saisir,2.933,,,🔴 passe,2.73,,0,,0.341,,,
2026-09-27T15:17:31+00:00,mlb,mlb_ml,Baltimore Orioles ML,0.503,0.4767,,,,0,,VOID,2026.09.24.4,2026-09-27|mlb|mlb_ml|Baltimore Orioles ML,2026-09-27,8d968b3a9346c52d763b36a57a1cb74a,Baltimore Orioles @ New York Yankees,2026-09-27T17:05:00Z,,,,,,a_saisir,2.062,,,🔴 passe,2.06,,0,,0.485,,,
2026-09-27T15:17:31+00:00,mlb,mlb_rl,Baltimore Orioles -1.5,0.365,0.349,,,,0,,VOID,2026.09.24.4,2026-09-27|mlb|mlb_rl|Baltimore Orioles -1.5,2026-09-27,8d968b3a9346c52d763b36a57a1cb74a,Baltimore Orioles @ New York Yankees,2026-09-27T17:05:00Z,,,,,,a_saisir,2.825,,,🔴 passe,2.74,,0,,0.354,,,
2026-09-27T15:17:31+00:00,mlb,mlb_ml,New York Yankees ML,0.497,0.5233,,,,0,,VOID,2026.09.24.4,2026-09-27|mlb|mlb_ml|New York Yankees ML,2026-09-27,8d968b3a9346c52d763b36a57a1cb74a,Baltimore Orioles @ New York Yankees,2026-09-27T17:05:00Z,,,,,,a_saisir,1.942,,,🔴 passe,1.87,,0,,0.515,,,
2026-09-27T15:17:31+00:00,mlb,mlb_ml,Minnesota Twins ML,0.521,0.4885,,,,0,,W,2026.09.24.4,2026-09-27|mlb|mlb_ml|Minnesota Twins ML,2026-09-27,b399c26bfec19fedbe59553718bf1c7a,Texas Rangers @ Minnesota Twins,2026-09-27T19:10:00Z,,,,,,a_saisir,2.008,,,🔴 passe,2,,0,,0.498,,,
2026-09-27T15:17:31+00:00,mlb,mlb_ml,Texas Rangers ML,0.479,0.5115,,,,0,,L,2026.09.24.4,2026-09-27|mlb|mlb_ml|Texas Rangers ML,2026-09-27,b399c26bfec19fedbe59553718bf1c7a,Texas Rangers @ Minnesota Twins,2026-09-27T19:10:00Z,,,,,,a_saisir,1.992,,,🔴 passe,1.91,,0,,0.502,,,
2026-09-27T15:17:31+00:00,nfl,nfl_spread,Buffalo Bills -7,0.5114,0.5114,,,,0,,W,2026.09.24.4,2026-09-27|nfl|nfl_spread|Buffalo Bills -7,2026-09-27,b225458a282e140c44c45651255f2f6c,Los Angeles Chargers @ Buffalo Bills,2026-09-27T17:00:00Z,,,,,,a_saisir,1.955,,,"mediane sharp shin (lowvig, betonlineag)",,,,,0.5114,,,
2026-09-27T15:17:31+00:00,nfl,nfl_spread,Los Angeles Chargers +7,0.4886,0.4886,,,,0,,L,2026.09.24.4,2026-09-27|nfl|nfl_spread|Los Angeles Chargers +7,2026-09-27,b225458a282e140c44c45651255f2f6c,Los Angeles Chargers @ Buffalo Bills,2026-09-27T17:00:00Z,,,,,,a_saisir,2.047,,,"mediane sharp shin (lowvig, betonlineag)",,,,,0.4886,,,
2026-09-27T15:17:31+00:00,nfl,nfl_spread,Cleveland Browns +1,0.472,0.472,,,,0,,W,2026.09.24.4,2026-09-27|nfl|nfl_spread|Cleveland Browns +1,2026-09-27,613b8cd3a5fab58f7be4e3fd6f76223e,Carolina Panthers @ Cleveland Browns,2026-09-27T17:00:00Z,,,,,,a_saisir,2.119,,,"mediane sharp shin (lowvig, betonlineag)",,,,,0.472,,,
2026-09-27T15:17:31+00:00,nfl,nfl_spread,Carolina Panthers -1,0.528,0.528,,,,0,,L,2026.09.24.4,2026-09-27|nfl|nfl_spread|Carolina Panthers -1,2026-09-27,613b8cd3a5fab58f7be4e3fd6f76223e,Carolina Panthers @ Cleveland Browns,2026-09-27T17:00:00Z,,,,,,a_saisir,1.894,,,"mediane sharp shin (lowvig, betonlineag)",,,,,0.528,,,
2026-09-27T15:17:31+00:00,nfl,nfl_spread,Cleveland Browns +1.5,0.4856,0.4856,,,,0,,W,2026.09.24.4,2026-09-27|nfl|nfl_spread|Cleveland Browns +1.5,2026-09-27,613b8cd3a5fab58f7be4e3fd6f76223e,Carolina Panthers @ Cleveland Browns,2026-09-27T17:00:00Z,,,,,,a_saisir,2.059,,,pinnacle (shin),,,,,0.4856,,,
2026-09-27T15:17:31+00:00,nfl,nfl_spread,Carolina Panthers -1.5,0.5144,0.5144,,,,0,,L,2026.09.24.4,2026-09-27|nfl|nfl_spread|Carolina Panthers -1.5,2026-09-27,613b8cd3a5fab58f7be4e3fd6f76223e,Carolina Panthers @ Cleveland Browns,2026-09-27T17:00:00Z,,,,,,a_saisir,1.944,,,pinnacle (shin),,,,,0.5144,,,
2026-09-27T15:17:31+00:00,nfl,nfl_spread,Pittsburgh Steelers +3,0.4882,0.4882,,,,0,,W,2026.09.24.4,2026-09-27|nfl|nfl_spread|Pittsburgh Steelers +3,2026-09-27,71123be049587b6facce3a20c53e5d09,Cincinnati Bengals @ Pittsburgh Steelers,2026-09-27T17:00:00Z,,,,,,a_saisir,2.048,,,pinnacle (shin),,,,,0.4882,,,
2026-09-27T15:17:31+00:00,nfl,nfl_spread,Cincinnati Bengals -3,0.5118,0.5118,,,,0,,L,2026.09.24.4,2026-09-27|nfl|nfl_spread|Cincinnati Bengals -3,2026-09-27,71123be049587b6facce3a20c53e5d09,Cincinnati Bengals @ Pittsburgh Steelers,2026-09-27T17:00:00Z,,,,,,a_saisir,1.954,,,pinnacle (shin),,,,,0.5118,,,
2026-09-27T15:17:31+00:00,nfl,nfl_total,Over 48.5,0.4934,0.4934,,,,0,2,W,2026.09.24.4,2026-09-27|nfl|nfl_total|Over 48.5,2026-09-27,9d2b09e0f9b6dd5ce0d985894f4f98fa,Arizona Cardinals @ San Francisco 49ers,2026-09-27T20:05:00Z,,,,,,a_saisir,2.027,0.5,,pinnacle (shin),,,,,0.4934,,,
2026-09-27T15:17:31+00:00,nfl,nfl_total,Under 48.5,0.5066,0.5066,,,,0,2,L,2026.09.24.4,2026-09-27|nfl|nfl_total|Under 48.5,2026-09-27,9d2b09e0f9b6dd5ce0d985894f4f98fa,Arizona Cardinals @ San Francisco 49ers,2026-09-27T20:05:00Z,,,,,,a_saisir,1.974,0.5,,pinnacle (shin),,,,,0.5066,,,
2026-09-27T15:17:31+00:00,nfl,nfl_spread,Miami Dolphins +10,0.5209,0.5209,,,,0,,L,2026.09.24.4,2026-09-27|nfl|nfl_spread|Miami Dolphins +10,2026-09-27,0339a0e41bcee12820eb3e64bb5fadb4,Kansas City Chiefs @ Miami Dolphins,2026-09-27T17:00:00Z,,,,,,a_saisir,1.92,,,pinnacle (shin),,,,,0.5209,,,
2026-09-27T15:17:31+00:00,nfl,nfl_spread,Kansas City Chiefs -10,0.4791,0.4791,,,,0,,W,2026.09.24.4,2026-09-27|nfl|nfl_spread|Kansas City Chiefs -10,2026-09-27,0339a0e41bcee12820eb3e64bb5fadb4,Kansas City Chiefs @ Miami Dolphins,2026-09-27T17:00:00Z,,,,,,a_saisir,2.087,,,pinnacle (shin),,,,,0.4791,,,
2026-09-27T15:17:31+00:00,nfl,nfl_total,Over 45,0.5,0.5,,,,0,,L,2026.09.24.4,2026-09-27|nfl|nfl_total|Over 45,2026-09-27,0339a0e41bcee12820eb3e64bb5fadb4,Kansas City Chiefs @ Miami Dolphins,2026-09-27T17:00:00Z,,,,,,a_saisir,2,,,pinnacle (shin),,,,,0.5,,,
2026-09-27T15:17:31+00:00,nfl,nfl_total,Under 45,0.5,0.5,,,,0,,W,2026.09.24.4,2026-09-27|nfl|nfl_total|Under 45,2026-09-27,0339a0e41bcee12820eb3e64bb5fadb4,Kansas City Chiefs @ Miami Dolphins,2026-09-27T17:00:00Z,,,,,,a_saisir,2,,,pinnacle (shin),,,,,0.5,,,
2026-09-27T15:17:31+00:00,nfl,nfl_total,Over 37.5,0.5,0.5,,,,0,,L,2026.09.24.4,2026-09-27|nfl|nfl_total|Over 37.5,2026-09-27,555afd4a27aaa392662881cffa8f2eef,Tennessee Titans @ New York Giants,2026-09-27T17:00:00Z,,,,,,a_saisir,2,,,"mediane sharp shin (lowvig, betonlineag)",,,,,0.5,,,
2026-09-27T15:17:31+00:00,nfl,nfl_total,Under 37.5,0.5,0.5,,,,0,,W,2026.09.24.4,2026-09-27|nfl|nfl_total|Under 37.5,2026-09-27,555afd4a27aaa392662881cffa8f2eef,Tennessee Titans @ New York Giants,2026-09-27T17:00:00Z,,,,,,a_saisir,2,,,"mediane sharp shin (lowvig, betonlineag)",,,,,0.5,,,
2026-09-27T15:17:31+00:00,nfl,nfl_spread,Washington Commanders +9,0.5147,0.5147,,,,0,,W,2026.09.24.4,2026-09-27|nfl|nfl_spread|Washington Commanders +9,2026-09-27,2a529c108305ffa049d8b6cfdbaa4d36,Seattle Seahawks @ Washington Commanders,2026-09-27T17:00:00Z,,,,,,a_saisir,1.943,,,"mediane sharp shin (lowvig, betonlineag)",,,,,0.5147,,,
2026-09-27T15:17:31+00:00,nfl,nfl_spread,Seattle Seahawks -9,0.4853,0.4853,,,,0,,L,2026.09.24.4,2026-09-27|nfl|nfl_spread|Seattle Seahawks -9,2026-09-27,2a529c108305ffa049d8b6cfdbaa4d36,Seattle Seahawks @ Washington Commanders,2026-09-27T17:00:00Z,,,,,,a_saisir,2.061,,,"mediane sharp shin (lowvig, betonlineag)",,,,,0.4853,,,
2026-09-27T15:17:31+00:00,nfl,nfl_spread,Washington Commanders +9.5,0.5276,0.5276,,,,0,,W,2026.09.24.4,2026-09-27|nfl|nfl_spread|Washington Commanders +9.5,2026-09-27,2a529c108305ffa049d8b6cfdbaa4d36,Seattle Seahawks @ Washington Commanders,2026-09-27T17:00:00Z,,,,,,a_saisir,1.895,,,pinnacle (shin),,,,,0.5276,,,
2026-09-27T15:17:31+00:00,nfl,nfl_spread,Seattle Seahawks -9.5,0.4724,0.4724,,,,0,,L,2026.09.24.4,2026-09-27|nfl|nfl_spread|Seattle Seahawks -9.5,2026-09-27,2a529c108305ffa049d8b6cfdbaa4d36,Seattle Seahawks @ Washington Commanders,2026-09-27T17:00:00Z,,,,,,a_saisir,2.117,,,pinnacle (shin),,,,,0.4724,,,
2026-09-27T15:17:31+00:00,nfl,nfl_spread,San Francisco 49ers -7.5,0.5026,0.5026,,,,0,,L,2026.09.24.4,2026-09-27|nfl|nfl_spread|San Francisco 49ers -7.5,2026-09-27,9d2b09e0f9b6dd5ce0d985894f4f98fa,Arizona Cardinals @ San Francisco 49ers,2026-09-27T20:05:00Z,,,,,,a_saisir,1.99,,,pinnacle (shin),,,,,0.5026,,,
2026-09-27T15:17:31+00:00,nfl,nfl_spread,Arizona Cardinals +7.5,0.4974,0.4974,,,,0,,W,2026.09.24.4,2026-09-27|nfl|nfl_spread|Arizona Cardinals +7.5,2026-09-27,9d2b09e0f9b6dd5ce0d985894f4f98fa,Arizona Cardinals @ San Francisco 49ers,2026-09-27T20:05:00Z,,,,,,a_saisir,2.01,,,pinnacle (shin),,,,,0.4974,,,
2026-09-27T15:17:31+00:00,nfl,nfl_spread,Tampa Bay Buccaneers +1,0.4974,0.4974,,,,0,,L,2026.09.24.4,2026-09-27|nfl|nfl_spread|Tampa Bay Buccaneers +1,2026-09-27,f1724dead3eab61546033032fc782375,Minnesota Vikings @ Tampa Bay Buccaneers,2026-09-27T20:05:00Z,,,,,,a_saisir,2.01,,,pinnacle (shin),,,,,0.4974,,,
2026-09-27T15:17:31+00:00,nfl,nfl_spread,Minnesota Vikings -1,0.5026,0.5026,,,,0,,W,2026.09.24.4,2026-09-27|nfl|nfl_spread|Minnesota Vikings -1,2026-09-27,f1724dead3eab61546033032fc782375,Minnesota Vikings @ Tampa Bay Buccaneers,2026-09-27T20:05:00Z,,,,,,a_saisir,1.99,,,pinnacle (shin),,,,,0.5026,,,
2026-09-27T15:17:31+00:00,nfl,nfl_spread,Denver Broncos +1.5,0.4882,0.4882,,,,0,,W,2026.09.24.4,2026-09-27|nfl|nfl_spread|Denver Broncos +1.5,2026-09-27,3bfd8bfb4b8e9a365a0877879b73b16b,Los Angeles Rams @ Denver Broncos,2026-09-28T00:20:00Z,,,,,,a_saisir,2.048,,,pinnacle (shin),,,,,0.4882,,,
2026-09-27T15:17:31+00:00,nfl,nfl_spread,Los Angeles Rams -1.5,0.5118,0.5118,,,,0,,L,2026.09.24.4,2026-09-27|nfl|nfl_spread|Los Angeles Rams -1.5,2026-09-27,3bfd8bfb4b8e9a365a0877879b73b16b,Los Angeles Rams @ Denver Broncos,2026-09-28T00:20:00Z,,,,,,a_saisir,1.954,,,pinnacle (shin),,,,,0.5118,,,
2026-09-27T15:17:31+00:00,nfl,nfl_spread,Chicago Bears +3.5,0.5249,0.5249,,,,0,,W,2026.09.24.4,2026-09-28|nfl|nfl_spread|Chicago Bears +3.5,2026-09-28,47dc7baa254659f3beb2ed2b38c207b6,Philadelphia Eagles @ Chicago Bears,2026-09-29T00:15:00Z,,,,,,a_saisir,1.905,,,pinnacle (shin),,,,,0.5249,,,
2026-09-27T15:17:31+00:00,nfl,nfl_spread,Philadelphia Eagles -3.5,0.4751,0.4751,,,,0,,L,2026.09.24.4,2026-09-28|nfl|nfl_spread|Philadelphia Eagles -3.5,2026-09-28,47dc7baa254659f3beb2ed2b38c207b6,Philadelphia Eagles @ Chicago Bears,2026-09-29T00:15:00Z,,,,,,a_saisir,2.105,,,pinnacle (shin),,,,,0.4751,,,
2026-09-27T15:17:31+00:00,nfl,nfl_total,Over 42,0.5122,0.5122,,,,0,,L,2026.09.24.4,2026-09-28|nfl|nfl_total|Over 42,2026-09-28,47dc7baa254659f3beb2ed2b38c207b6,Philadelphia Eagles @ Chicago Bears,2026-09-29T00:15:00Z,,,,,,a_saisir,1.952,,,"mediane sharp shin (lowvig, betonlineag)",,,,,0.5122,,,
2026-09-27T15:17:31+00:00,nfl,nfl_total,Under 42,0.4878,0.4878,,,,0,,W,2026.09.24.4,2026-09-28|nfl|nfl_total|Under 42,2026-09-28,47dc7baa254659f3beb2ed2b38c207b6,Philadelphia Eagles @ Chicago Bears,2026-09-29T00:15:00Z,,,,,,a_saisir,2.05,,,"mediane sharp shin (lowvig, betonlineag)",,,,,0.4878,,,
2026-09-27T15:17:31+00:00,nfl,nfl_total,Over 42.5,0.4775,0.4775,,,,0,,L,2026.09.24.4,2026-09-28|nfl|nfl_total|Over 42.5,2026-09-28,47dc7baa254659f3beb2ed2b38c207b6,Philadelphia Eagles @ Chicago Bears,2026-09-29T00:15:00Z,,,,,,a_saisir,2.094,,,pinnacle (shin),,,,,0.4775,,,
2026-09-27T15:17:31+00:00,nfl,nfl_total,Under 42.5,0.5225,0.5225,,,,0,,W,2026.09.24.4,2026-09-28|nfl|nfl_total|Under 42.5,2026-09-28,47dc7baa254659f3beb2ed2b38c207b6,Philadelphia Eagles @ Chicago Bears,2026-09-29T00:15:00Z,,,,,,a_saisir,1.914,,,pinnacle (shin),,,,,0.5225,,,
2026-09-29T22:24:22+00:00,mlb,props_k,Cam Schlittler Over 2.5 K,0.952,,,,,0,,W,2026.09.27.1,2026-09-29|mlb|props_k|Cam Schlittler Over 2.5 K,2026-09-29,4cb76cceb16eb603c683038d132f4642,Boston Red Sox @ New York Yankees,2026-09-30T00:10:00Z,Cam Schlittler,2.5,3,0.952,,informatif,1.05,,,ladder · proj 6.6K,,,,,0.952,,,
2026-09-29T22:24:22+00:00,mlb,props_k,Cam Schlittler Over 3.5 K,0.882,,,,,0,,W,2026.09.27.1,2026-09-29|mlb|props_k|Cam Schlittler Over 3.5 K,2026-09-29,4cb76cceb16eb603c683038d132f4642,Boston Red Sox @ New York Yankees,2026-09-30T00:10:00Z,Cam Schlittler,3.5,4,0.882,,informatif,1.134,,,ladder · proj 6.6K,,,,,0.882,,,
2026-09-29T22:24:22+00:00,mlb,props_k,Cam Schlittler Over 4.5 K,0.772,,,,,0,,W,2026.09.27.1,2026-09-29|mlb|props_k|Cam Schlittler Over 4.5 K,2026-09-29,4cb76cceb16eb603c683038d132f4642,Boston Red Sox @ New York Yankees,2026-09-30T00:10:00Z,Cam Schlittler,4.5,5,0.772,,informatif,1.295,,,ladder · proj 6.6K,,,,,0.772,,,
2026-09-29T22:24:22+00:00,mlb,props_k,Cam Schlittler Over 5.5 K,0.633,,,,,0,,W,2026.09.27.1,2026-09-29|mlb|props_k|Cam Schlittler Over 5.5 K,2026-09-29,4cb76cceb16eb603c683038d132f4642,Boston Red Sox @ New York Yankees,2026-09-30T00:10:00Z,Cam Schlittler,5.5,6,0.633,,informatif,1.58,,,ladder · proj 6.6K,,,,,0.633,,,
2026-09-29T22:24:22+00:00,mlb,props_k,Cam Schlittler Over 6.5 K,0.484,,,,,0,,W,2026.09.27.1,2026-09-29|mlb|props_k|Cam Schlittler Over 6.5 K,2026-09-29,4cb76cceb16eb603c683038d132f4642,Boston Red Sox @ New York Yankees,2026-09-30T00:10:00Z,Cam Schlittler,6.5,7,0.484,,informatif,2.066,,,ladder · proj 6.6K,,,,,0.484,,,
2026-09-29T22:24:22+00:00,mlb,props_k,Cam Schlittler Over 7.5 K,0.345,,,,,0,,W,2026.09.27.1,2026-09-29|mlb|props_k|Cam Schlittler Over 7.5 K,2026-09-29,4cb76cceb16eb603c683038d132f4642,Boston Red Sox @ New York Yankees,2026-09-30T00:10:00Z,Cam Schlittler,7.5,8,0.345,,informatif,2.899,,,ladder · proj 6.6K,,,,,0.345,,,
2026-09-29T22:24:22+00:00,mlb,props_k,Cam Schlittler Over 8.5 K,0.229,,,,,0,,W,2026.09.27.1,2026-09-29|mlb|props_k|Cam Schlittler Over 8.5 K,2026-09-29,4cb76cceb16eb603c683038d132f4642,Boston Red Sox @ New York Yankees,2026-09-30T00:10:00Z,Cam Schlittler,8.5,9,0.229,,informatif,4.367,,,ladder · proj 6.6K,,,,,0.229,,,
2026-09-29T22:24:22+00:00,mlb,props_k,Cam Schlittler Over 9.5 K,0.143,,,,,0,,W,2026.09.27.1,2026-09-29|mlb|props_k|Cam Schlittler Over 9.5 K,2026-09-29,4cb76cceb16eb603c683038d132f4642,Boston Red Sox @ New York Yankees,2026-09-30T00:10:00Z,Cam Schlittler,9.5,10,0.143,,informatif,6.993,,,ladder · proj 6.6K,,,,,0.143,,,
2026-09-29T22:24:22+00:00,mlb,props_k,Payton Tolle Over 2.5 K,0.958,,,,,0,,W,2026.09.27.1,2026-09-29|mlb|props_k|Payton Tolle Over 2.5 K,2026-09-29,4cb76cceb16eb603c683038d132f4642,Boston Red Sox @ New York Yankees,2026-09-30T00:10:00Z,Payton Tolle,2.5,3,0.958,,informatif,1.044,,,ladder · proj 6.8K,,,,,0.958,,,
2026-09-29T22:24:22+00:00,mlb,props_k,Payton Tolle Over 3.5 K,0.894,,,,,0,,W,2026.09.27.1,2026-09-29|mlb|props_k|Payton Tolle Over 3.5 K,2026-09-29,4cb76cceb16eb603c683038d132f4642,Boston Red Sox @ New York Yankees,2026-09-30T00:10:00Z,Payton Tolle,3.5,4,0.894,,informatif,1.119,,,ladder · proj 6.8K,,,,,0.894,,,
2026-09-29T22:24:22+00:00,mlb,props_k,Payton Tolle Over 4.5 K,0.792,,,,,0,,L,2026.09.27.1,2026-09-29|mlb|props_k|Payton Tolle Over 4.5 K,2026-09-29,4cb76cceb16eb603c683038d132f4642,Boston Red Sox @ New York Yankees,2026-09-30T00:10:00Z,Payton Tolle,4.5,5,0.792,,informatif,1.263,,,ladder · proj 6.8K,,,,,0.792,,,
2026-09-29T22:24:22+00:00,mlb,props_k,Payton Tolle Over 5.5 K,0.659,,,,,0,,L,2026.09.27.1,2026-09-29|mlb|props_k|Payton Tolle Over 5.5 K,2026-09-29,4cb76cceb16eb603c683038d132f4642,Boston Red Sox @ New York Yankees,2026-09-30T00:10:00Z,Payton Tolle,5.5,6,0.659,,informatif,1.517,,,ladder · proj 6.8K,,,,,0.659,,,
2026-09-29T22:24:22+00:00,mlb,props_k,Payton Tolle Over 6.5 K,0.513,,,,,0,,L,2026.09.27.1,2026-09-29|mlb|props_k|Payton Tolle Over 6.5 K,2026-09-29,4cb76cceb16eb603c683038d132f4642,Boston Red Sox @ New York Yankees,2026-09-30T00:10:00Z,Payton Tolle,6.5,7,0.513,,informatif,1.949,,,ladder · proj 6.8K,,,,,0.513,,,
2026-09-29T22:24:22+00:00,mlb,props_k,Payton Tolle Over 7.5 K,0.373,,,,,0,,L,2026.09.27.1,2026-09-29|mlb|props_k|Payton Tolle Over 7.5 K,2026-09-29,4cb76cceb16eb603c683038d132f4642,Boston Red Sox @ New York Yankees,2026-09-30T00:10:00Z,Payton Tolle,7.5,8,0.373,,informatif,2.681,,,ladder · proj 6.8K,,,,,0.373,,,
2026-09-29T22:24:22+00:00,mlb,props_k,Payton Tolle Over 8.5 K,0.253,,,,,0,,L,2026.09.27.1,2026-09-29|mlb|props_k|Payton Tolle Over 8.5 K,2026-09-29,4cb76cceb16eb603c683038d132f4642,Boston Red Sox @ New York Yankees,2026-09-30T00:10:00Z,Payton Tolle,8.5,9,0.253,,informatif,3.953,,,ladder · proj 6.8K,,,,,0.253,,,
2026-09-29T22:24:22+00:00,mlb,props_k,Payton Tolle Over 9.5 K,0.161,,,,,0,,L,2026.09.27.1,2026-09-29|mlb|props_k|Payton Tolle Over 9.5 K,2026-09-29,4cb76cceb16eb603c683038d132f4642,Boston Red Sox @ New York Yankees,2026-09-30T00:10:00Z,Payton Tolle,9.5,10,0.161,,informatif,6.211,,,ladder · proj 6.8K,,,,,0.161,,,
2026-09-29T22:24:40+00:00,mlb,props_k,Michael King Over 2.5 K,0.803,,,,,0,,W,2026.09.27.1,2026-09-29|mlb|props_k|Michael King Over 2.5 K,2026-09-29,98adc841e3aababc93878e3cf743a2d4,Chicago Cubs @ San Diego Padres,2026-09-30T02:10:00Z,Michael King,2.5,3,0.803,,informatif,1.245,,,ladder · proj 4.39K,,,,,0.803,,,
2026-09-29T22:24:40+00:00,mlb,props_k,Michael King Over 3.5 K,0.63,,,,,0,,W,2026.09.27.1,2026-09-29|mlb|props_k|Michael King Over 3.5 K,2026-09-29,98adc841e3aababc93878e3cf743a2d4,Chicago Cubs @ San Diego Padres,2026-09-30T02:10:00Z,Michael King,3.5,4,0.63,,informatif,1.587,,,ladder · proj 4.39K,,,,,0.63,,,
2026-09-29T22:24:40+00:00,mlb,props_k,Michael King Over 4.5 K,0.444,,,,,0,,W,2026.09.27.1,2026-09-29|mlb|props_k|Michael King Over 4.5 K,2026-09-29,98adc841e3aababc93878e3cf743a2d4,Chicago Cubs @ San Diego Padres,2026-09-30T02:10:00Z,Michael King,4.5,5,0.444,,informatif,2.252,,,ladder · proj 4.39K,,,,,0.444,,,
2026-09-29T22:24:40+00:00,mlb,props_k,Michael King Over 5.5 K,0.282,,,,,0,,W,2026.09.27.1,2026-09-29|mlb|props_k|Michael King Over 5.5 K,2026-09-29,98adc841e3aababc93878e3cf743a2d4,Chicago Cubs @ San Diego Padres,2026-09-30T02:10:00Z,Michael King,5.5,6,0.282,,informatif,3.546,,,ladder · proj 4.39K,,,,,0.282,,,
2026-09-29T22:24:40+00:00,mlb,props_k,Michael King Over 6.5 K,0.162,,,,,0,,W,2026.09.27.1,2026-09-29|mlb|props_k|Michael King Over 6.5 K,2026-09-29,98adc841e3aababc93878e3cf743a2d4,Chicago Cubs @ San Diego Padres,2026-09-30T02:10:00Z,Michael King,6.5,7,0.162,,informatif,6.173,,,ladder · proj 4.39K,,,,,0.162,,,
2026-09-29T22:24:40+00:00,mlb,props_k,Michael King Over 7.5 K,0.085,,,,,0,,W,2026.09.27.1,2026-09-29|mlb|props_k|Michael King Over 7.5 K,2026-09-29,98adc841e3aababc93878e3cf743a2d4,Chicago Cubs @ San Diego Padres,2026-09-30T02:10:00Z,Michael King,7.5,8,0.085,,informatif,11.765,,,ladder · proj 4.39K,,,,,0.085,,,
2026-09-29T22:24:40+00:00,mlb,props_k,Michael King Over 8.5 K,0.041,,,,,0,,L,2026.09.27.1,2026-09-29|mlb|props_k|Michael King Over 8.5 K,2026-09-29,98adc841e3aababc93878e3cf743a2d4,Chicago Cubs @ San Diego Padres,2026-09-30T02:10:00Z,Michael King,8.5,9,0.041,,informatif,24.39,,,ladder · proj 4.39K,,,,,0.041,,,
2026-09-29T22:24:40+00:00,mlb,props_k,Michael King Over 9.5 K,0.018,,,,,0,,L,2026.09.27.1,2026-09-29|mlb|props_k|Michael King Over 9.5 K,2026-09-29,98adc841e3aababc93878e3cf743a2d4,Chicago Cubs @ San Diego Padres,2026-09-30T02:10:00Z,Michael King,9.5,10,0.018,,informatif,55.556,,,ladder · proj 4.39K,,,,,0.018,,,
2026-09-29T22:24:40+00:00,mlb,props_k,Matthew Boyd Over 2.5 K,0.66,,,,,0,,W,2026.09.27.1,2026-09-29|mlb|props_k|Matthew Boyd Over 2.5 K,2026-09-29,98adc841e3aababc93878e3cf743a2d4,Chicago Cubs @ San Diego Padres,2026-09-30T02:10:00Z,Matthew Boyd,2.5,3,0.66,,informatif,1.515,,,ladder · proj 3.44K,,,,,0.66,,,
2026-09-29T22:24:40+00:00,mlb,props_k,Matthew Boyd Over 3.5 K,0.448,,,,,0,,W,2026.09.27.1,2026-09-29|mlb|props_k|Matthew Boyd Over 3.5 K,2026-09-29,98adc841e3aababc93878e3cf743a2d4,Chicago Cubs @ San Diego Padres,2026-09-30T02:10:00Z,Matthew Boyd,3.5,4,0.448,,informatif,2.232,,,ladder · proj 3.44K,,,,,0.448,,,
2026-09-29T22:24:40+00:00,mlb,props_k,Matthew Boyd Over 4.5 K,0.266,,,,,0,,L,2026.09.27.1,2026-09-29|mlb|props_k|Matthew Boyd Over 4.5 K,2026-09-29,98adc841e3aababc93878e3cf743a2d4,Chicago Cubs @ San Diego Padres,2026-09-30T02:10:00Z,Matthew Boyd,4.5,5,0.266,,informatif,3.759,,,ladder · proj 3.44K,,,,,0.266,,,
2026-09-29T22:24:40+00:00,mlb,props_k,Matthew Boyd Over 5.5 K,0.14,,,,,0,,L,2026.09.27.1,2026-09-29|mlb|props_k|Matthew Boyd Over 5.5 K,2026-09-29,98adc841e3aababc93878e3cf743a2d4,Chicago Cubs @ San Diego Padres,2026-09-30T02:10:00Z,Matthew Boyd,5.5,6,0.14,,informatif,7.143,,,ladder · proj 3.44K,,,,,0.14,,,
2026-09-29T22:24:40+00:00,mlb,props_k,Matthew Boyd Over 6.5 K,0.066,,,,,0,,L,2026.09.27.1,2026-09-29|mlb|props_k|Matthew Boyd Over 6.5 K,2026-09-29,98adc841e3aababc93878e3cf743a2d4,Chicago Cubs @ San Diego Padres,2026-09-30T02:10:00Z,Matthew Boyd,6.5,7,0.066,,informatif,15.152,,,ladder · proj 3.44K,,,,,0.066,,,
2026-09-29T22:24:40+00:00,mlb,props_k,Matthew Boyd Over 7.5 K,0.028,,,,,0,,L,2026.09.27.1,2026-09-29|mlb|props_k|Matthew Boyd Over 7.5 K,2026-09-29,98adc841e3aababc93878e3cf743a2d4,Chicago Cubs @ San Diego Padres,2026-09-30T02:10:00Z,Matthew Boyd,7.5,8,0.028,,informatif,35.714,,,ladder · proj 3.44K,,,,,0.028,,,
2026-09-29T22:24:40+00:00,mlb,props_k,Matthew Boyd Over 8.5 K,0.011,,,,,0,,L,2026.09.27.1,2026-09-29|mlb|props_k|Matthew Boyd Over 8.5 K,2026-09-29,98adc841e3aababc93878e3cf743a2d4,Chicago Cubs @ San Diego Padres,2026-09-30T02:10:00Z,Matthew Boyd,8.5,9,0.011,,informatif,90.909,,,ladder · proj 3.44K,,,,,0.011,,,
2026-09-29T22:24:40+00:00,mlb,props_k,Matthew Boyd Over 9.5 K,0.004,,,,,0,,L,2026.09.27.1,2026-09-29|mlb|props_k|Matthew Boyd Over 9.5 K,2026-09-29,98adc841e3aababc93878e3cf743a2d4,Chicago Cubs @ San Diego Padres,2026-09-30T02:10:00Z,Matthew Boyd,9.5,10,0.004,,informatif,250,,,ladder · proj 3.44K,,,,,0.004,,,
2026-09-29T22:25:08+00:00,mlb,mlb_rl,New York Yankees -1.5,0.458,0.333,,,,0,,W,2026.09.27.1,2026-09-29|mlb|mlb_rl|New York Yankees -1.5,2026-09-29,4cb76cceb16eb603c683038d132f4642,Boston Red Sox @ New York Yankees,2026-09-30T00:00:00Z,,,,,,a_saisir,2.695,,,🔥 meilleur bet,2.87,,1,,0.371,,,
2026-09-29T22:25:08+00:00,mlb,mlb_ml,New York Yankees ML,0.622,0.5464,,,,0,1.825,W,2026.09.27.1,2026-09-29|mlb|mlb_ml|New York Yankees ML,2026-09-29,4cb76cceb16eb603c683038d132f4642,Boston Red Sox @ New York Yankees,2026-09-30T00:00:00Z,,,,,,a_saisir,1.757,0.5478,,💎 no brainer,1.82,,1,-0.0027,0.569,,,
2026-09-29T22:25:08+00:00,mlb,mlb_ml,Boston Red Sox ML,0.378,0.4536,,,,0,2.212,L,2026.09.27.1,2026-09-29|mlb|mlb_ml|Boston Red Sox ML,2026-09-29,4cb76cceb16eb603c683038d132f4642,Boston Red Sox @ New York Yankees,2026-09-30T00:00:00Z,,,,,,a_saisir,2.32,0.4522,,🔴 passe,2.18,,0,-0.0145,0.431,,,
2026-09-29T22:25:08+00:00,mlb,mlb_rl,San Diego Padres -1.5,0.399,0.351,,,,0,,W,2026.09.27.1,2026-09-29|mlb|mlb_rl|San Diego Padres -1.5,2026-09-29,98adc841e3aababc93878e3cf743a2d4,Chicago Cubs @ San Diego Padres,2026-09-30T02:00:00Z,,,,,,a_saisir,2.74,,,🔴 passe,2.73,,0,,0.365,,,
2026-09-29T22:25:08+00:00,mlb,mlb_ml,Chicago Cubs ML,0.454,0.4562,,,,0,,L,2026.09.27.1,2026-09-29|mlb|mlb_ml|Chicago Cubs ML,2026-09-29,98adc841e3aababc93878e3cf743a2d4,Chicago Cubs @ San Diego Padres,2026-09-30T02:00:00Z,,,,,,a_saisir,2.198,,,🔴 passe,2.18,,0,,0.455,,,
2026-09-29T22:25:08+00:00,mlb,mlb_ml,San Diego Padres ML,0.546,0.5438,,,,0,,W,2026.09.27.1,2026-09-29|mlb|mlb_ml|San Diego Padres ML,2026-09-29,98adc841e3aababc93878e3cf743a2d4,Chicago Cubs @ San Diego Padres,2026-09-30T02:00:00Z,,,,,,a_saisir,1.835,,,🔴 passe,1.81,,0,,0.545,,,
2026-09-29T22:25:08+00:00,nhl,nhl_ml,Toronto Maple Leafs ML,0.4432,0.4974,,,,0,,VOID,2026.09.27.1,2026-09-29|nhl|nhl_ml|Toronto Maple Leafs ML,2026-09-29,485b295347cb22f002e014cb87813ed7,Montréal Canadiens @ Toronto Maple Leafs,2026-09-29T23:10:00Z,,,,,,a_saisir,2.078,,,melange w=0.3,,,,,0.4811,,,
2026-09-29T22:25:08+00:00,nhl,nhl_ml,Montréal Canadiens ML,0.5568,0.5026,,,,0,,VOID,2026.09.27.1,2026-09-29|nhl|nhl_ml|Montréal Canadiens ML,2026-09-29,485b295347cb22f002e014cb87813ed7,Montréal Canadiens @ Toronto Maple Leafs,2026-09-29T23:10:00Z,,,,,,a_saisir,1.927,,,melange w=0.3,,,,,0.5189,,,
2026-09-29T22:25:08+00:00,nhl,nhl_puck,Toronto Maple Leafs -1.5,0.2824,0.2857,,,,0,,VOID,2026.09.27.1,2026-09-29|nhl|nhl_puck|Toronto Maple Leafs -1.5,2026-09-29,485b295347cb22f002e014cb87813ed7,Montréal Canadiens @ Toronto Maple Leafs,2026-09-29T23:10:00Z,,,,,,a_saisir,3.512,,,melange w=0.3,,,,,0.2847,,,
2026-09-29T22:25:08+00:00,nhl,nhl_puck,Montréal Canadiens +1.5,0.7176,0.7143,,,,0,,VOID,2026.09.27.1,2026-09-29|nhl|nhl_puck|Montréal Canadiens +1.5,2026-09-29,485b295347cb22f002e014cb87813ed7,Montréal Canadiens @ Toronto Maple Leafs,2026-09-29T23:10:00Z,,,,,,a_saisir,1.398,,,melange w=0.3,,,,,0.7153,,,
2026-09-29T22:25:08+00:00,nhl,nhl_puck,Montréal Canadiens -1.5,0.3905,0.2866,,,,0,,VOID,2026.09.27.1,2026-09-29|nhl|nhl_puck|Montréal Canadiens -1.5,2026-09-29,485b295347cb22f002e014cb87813ed7,Montréal Canadiens @ Toronto Maple Leafs,2026-09-29T23:10:00Z,,,,,,a_saisir,3.147,,,melange w=0.3,,,,,0.3178,,,
2026-09-29T22:25:08+00:00,nhl,nhl_puck,Toronto Maple Leafs +1.5,0.6095,0.7134,,,,0,,VOID,2026.09.27.1,2026-09-29|nhl|nhl_puck|Toronto Maple Leafs +1.5,2026-09-29,485b295347cb22f002e014cb87813ed7,Montréal Canadiens @ Toronto Maple Leafs,2026-09-29T23:10:00Z,,,,,,a_saisir,1.466,,,melange w=0.3,,,,,0.6822,,,
2026-09-29T22:25:08+00:00,nhl,nhl_total,Over 5.5,0.5203,0.5515,,,,0,,VOID,2026.09.27.1,2026-09-29|nhl|nhl_total|Over 5.5,2026-09-29,deceabd9bfa9fdbfb352546844ecee9b,Chicago Blackhawks @ Vegas Golden Knights,2026-09-30T02:40:00Z,,,,,,a_saisir,1.845,,,melange w=0.3,,,,,0.5421,,,
2026-09-29T22:25:08+00:00,nhl,nhl_total,Under 5.5,0.4797,0.4485,,,,0,,VOID,2026.09.27.1,2026-09-29|nhl|nhl_total|Under 5.5,2026-09-29,deceabd9bfa9fdbfb352546844ecee9b,Chicago Blackhawks @ Vegas Golden Knights,2026-09-30T02:40:00Z,,,,,,a_saisir,2.184,,,melange w=0.3,,,,,0.4579,,,
2026-09-29T22:25:08+00:00,nhl,nhl_total,Over 6.5,0.4073,,,,,0,,VOID,2026.09.27.1,2026-09-29|nhl|nhl_total|Over 6.5,2026-09-29,deceabd9bfa9fdbfb352546844ecee9b,Chicago Blackhawks @ Vegas Golden Knights,2026-09-30T02:40:00Z,,,,,,a_saisir,2.455,,,modele seul (pas de marche),,,,,0.4073,,,
2026-09-29T22:25:08+00:00,nhl,nhl_total,Under 6.5,0.5927,,,,,0,,VOID,2026.09.27.1,2026-09-29|nhl|nhl_total|Under 6.5,2026-09-29,deceabd9bfa9fdbfb352546844ecee9b,Chicago Blackhawks @ Vegas Golden Knights,2026-09-30T02:40:00Z,,,,,,a_saisir,1.687,,,modele seul (pas de marche),,,,,0.5927,,,
2026-09-29T22:25:08+00:00,nhl,nhl_ml,Vegas Golden Knights ML,0.6561,0.7049,,,,0,,VOID,2026.09.27.1,2026-09-29|nhl|nhl_ml|Vegas Golden Knights ML,2026-09-29,deceabd9bfa9fdbfb352546844ecee9b,Chicago Blackhawks @ Vegas Golden Knights,2026-09-30T02:40:00Z,,,,,,a_saisir,1.449,,,melange w=0.3,,,,,0.6903,,,
2026-09-29T22:25:08+00:00,nhl,nhl_ml,Chicago Blackhawks ML,0.3439,0.2951,,,,0,,VOID,2026.09.27.1,2026-09-29|nhl|nhl_ml|Chicago Blackhawks ML,2026-09-29,deceabd9bfa9fdbfb352546844ecee9b,Chicago Blackhawks @ Vegas Golden Knights,2026-09-30T02:40:00Z,,,,,,a_saisir,3.229,,,melange w=0.3,,,,,0.3097,,,
2026-09-29T22:25:08+00:00,nhl,nhl_puck,Vegas Golden Knights -1.5,0.4818,0.4683,,,,0,,VOID,2026.09.27.1,2026-09-29|nhl|nhl_puck|Vegas Golden Knights -1.5,2026-09-29,deceabd9bfa9fdbfb352546844ecee9b,Chicago Blackhawks @ Vegas Golden Knights,2026-09-30T02:40:00Z,,,,,,a_saisir,2.117,,,melange w=0.3,,,,,0.4724,,,
2026-09-29T22:25:08+00:00,nhl,nhl_puck,Chicago Blackhawks +1.5,0.5182,0.5317,,,,0,,VOID,2026.09.27.1,2026-09-29|nhl|nhl_puck|Chicago Blackhawks +1.5,2026-09-29,deceabd9bfa9fdbfb352546844ecee9b,Chicago Blackhawks @ Vegas Golden Knights,2026-09-30T02:40:00Z,,,,,,a_saisir,1.895,,,melange w=0.3,,,,,0.5276,,,
2026-09-29T22:25:08+00:00,nhl,nhl_puck,Chicago Blackhawks -1.5,0.2008,,,,,0,,VOID,2026.09.27.1,2026-09-29|nhl|nhl_puck|Chicago Blackhawks -1.5,2026-09-29,deceabd9bfa9fdbfb352546844ecee9b,Chicago Blackhawks @ Vegas Golden Knights,2026-09-30T02:40:00Z,,,,,,a_saisir,4.98,,,modele seul (pas de marche),,,,,0.2008,,,
2026-09-29T22:25:08+00:00,nhl,nhl_puck,Vegas Golden Knights +1.5,0.7992,,,,,0,,VOID,2026.09.27.1,2026-09-29|nhl|nhl_puck|Vegas Golden Knights +1.5,2026-09-29,deceabd9bfa9fdbfb352546844ecee9b,Chicago Blackhawks @ Vegas Golden Knights,2026-09-30T02:40:00Z,,,,,,a_saisir,1.251,,,modele seul (pas de marche),,,,,0.7992,,,
2026-09-29T22:25:08+00:00,nfl,nfl_ml,Cleveland Browns ML,0.4261,0.4261,,,,0,,W,2026.09.27.1,2026-10-01|nfl|nfl_ml|Cleveland Browns ML,2026-10-01,d55cb69fed50a09170560b5b75d8de86,Pittsburgh Steelers @ Cleveland Browns,2026-10-02T00:15:00Z,,,,,,a_saisir,2.347,,,pinnacle (shin),,,,,0.4261,,,
2026-09-29T22:25:08+00:00,nfl,nfl_ml,Pittsburgh Steelers ML,0.5739,0.5739,,,,0,,L,2026.09.27.1,2026-10-01|nfl|nfl_ml|Pittsburgh Steelers ML,2026-10-01,d55cb69fed50a09170560b5b75d8de86,Pittsburgh Steelers @ Cleveland Browns,2026-10-02T00:15:00Z,,,,,,a_saisir,1.742,,,pinnacle (shin),,,,,0.5739,,,
2026-09-29T22:25:08+00:00,nfl,nfl_spread,Cleveland Browns +2.5,0.484,0.484,,,,0,,W,2026.09.27.1,2026-10-01|nfl|nfl_spread|Cleveland Browns +2.5,2026-10-01,d55cb69fed50a09170560b5b75d8de86,Pittsburgh Steelers @ Cleveland Browns,2026-10-02T00:15:00Z,,,,,,a_saisir,2.066,,,pinnacle (shin),,,,,0.484,,,
2026-09-29T22:25:08+00:00,nfl,nfl_spread,Pittsburgh Steelers -2.5,0.516,0.516,,,,0,,L,2026.09.27.1,2026-10-01|nfl|nfl_spread|Pittsburgh Steelers -2.5,2026-10-01,d55cb69fed50a09170560b5b75d8de86,Pittsburgh Steelers @ Cleveland Browns,2026-10-02T00:15:00Z,,,,,,a_saisir,1.938,,,pinnacle (shin),,,,,0.516,,,
2026-09-29T22:25:08+00:00,nfl,nfl_total,Over 38,0.5174,0.5174,,,,0,,W,2026.09.27.1,2026-10-01|nfl|nfl_total|Over 38,2026-10-01,d55cb69fed50a09170560b5b75d8de86,Pittsburgh Steelers @ Cleveland Browns,2026-10-02T00:15:00Z,,,,,,a_saisir,1.933,,,pinnacle (shin),,,,,0.5174,,,
2026-09-29T22:25:08+00:00,nfl,nfl_total,Under 38,0.4826,0.4826,,,,0,,L,2026.09.27.1,2026-10-01|nfl|nfl_total|Under 38,2026-10-01,d55cb69fed50a09170560b5b75d8de86,Pittsburgh Steelers @ Cleveland Browns,2026-10-02T00:15:00Z,,,,,,a_saisir,2.072,,,pinnacle (shin),,,,,0.4826,,,
2026-09-29T22:25:08+00:00,nfl,nfl_total,Over 38.5,0.5,0.5,,,,0,,W,2026.09.27.1,2026-10-01|nfl|nfl_total|Over 38.5,2026-10-01,d55cb69fed50a09170560b5b75d8de86,Pittsburgh Steelers @ Cleveland Browns,2026-10-02T00:15:00Z,,,,,,a_saisir,2,,,"mediane sharp shin (lowvig, betonlineag)",,,,,0.5,,,
2026-09-29T22:25:08+00:00,nfl,nfl_total,Under 38.5,0.5,0.5,,,,0,,L,2026.09.27.1,2026-10-01|nfl|nfl_total|Under 38.5,2026-10-01,d55cb69fed50a09170560b5b75d8de86,Pittsburgh Steelers @ Cleveland Browns,2026-10-02T00:15:00Z,,,,,,a_saisir,2,,,"mediane sharp shin (lowvig, betonlineag)",,,,,0.5,,,
2026-10-02T16:38:37+00:00,nfl,nfl_ml,Washington Commanders ML,0.3519,0.3519,,,,0,,L,2026.09.30.1,2026-10-04|nfl|nfl_ml|Washington Commanders ML,2026-10-04,c9d8ed8aa4889486eaf10a630138ede0,Indianapolis Colts @ Washington Commanders,2026-10-04T13:30:00Z,,,,,,a_saisir,2.842,,,pinnacle (shin),,,,,0.3519,,,
2026-10-02T16:38:37+00:00,nfl,nfl_ml,Indianapolis Colts ML,0.6481,0.6481,,,,0,,W,2026.09.30.1,2026-10-04|nfl|nfl_ml|Indianapolis Colts ML,2026-10-04,c9d8ed8aa4889486eaf10a630138ede0,Indianapolis Colts @ Washington Commanders,2026-10-04T13:30:00Z,,,,,,a_saisir,1.543,,,pinnacle (shin),,,,,0.6481,,,
2026-09-29T22:25:08+00:00,nfl,nfl_spread,Washington Commanders +3.5,0.496,0.496,,,,0,,L,2026.09.27.1,2026-10-04|nfl|nfl_spread|Washington Commanders +3.5,2026-10-04,c9d8ed8aa4889486eaf10a630138ede0,Indianapolis Colts @ Washington Commanders,2026-10-04T13:30:00Z,,,,,,a_saisir,2.016,,,pinnacle (shin),,,,,0.496,,,
2026-09-29T22:25:08+00:00,nfl,nfl_spread,Indianapolis Colts -3.5,0.504,0.504,,,,0,,W,2026.09.27.1,2026-10-04|nfl|nfl_spread|Indianapolis Colts -3.5,2026-10-04,c9d8ed8aa4889486eaf10a630138ede0,Indianapolis Colts @ Washington Commanders,2026-10-04T13:30:00Z,,,,,,a_saisir,1.984,,,pinnacle (shin),,,,,0.504,,,
2026-09-29T22:25:08+00:00,nfl,nfl_total,Over 47,0.5067,0.5067,,,,0,,L,2026.09.27.1,2026-10-04|nfl|nfl_total|Over 47,2026-10-04,c9d8ed8aa4889486eaf10a630138ede0,Indianapolis Colts @ Washington Commanders,2026-10-04T13:30:00Z,,,,,,a_saisir,1.974,,,pinnacle (shin),,,,,0.5067,,,
2026-09-29T22:25:08+00:00,nfl,nfl_total,Under 47,0.4933,0.4933,,,,0,,W,2026.09.27.1,2026-10-04|nfl|nfl_total|Under 47,2026-10-04,c9d8ed8aa4889486eaf10a630138ede0,Indianapolis Colts @ Washington Commanders,2026-10-04T13:30:00Z,,,,,,a_saisir,2.027,,,pinnacle (shin),,,,,0.4933,,,
2026-10-04T13:44:52+00:00,nfl,nfl_ml,New York Giants ML,0.4416,0.4416,,,,0,,,2026.09.30.1,2026-10-04|nfl|nfl_ml|New York Giants ML,2026-10-04,664e6bda5721dc63be16bcf7d962a436,Arizona Cardinals @ New York Giants,2026-10-04T17:00:00Z,,,,,,a_saisir,2.264,,,pinnacle (shin),,,,,0.4416,,,
2026-10-04T13:44:52+00:00,nfl,nfl_ml,Arizona Cardinals ML,0.5584,0.5584,,,,0,,,2026.09.30.1,2026-10-04|nfl|nfl_ml|Arizona Cardinals ML,2026-10-04,664e6bda5721dc63be16bcf7d962a436,Arizona Cardinals @ New York Giants,2026-10-04T17:00:00Z,,,,,,a_saisir,1.791,,,pinnacle (shin),,,,,0.5584,,,
2026-09-29T22:25:08+00:00,nfl,nfl_spread,New York Giants +1,0.4801,0.4801,,,,0,,,2026.09.27.1,2026-10-04|nfl|nfl_spread|New York Giants +1,2026-10-04,664e6bda5721dc63be16bcf7d962a436,Arizona Cardinals @ New York Giants,2026-10-04T17:00:00Z,,,,,,a_saisir,2.083,,,pinnacle (shin),,,,,0.4801,,,
2026-09-29T22:25:08+00:00,nfl,nfl_spread,Arizona Cardinals -1,0.5199,0.5199,,,,0,,,2026.09.27.1,2026-10-04|nfl|nfl_spread|Arizona Cardinals -1,2026-10-04,664e6bda5721dc63be16bcf7d962a436,Arizona Cardinals @ New York Giants,2026-10-04T17:00:00Z,,,,,,a_saisir,1.923,,,pinnacle (shin),,,,,0.5199,,,
2026-10-04T13:44:52+00:00,nfl,nfl_total,Over 44.5,0.5,0.5,,,,0,,,2026.09.30.1,2026-10-04|nfl|nfl_total|Over 44.5,2026-10-04,664e6bda5721dc63be16bcf7d962a436,Arizona Cardinals @ New York Giants,2026-10-04T17:00:00Z,,,,,,a_saisir,2,,,pinnacle (shin),,,,,0.5,,,
2026-10-04T13:44:52+00:00,nfl,nfl_total,Under 44.5,0.5,0.5,,,,0,,,2026.09.30.1,2026-10-04|nfl|nfl_total|Under 44.5,2026-10-04,664e6bda5721dc63be16bcf7d962a436,Arizona Cardinals @ New York Giants,2026-10-04T17:00:00Z,,,,,,a_saisir,2,,,pinnacle (shin),,,,,0.5,,,
2026-10-04T13:44:52+00:00,nfl,nfl_ml,Baltimore Ravens ML,0.8616,0.8616,,,,0,,,2026.09.30.1,2026-10-04|nfl|nfl_ml|Baltimore Ravens ML,2026-10-04,f01589b0e7e6dd4f4ac1220a1db81f53,Tennessee Titans @ Baltimore Ravens,2026-10-04T17:00:00Z,,,,,,a_saisir,1.161,,,pinnacle (shin),,,,,0.8616,,,
2026-10-04T13:44:52+00:00,nfl,nfl_ml,Tennessee Titans ML,0.1384,0.1384,,,,0,,,2026.09.30.1,2026-10-04|nfl|nfl_ml|Tennessee Titans ML,2026-10-04,f01589b0e7e6dd4f4ac1220a1db81f53,Tennessee Titans @ Baltimore Ravens,2026-10-04T17:00:00Z,,,,,,a_saisir,7.225,,,pinnacle (shin),,,,,0.1384,,,
2026-10-04T13:44:52+00:00,nfl,nfl_spread,Baltimore Ravens -11.5,0.4974,0.4974,,,,0,,,2026.09.30.1,2026-10-04|nfl|nfl_spread|Baltimore Ravens -11.5,2026-10-04,f01589b0e7e6dd4f4ac1220a1db81f53,Tennessee Titans @ Baltimore Ravens,2026-10-04T17:00:00Z,,,,,,a_saisir,2.01,,,pinnacle (shin),,,,,0.4974,,,
2026-10-04T13:44:52+00:00,nfl,nfl_spread,Tennessee Titans +11.5,0.5026,0.5026,,,,0,,,2026.09.30.1,2026-10-04|nfl|nfl_spread|Tennessee Titans +11.5,2026-10-04,f01589b0e7e6dd4f4ac1220a1db81f53,Tennessee Titans @ Baltimore Ravens,2026-10-04T17:00:00Z,,,,,,a_saisir,1.99,,,pinnacle (shin),,,,,0.5026,,,
2026-10-02T16:38:37+00:00,nfl,nfl_total,Over 43.5,0.4799,0.4799,,,,0,,,2026.09.30.1,2026-10-04|nfl|nfl_total|Over 43.5,2026-10-04,1b4f2e60ce83fa1d63a5dff83769d27c,Los Angeles Rams @ Philadelphia Eagles,2026-10-04T17:00:00Z,,,,,,a_saisir,2.084,,,pinnacle (shin),,,,,0.4799,,,
2026-10-02T16:38:37+00:00,nfl,nfl_total,Under 43.5,0.5201,0.5201,,,,0,,,2026.09.30.1,2026-10-04|nfl|nfl_total|Under 43.5,2026-10-04,1b4f2e60ce83fa1d63a5dff83769d27c,Los Angeles Rams @ Philadelphia Eagles,2026-10-04T17:00:00Z,,,,,,a_saisir,1.923,,,pinnacle (shin),,,,,0.5201,,,
2026-10-04T13:44:52+00:00,nfl,nfl_ml,Buffalo Bills ML,0.7378,0.7378,,,,0,,,2026.09.30.1,2026-10-04|nfl|nfl_ml|Buffalo Bills ML,2026-10-04,573cc0ef39631a4f6673ec843a8bedd4,New England Patriots @ Buffalo Bills,2026-10-04T17:00:00Z,,,,,,a_saisir,1.355,,,pinnacle (shin),,,,,0.7378,,,
2026-10-04T13:44:52+00:00,nfl,nfl_ml,New England Patriots ML,0.2622,0.2622,,,,0,,,2026.09.30.1,2026-10-04|nfl|nfl_ml|New England Patriots ML,2026-10-04,573cc0ef39631a4f6673ec843a8bedd4,New England Patriots @ Buffalo Bills,2026-10-04T17:00:00Z,,,,,,a_saisir,3.814,,,pinnacle (shin),,,,,0.2622,,,
2026-09-29T22:25:08+00:00,nfl,nfl_spread,Buffalo Bills -6.5,0.511,0.511,,,,0,,,2026.09.27.1,2026-10-04|nfl|nfl_spread|Buffalo Bills -6.5,2026-10-04,573cc0ef39631a4f6673ec843a8bedd4,New England Patriots @ Buffalo Bills,2026-10-04T17:00:00Z,,,,,,a_saisir,1.957,,,mediane sharp shin (betonlineag),,,,,0.511,,,
2026-09-29T22:25:08+00:00,nfl,nfl_spread,New England Patriots +6.5,0.489,0.489,,,,0,,,2026.09.27.1,2026-10-04|nfl|nfl_spread|New England Patriots +6.5,2026-10-04,573cc0ef39631a4f6673ec843a8bedd4,New England Patriots @ Buffalo Bills,2026-10-04T17:00:00Z,,,,,,a_saisir,2.045,,,mediane sharp shin (betonlineag),,,,,0.489,,,
2026-10-04T13:44:52+00:00,nfl,nfl_spread,Buffalo Bills -7,0.4724,0.4724,,,,0,,,2026.09.30.1,2026-10-04|nfl|nfl_spread|Buffalo Bills -7,2026-10-04,573cc0ef39631a4f6673ec843a8bedd4,New England Patriots @ Buffalo Bills,2026-10-04T17:00:00Z,,,,,,a_saisir,2.117,,,pinnacle (shin),,,,,0.4724,,,
2026-10-04T13:44:52+00:00,nfl,nfl_spread,New England Patriots +7,0.5276,0.5276,,,,0,,,2026.09.30.1,2026-10-04|nfl|nfl_spread|New England Patriots +7,2026-10-04,573cc0ef39631a4f6673ec843a8bedd4,New England Patriots @ Buffalo Bills,2026-10-04T17:00:00Z,,,,,,a_saisir,1.895,,,pinnacle (shin),,,,,0.5276,,,
2026-10-04T13:44:52+00:00,nfl,nfl_total,Over 48.5,0.4973,0.4973,,,,0,,,2026.09.30.1,2026-10-04|nfl|nfl_total|Over 48.5,2026-10-04,a7e7efb75a9792ac63480ae6328dca18,Denver Broncos @ San Francisco 49ers,2026-10-04T20:25:00Z,,,,,,a_saisir,2.011,,,pinnacle (shin),,,,,0.4973,,,
2026-10-04T13:44:52+00:00,nfl,nfl_total,Under 48.5,0.5027,0.5027,,,,0,,,2026.09.30.1,2026-10-04|nfl|nfl_total|Under 48.5,2026-10-04,a7e7efb75a9792ac63480ae6328dca18,Denver Broncos @ San Francisco 49ers,2026-10-04T20:25:00Z,,,,,,a_saisir,1.989,,,pinnacle (shin),,,,,0.5027,,,
2026-10-04T13:44:52+00:00,nfl,nfl_total,Over 49,0.4867,0.4867,,,,0,,,2026.09.30.1,2026-10-04|nfl|nfl_total|Over 49,2026-10-04,daf55e2df5341c007fee5a0fc5bbc2d4,Dallas Cowboys @ Houston Texans,2026-10-04T17:00:00Z,,,,,,a_saisir,2.055,,,pinnacle (shin),,,,,0.4867,,,
2026-10-04T13:44:52+00:00,nfl,nfl_total,Under 49,0.5133,0.5133,,,,0,,,2026.09.30.1,2026-10-04|nfl|nfl_total|Under 49,2026-10-04,daf55e2df5341c007fee5a0fc5bbc2d4,Dallas Cowboys @ Houston Texans,2026-10-04T17:00:00Z,,,,,,a_saisir,1.948,,,pinnacle (shin),,,,,0.5133,,,
2026-10-04T13:44:52+00:00,nfl,nfl_ml,Chicago Bears ML,0.6444,0.6444,,,,0,,,2026.09.30.1,2026-10-04|nfl|nfl_ml|Chicago Bears ML,2026-10-04,164e6eb68f31bac190381903c3cccd31,New York Jets @ Chicago Bears,2026-10-04T17:00:00Z,,,,,,a_saisir,1.552,,,pinnacle (shin),,,,,0.6444,,,
2026-10-04T13:44:52+00:00,nfl,nfl_ml,New York Jets ML,0.3556,0.3556,,,,0,,,2026.09.30.1,2026-10-04|nfl|nfl_ml|New York Jets ML,2026-10-04,164e6eb68f31bac190381903c3cccd31,New York Jets @ Chicago Bears,2026-10-04T17:00:00Z,,,,,,a_saisir,2.812,,,pinnacle (shin),,,,,0.3556,,,
2026-10-02T16:38:37+00:00,nfl,nfl_spread,Chicago Bears -3,0.5473,0.5473,,,,0,,,2026.09.30.1,2026-10-04|nfl|nfl_spread|Chicago Bears -3,2026-10-04,164e6eb68f31bac190381903c3cccd31,New York Jets @ Chicago Bears,2026-10-04T17:00:00Z,,,,,,a_saisir,1.827,,,pinnacle (shin),,,,,0.5473,,,
2026-10-02T16:38:37+00:00,nfl,nfl_spread,New York Jets +3,0.4527,0.4527,,,,0,,,2026.09.30.1,2026-10-04|nfl|nfl_spread|New York Jets +3,2026-10-04,164e6eb68f31bac190381903c3cccd31,New York Jets @ Chicago Bears,2026-10-04T17:00:00Z,,,,,,a_saisir,2.209,,,pinnacle (shin),,,,,0.4527,,,
2026-10-04T13:44:52+00:00,nfl,nfl_total,Over 43,0.4907,0.4907,,,,0,,,2026.09.30.1,2026-10-04|nfl|nfl_total|Over 43,2026-10-04,96d2373cda647873b971f268482bced0,Los Angeles Chargers @ Seattle Seahawks,2026-10-04T20:25:00Z,,,,,,a_saisir,2.038,,,pinnacle (shin),,,,,0.4907,,,
2026-10-04T13:44:52+00:00,nfl,nfl_total,Under 43,0.5093,0.5093,,,,0,,,2026.09.30.1,2026-10-04|nfl|nfl_total|Under 43,2026-10-04,96d2373cda647873b971f268482bced0,Los Angeles Chargers @ Seattle Seahawks,2026-10-04T20:25:00Z,,,,,,a_saisir,1.963,,,pinnacle (shin),,,,,0.5093,,,
2026-10-04T13:44:52+00:00,nfl,nfl_ml,Cincinnati Bengals ML,0.5758,0.5758,,,,0,,,2026.09.30.1,2026-10-04|nfl|nfl_ml|Cincinnati Bengals ML,2026-10-04,2ea94ddf20f66432b9024fe2e2eaba5f,Jacksonville Jaguars @ Cincinnati Bengals,2026-10-04T17:00:00Z,,,,,,a_saisir,1.737,,,pinnacle (shin),,,,,0.5758,,,
2026-10-04T13:44:52+00:00,nfl,nfl_ml,Jacksonville Jaguars ML,0.4242,0.4242,,,,0,,,2026.09.30.1,2026-10-04|nfl|nfl_ml|Jacksonville Jaguars ML,2026-10-04,2ea94ddf20f66432b9024fe2e2eaba5f,Jacksonville Jaguars @ Cincinnati Bengals,2026-10-04T17:00:00Z,,,,,,a_saisir,2.357,,,pinnacle (shin),,,,,0.4242,,,
2026-10-04T13:44:52+00:00,nfl,nfl_spread,Cincinnati Bengals -2.5,0.5184,0.5184,,,,0,,,2026.09.30.1,2026-10-04|nfl|nfl_spread|Cincinnati Bengals -2.5,2026-10-04,2ea94ddf20f66432b9024fe2e2eaba5f,Jacksonville Jaguars @ Cincinnati Bengals,2026-10-04T17:00:00Z,,,,,,a_saisir,1.929,,,pinnacle (shin),,,,,0.5184,,,
2026-10-04T13:44:52+00:00,nfl,nfl_spread,Jacksonville Jaguars +2.5,0.4816,0.4816,,,,0,,,2026.09.30.1,2026-10-04|nfl|nfl_spread|Jacksonville Jaguars +2.5,2026-10-04,2ea94ddf20f66432b9024fe2e2eaba5f,Jacksonville Jaguars @ Cincinnati Bengals,2026-10-04T17:00:00Z,,,,,,a_saisir,2.076,,,pinnacle (shin),,,,,0.4816,,,
2026-10-04T13:44:52+00:00,nfl,nfl_total,Over 51,0.5,0.5,,,,0,,,2026.09.30.1,2026-10-04|nfl|nfl_total|Over 51,2026-10-04,a73a76599a4f3422803e57bd8f61b626,Detroit Lions @ Carolina Panthers,2026-10-05T00:20:00Z,,,,,,a_saisir,2,,,"mediane sharp shin (lowvig, betonlineag)",,,,,0.5,,,
2026-10-04T13:44:52+00:00,nfl,nfl_total,Under 51,0.5,0.5,,,,0,,,2026.09.30.1,2026-10-04|nfl|nfl_total|Under 51,2026-10-04,a73a76599a4f3422803e57bd8f61b626,Detroit Lions @ Carolina Panthers,2026-10-05T00:20:00Z,,,,,,a_saisir,2,,,"mediane sharp shin (lowvig, betonlineag)",,,,,0.5,,,
2026-10-04T13:44:52+00:00,nfl,nfl_total,Over 52,0.496,0.496,,,,0,,,2026.09.30.1,2026-10-04|nfl|nfl_total|Over 52,2026-10-04,2ea94ddf20f66432b9024fe2e2eaba5f,Jacksonville Jaguars @ Cincinnati Bengals,2026-10-04T17:00:00Z,,,,,,a_saisir,2.016,,,pinnacle (shin),,,,,0.496,,,
2026-10-04T13:44:52+00:00,nfl,nfl_total,Under 52,0.504,0.504,,,,0,,,2026.09.30.1,2026-10-04|nfl|nfl_total|Under 52,2026-10-04,2ea94ddf20f66432b9024fe2e2eaba5f,Jacksonville Jaguars @ Cincinnati Bengals,2026-10-04T17:00:00Z,,,,,,a_saisir,1.984,,,pinnacle (shin),,,,,0.504,,,
2026-10-04T13:44:52+00:00,nfl,nfl_ml,Houston Texans ML,0.5929,0.5929,,,,0,,,2026.09.30.1,2026-10-04|nfl|nfl_ml|Houston Texans ML,2026-10-04,daf55e2df5341c007fee5a0fc5bbc2d4,Dallas Cowboys @ Houston Texans,2026-10-04T17:00:00Z,,,,,,a_saisir,1.687,,,pinnacle (shin),,,,,0.5929,,,
2026-10-04T13:44:52+00:00,nfl,nfl_ml,Dallas Cowboys ML,0.4071,0.4071,,,,0,,,2026.09.30.1,2026-10-04|nfl|nfl_ml|Dallas Cowboys ML,2026-10-04,daf55e2df5341c007fee5a0fc5bbc2d4,Dallas Cowboys @ Houston Texans,2026-10-04T17:00:00Z,,,,,,a_saisir,2.456,,,pinnacle (shin),,,,,0.4071,,,
2026-09-29T22:25:08+00:00,nfl,nfl_spread,Houston Texans -2.5,0.5237,0.5237,,,,0,,,2026.09.27.1,2026-10-04|nfl|nfl_spread|Houston Texans -2.5,2026-10-04,daf55e2df5341c007fee5a0fc5bbc2d4,Dallas Cowboys @ Houston Texans,2026-10-04T17:00:00Z,,,,,,a_saisir,1.909,,,pinnacle (shin),,,,,0.5237,,,
2026-09-29T22:25:08+00:00,nfl,nfl_spread,Dallas Cowboys +2.5,0.4763,0.4763,,,,0,,,2026.09.27.1,2026-10-04|nfl|nfl_spread|Dallas Cowboys +2.5,2026-10-04,daf55e2df5341c007fee5a0fc5bbc2d4,Dallas Cowboys @ Houston Texans,2026-10-04T17:00:00Z,,,,,,a_saisir,2.1,,,pinnacle (shin),,,,,0.4763,,,
2026-09-29T22:25:08+00:00,nfl,nfl_total,Over 47.5,0.5201,0.5201,,,,0,,,2026.09.27.1,2026-10-04|nfl|nfl_total|Over 47.5,2026-10-04,a7e7efb75a9792ac63480ae6328dca18,Denver Broncos @ San Francisco 49ers,2026-10-04T20:25:00Z,,,,,,a_saisir,1.923,,,pinnacle (shin),,,,,0.5201,,,
2026-09-29T22:25:08+00:00,nfl,nfl_total,Under 47.5,0.4799,0.4799,,,,0,,,2026.09.27.1,2026-10-04|nfl|nfl_total|Under 47.5,2026-10-04,a7e7efb75a9792ac63480ae6328dca18,Denver Broncos @ San Francisco 49ers,2026-10-04T20:25:00Z,,,,,,a_saisir,2.084,,,pinnacle (shin),,,,,0.4799,,,
2026-10-04T13:44:52+00:00,nfl,nfl_total,Over 48,0.4855,0.4855,,,,0,,,2026.09.30.1,2026-10-04|nfl|nfl_total|Over 48,2026-10-04,e0cbd266dcf997089203a1b33ba0333d,Kansas City Chiefs @ Las Vegas Raiders,2026-10-04T20:25:00Z,,,,,,a_saisir,2.06,,,pinnacle (shin),,,,,0.4855,,,
2026-10-04T13:44:52+00:00,nfl,nfl_total,Under 48,0.5145,0.5145,,,,0,,,2026.09.30.1,2026-10-04|nfl|nfl_total|Under 48,2026-10-04,e0cbd266dcf997089203a1b33ba0333d,Kansas City Chiefs @ Las Vegas Raiders,2026-10-04T20:25:00Z,,,,,,a_saisir,1.944,,,pinnacle (shin),,,,,0.5145,,,
2026-10-04T13:44:52+00:00,nfl,nfl_ml,Tampa Bay Buccaneers ML,0.4017,0.4017,,,,0,,,2026.09.30.1,2026-10-04|nfl|nfl_ml|Tampa Bay Buccaneers ML,2026-10-04,99a9bae4dc0dc2590496bd3102b211f2,Green Bay Packers @ Tampa Bay Buccaneers,2026-10-04T17:00:00Z,,,,,,a_saisir,2.489,,,pinnacle (shin),,,,,0.4017,,,
2026-10-04T13:44:52+00:00,nfl,nfl_ml,Green Bay Packers ML,0.5983,0.5983,,,,0,,,2026.09.30.1,2026-10-04|nfl|nfl_ml|Green Bay Packers ML,2026-10-04,99a9bae4dc0dc2590496bd3102b211f2,Green Bay Packers @ Tampa Bay Buccaneers,2026-10-04T17:00:00Z,,,,,,a_saisir,1.671,,,pinnacle (shin),,,,,0.5983,,,
2026-09-29T22:25:08+00:00,nfl,nfl_spread,Tampa Bay Buccaneers +4,0.5199,0.5199,,,,0,,,2026.09.27.1,2026-10-04|nfl|nfl_spread|Tampa Bay Buccaneers +4,2026-10-04,99a9bae4dc0dc2590496bd3102b211f2,Green Bay Packers @ Tampa Bay Buccaneers,2026-10-04T17:00:00Z,,,,,,a_saisir,1.923,,,pinnacle (shin),,,,,0.5199,,,
2026-09-29T22:25:08+00:00,nfl,nfl_spread,Green Bay Packers -4,0.4801,0.4801,,,,0,,,2026.09.27.1,2026-10-04|nfl|nfl_spread|Green Bay Packers -4,2026-10-04,99a9bae4dc0dc2590496bd3102b211f2,Green Bay Packers @ Tampa Bay Buccaneers,2026-10-04T17:00:00Z,,,,,,a_saisir,2.083,,,pinnacle (shin),,,,,0.4801,,,
2026-10-04T13:44:52+00:00,nfl,nfl_total,Over 39.5,0.4881,0.4881,,,,0,,,2026.09.30.1,2026-10-04|nfl|nfl_total|Over 39.5,2026-10-04,99a9bae4dc0dc2590496bd3102b211f2,Green Bay Packers @ Tampa Bay Buccaneers,2026-10-04T17:00:00Z,,,,,,a_saisir,2.049,,,pinnacle (shin),,,,,0.4881,,,
2026-10-04T13:44:52+00:00,nfl,nfl_total,Under 39.5,0.5119,0.5119,,,,0,,,2026.09.30.1,2026-10-04|nfl|nfl_total|Under 39.5,2026-10-04,99a9bae4dc0dc2590496bd3102b211f2,Green Bay Packers @ Tampa Bay Buccaneers,2026-10-04T17:00:00Z,,,,,,a_saisir,1.954,,,pinnacle (shin),,,,,0.5119,,,
2026-10-04T13:44:52+00:00,nfl,nfl_ml,Philadelphia Eagles ML,0.3711,0.3711,,,,0,,,2026.09.30.1,2026-10-04|nfl|nfl_ml|Philadelphia Eagles ML,2026-10-04,1b4f2e60ce83fa1d63a5dff83769d27c,Los Angeles Rams @ Philadelphia Eagles,2026-10-04T17:00:00Z,,,,,,a_saisir,2.695,,,pinnacle (shin),,,,,0.3711,,,
2026-10-04T13:44:52+00:00,nfl,nfl_ml,Los Angeles Rams ML,0.6289,0.6289,,,,0,,,2026.09.30.1,2026-10-04|nfl|nfl_ml|Los Angeles Rams ML,2026-10-04,1b4f2e60ce83fa1d63a5dff83769d27c,Los Angeles Rams @ Philadelphia Eagles,2026-10-04T17:00:00Z,,,,,,a_saisir,1.59,,,pinnacle (shin),,,,,0.6289,,,
2026-09-29T22:25:08+00:00,nfl,nfl_spread,Philadelphia Eagles +3,0.4934,0.4934,,,,0,,,2026.09.27.1,2026-10-04|nfl|nfl_spread|Philadelphia Eagles +3,2026-10-04,1b4f2e60ce83fa1d63a5dff83769d27c,Los Angeles Rams @ Philadelphia Eagles,2026-10-04T17:00:00Z,,,,,,a_saisir,2.027,,,pinnacle (shin),,,,,0.4934,,,
2026-09-29T22:25:08+00:00,nfl,nfl_spread,Los Angeles Rams -3,0.5066,0.5066,,,,0,,,2026.09.27.1,2026-10-04|nfl|nfl_spread|Los Angeles Rams -3,2026-10-04,1b4f2e60ce83fa1d63a5dff83769d27c,Los Angeles Rams @ Philadelphia Eagles,2026-10-04T17:00:00Z,,,,,,a_saisir,1.974,,,pinnacle (shin),,,,,0.5066,,,
2026-10-04T13:44:52+00:00,nfl,nfl_ml,Minnesota Vikings ML,0.8258,0.8258,,,,0,,,2026.09.30.1,2026-10-04|nfl|nfl_ml|Minnesota Vikings ML,2026-10-04,c327223d76a3b7b0db8c6c104442f44b,Miami Dolphins @ Minnesota Vikings,2026-10-04T20:05:00Z,,,,,,a_saisir,1.211,,,pinnacle (shin),,,,,0.8258,,,
2026-10-04T13:44:52+00:00,nfl,nfl_ml,Miami Dolphins ML,0.1742,0.1742,,,,0,,,2026.09.30.1,2026-10-04|nfl|nfl_ml|Miami Dolphins ML,2026-10-04,c327223d76a3b7b0db8c6c104442f44b,Miami Dolphins @ Minnesota Vikings,2026-10-04T20:05:00Z,,,,,,a_saisir,5.741,,,pinnacle (shin),,,,,0.1742,,,
2026-10-02T16:38:37+00:00,nfl,nfl_spread,Minnesota Vikings -11,0.4801,0.4801,,,,0,,,2026.09.30.1,2026-10-04|nfl|nfl_spread|Minnesota Vikings -11,2026-10-04,c327223d76a3b7b0db8c6c104442f44b,Miami Dolphins @ Minnesota Vikings,2026-10-04T20:05:00Z,,,,,,a_saisir,2.083,,,pinnacle (shin),,,,,0.4801,,,
2026-10-02T16:38:37+00:00,nfl,nfl_spread,Miami Dolphins +11,0.5199,0.5199,,,,0,,,2026.09.30.1,2026-10-04|nfl|nfl_spread|Miami Dolphins +11,2026-10-04,c327223d76a3b7b0db8c6c104442f44b,Miami Dolphins @ Minnesota Vikings,2026-10-04T20:05:00Z,,,,,,a_saisir,1.923,,,pinnacle (shin),,,,,0.5199,,,
2026-10-04T13:44:52+00:00,nfl,nfl_total,Over 38.5,0.496,0.496,,,,0,,,2026.09.30.1,2026-10-04|nfl|nfl_total|Over 38.5,2026-10-04,c327223d76a3b7b0db8c6c104442f44b,Miami Dolphins @ Minnesota Vikings,2026-10-04T20:05:00Z,,,,,,a_saisir,2.016,,,pinnacle (shin),,,,,0.496,,,
2026-10-04T13:44:52+00:00,nfl,nfl_total,Under 38.5,0.504,0.504,,,,0,,,2026.09.30.1,2026-10-04|nfl|nfl_total|Under 38.5,2026-10-04,c327223d76a3b7b0db8c6c104442f44b,Miami Dolphins @ Minnesota Vikings,2026-10-04T20:05:00Z,,,,,,a_saisir,1.984,,,pinnacle (shin),,,,,0.504,,,
2026-10-04T13:44:52+00:00,nfl,nfl_ml,San Francisco 49ers ML,0.5812,0.5812,,,,0,,,2026.09.30.1,2026-10-04|nfl|nfl_ml|San Francisco 49ers ML,2026-10-04,a7e7efb75a9792ac63480ae6328dca18,Denver Broncos @ San Francisco 49ers,2026-10-04T20:25:00Z,,,,,,a_saisir,1.721,,,pinnacle (shin),,,,,0.5812,,,
2026-10-04T13:44:52+00:00,nfl,nfl_ml,Denver Broncos ML,0.4188,0.4188,,,,0,,,2026.09.30.1,2026-10-04|nfl|nfl_ml|Denver Broncos ML,2026-10-04,a7e7efb75a9792ac63480ae6328dca18,Denver Broncos @ San Francisco 49ers,2026-10-04T20:25:00Z,,,,,,a_saisir,2.388,,,pinnacle (shin),,,,,0.4188,,,
2026-10-04T13:44:52+00:00,nfl,nfl_spread,San Francisco 49ers -2.5,0.5197,0.5197,,,,0,,,2026.09.30.1,2026-10-04|nfl|nfl_spread|San Francisco 49ers -2.5,2026-10-04,a7e7efb75a9792ac63480ae6328dca18,Denver Broncos @ San Francisco 49ers,2026-10-04T20:25:00Z,,,,,,a_saisir,1.924,,,pinnacle (shin),,,,,0.5197,,,
2026-10-04T13:44:52+00:00,nfl,nfl_spread,Denver Broncos +2.5,0.4803,0.4803,,,,0,,,2026.09.30.1,2026-10-04|nfl|nfl_spread|Denver Broncos +2.5,2026-10-04,a7e7efb75a9792ac63480ae6328dca18,Denver Broncos @ San Francisco 49ers,2026-10-04T20:25:00Z,,,,,,a_saisir,2.082,,,pinnacle (shin),,,,,0.4803,,,
2026-10-04T13:44:52+00:00,nfl,nfl_ml,Las Vegas Raiders ML,0.3247,0.3247,,,,0,,,2026.09.30.1,2026-10-04|nfl|nfl_ml|Las Vegas Raiders ML,2026-10-04,e0cbd266dcf997089203a1b33ba0333d,Kansas City Chiefs @ Las Vegas Raiders,2026-10-04T20:25:00Z,,,,,,a_saisir,3.08,,,pinnacle (shin),,,,,0.3247,,,
2026-10-04T13:44:52+00:00,nfl,nfl_ml,Kansas City Chiefs ML,0.6753,0.6753,,,,0,,,2026.09.30.1,2026-10-04|nfl|nfl_ml|Kansas City Chiefs ML,2026-10-04,e0cbd266dcf997089203a1b33ba0333d,Kansas City Chiefs @ Las Vegas Raiders,2026-10-04T20:25:00Z,,,,,,a_saisir,1.481,,,pinnacle (shin),,,,,0.6753,,,
2026-10-02T16:38:37+00:00,nfl,nfl_spread,Las Vegas Raiders +4,0.4912,0.4912,,,,0,,,2026.09.30.1,2026-10-04|nfl|nfl_spread|Las Vegas Raiders +4,2026-10-04,e0cbd266dcf997089203a1b33ba0333d,Kansas City Chiefs @ Las Vegas Raiders,2026-10-04T20:25:00Z,,,,,,a_saisir,2.036,,,"mediane sharp shin (lowvig, betonlineag)",,,,,0.4912,,,
2026-10-02T16:38:37+00:00,nfl,nfl_spread,Kansas City Chiefs -4,0.5088,0.5088,,,,0,,,2026.09.30.1,2026-10-04|nfl|nfl_spread|Kansas City Chiefs -4,2026-10-04,e0cbd266dcf997089203a1b33ba0333d,Kansas City Chiefs @ Las Vegas Raiders,2026-10-04T20:25:00Z,,,,,,a_saisir,1.965,,,"mediane sharp shin (lowvig, betonlineag)",,,,,0.5088,,,
2026-10-04T13:44:52+00:00,nfl,nfl_spread,Las Vegas Raiders +4.5,0.4882,0.4882,,,,0,,,2026.09.30.1,2026-10-04|nfl|nfl_spread|Las Vegas Raiders +4.5,2026-10-04,e0cbd266dcf997089203a1b33ba0333d,Kansas City Chiefs @ Las Vegas Raiders,2026-10-04T20:25:00Z,,,,,,a_saisir,2.048,,,pinnacle (shin),,,,,0.4882,,,
2026-10-04T13:44:52+00:00,nfl,nfl_spread,Kansas City Chiefs -4.5,0.5118,0.5118,,,,0,,,2026.09.30.1,2026-10-04|nfl|nfl_spread|Kansas City Chiefs -4.5,2026-10-04,e0cbd266dcf997089203a1b33ba0333d,Kansas City Chiefs @ Las Vegas Raiders,2026-10-04T20:25:00Z,,,,,,a_saisir,1.954,,,pinnacle (shin),,,,,0.5118,,,
2026-10-04T13:44:52+00:00,nfl,nfl_ml,Seattle Seahawks ML,0.7494,0.7494,,,,0,,,2026.09.30.1,2026-10-04|nfl|nfl_ml|Seattle Seahawks ML,2026-10-04,96d2373cda647873b971f268482bced0,Los Angeles Chargers @ Seattle Seahawks,2026-10-04T20:25:00Z,,,,,,a_saisir,1.334,,,pinnacle (shin),,,,,0.7494,,,
2026-10-04T13:44:52+00:00,nfl,nfl_ml,Los Angeles Chargers ML,0.2506,0.2506,,,,0,,,2026.09.30.1,2026-10-04|nfl|nfl_ml|Los Angeles Chargers ML,2026-10-04,96d2373cda647873b971f268482bced0,Los Angeles Chargers @ Seattle Seahawks,2026-10-04T20:25:00Z,,,,,,a_saisir,3.99,,,pinnacle (shin),,,,,0.2506,,,
2026-10-04T13:44:52+00:00,nfl,nfl_spread,Seattle Seahawks -7,0.511,0.511,,,,0,,,2026.09.30.1,2026-10-04|nfl|nfl_spread|Seattle Seahawks -7,2026-10-04,96d2373cda647873b971f268482bced0,Los Angeles Chargers @ Seattle Seahawks,2026-10-04T20:25:00Z,,,,,,a_saisir,1.957,,,mediane sharp shin (betonlineag),,,,,0.511,,,
2026-10-04T13:44:52+00:00,nfl,nfl_spread,Los Angeles Chargers +7,0.489,0.489,,,,0,,,2026.09.30.1,2026-10-04|nfl|nfl_spread|Los Angeles Chargers +7,2026-10-04,96d2373cda647873b971f268482bced0,Los Angeles Chargers @ Seattle Seahawks,2026-10-04T20:25:00Z,,,,,,a_saisir,2.045,,,mediane sharp shin (betonlineag),,,,,0.489,,,
2026-10-04T13:44:52+00:00,nfl,nfl_spread,Seattle Seahawks -7.5,0.4686,0.4686,,,,0,,,2026.09.30.1,2026-10-04|nfl|nfl_spread|Seattle Seahawks -7.5,2026-10-04,96d2373cda647873b971f268482bced0,Los Angeles Chargers @ Seattle Seahawks,2026-10-04T20:25:00Z,,,,,,a_saisir,2.134,,,pinnacle (shin),,,,,0.4686,,,
2026-10-04T13:44:52+00:00,nfl,nfl_spread,Los Angeles Chargers +7.5,0.5314,0.5314,,,,0,,,2026.09.30.1,2026-10-04|nfl|nfl_spread|Los Angeles Chargers +7.5,2026-10-04,96d2373cda647873b971f268482bced0,Los Angeles Chargers @ Seattle Seahawks,2026-10-04T20:25:00Z,,,,,,a_saisir,1.882,,,pinnacle (shin),,,,,0.5314,,,
2026-10-04T13:44:52+00:00,nfl,nfl_total,Over 42.5,0.5047,0.5047,,,,0,,,2026.09.30.1,2026-10-04|nfl|nfl_total|Over 42.5,2026-10-04,96d2373cda647873b971f268482bced0,Los Angeles Chargers @ Seattle Seahawks,2026-10-04T20:25:00Z,,,,,,a_saisir,1.981,,,"mediane sharp shin (lowvig, betonlineag)",,,,,0.5047,,,
2026-10-04T13:44:52+00:00,nfl,nfl_total,Under 42.5,0.4953,0.4953,,,,0,,,2026.09.30.1,2026-10-04|nfl|nfl_total|Under 42.5,2026-10-04,96d2373cda647873b971f268482bced0,Los Angeles Chargers @ Seattle Seahawks,2026-10-04T20:25:00Z,,,,,,a_saisir,2.019,,,"mediane sharp shin (lowvig, betonlineag)",,,,,0.4953,,,
2026-10-04T13:44:52+00:00,nfl,nfl_ml,Carolina Panthers ML,0.3507,0.3507,,,,0,,,2026.09.30.1,2026-10-04|nfl|nfl_ml|Carolina Panthers ML,2026-10-04,a73a76599a4f3422803e57bd8f61b626,Detroit Lions @ Carolina Panthers,2026-10-05T00:20:00Z,,,,,,a_saisir,2.851,,,pinnacle (shin),,,,,0.3507,,,
2026-10-04T13:44:52+00:00,nfl,nfl_ml,Detroit Lions ML,0.6493,0.6493,,,,0,,,2026.09.30.1,2026-10-04|nfl|nfl_ml|Detroit Lions ML,2026-10-04,a73a76599a4f3422803e57bd8f61b626,Detroit Lions @ Carolina Panthers,2026-10-05T00:20:00Z,,,,,,a_saisir,1.54,,,pinnacle (shin),,,,,0.6493,,,
2026-10-04T13:44:52+00:00,nfl,nfl_spread,Carolina Panthers +3.5,0.489,0.489,,,,0,,,2026.09.30.1,2026-10-04|nfl|nfl_spread|Carolina Panthers +3.5,2026-10-04,a73a76599a4f3422803e57bd8f61b626,Detroit Lions @ Carolina Panthers,2026-10-05T00:20:00Z,,,,,,a_saisir,2.045,,,mediane sharp shin (betonlineag),,,,,0.489,,,
2026-10-04T13:44:52+00:00,nfl,nfl_spread,Detroit Lions -3.5,0.511,0.511,,,,0,,,2026.09.30.1,2026-10-04|nfl|nfl_spread|Detroit Lions -3.5,2026-10-04,a73a76599a4f3422803e57bd8f61b626,Detroit Lions @ Carolina Panthers,2026-10-05T00:20:00Z,,,,,,a_saisir,1.957,,,mediane sharp shin (betonlineag),,,,,0.511,,,
2026-09-29T22:25:08+00:00,nfl,nfl_total,Over 50,0.5122,0.5122,,,,0,,,2026.09.27.1,2026-10-04|nfl|nfl_total|Over 50,2026-10-04,a73a76599a4f3422803e57bd8f61b626,Detroit Lions @ Carolina Panthers,2026-10-05T00:20:00Z,,,,,,a_saisir,1.952,,,"mediane sharp shin (lowvig, betonlineag)",,,,,0.5122,,,
2026-09-29T22:25:08+00:00,nfl,nfl_total,Under 50,0.4878,0.4878,,,,0,,,2026.09.27.1,2026-10-04|nfl|nfl_total|Under 50,2026-10-04,a73a76599a4f3422803e57bd8f61b626,Detroit Lions @ Carolina Panthers,2026-10-05T00:20:00Z,,,,,,a_saisir,2.05,,,"mediane sharp shin (lowvig, betonlineag)",,,,,0.4878,,,
2026-09-29T22:25:08+00:00,nfl,nfl_total,Over 50.5,0.5,0.5,,,,0,,,2026.09.27.1,2026-10-04|nfl|nfl_total|Over 50.5,2026-10-04,a73a76599a4f3422803e57bd8f61b626,Detroit Lions @ Carolina Panthers,2026-10-05T00:20:00Z,,,,,,a_saisir,2,,,pinnacle (shin),,,,,0.5,,,
2026-09-29T22:25:08+00:00,nfl,nfl_total,Under 50.5,0.5,0.5,,,,0,,,2026.09.27.1,2026-10-04|nfl|nfl_total|Under 50.5,2026-10-04,a73a76599a4f3422803e57bd8f61b626,Detroit Lions @ Carolina Panthers,2026-10-05T00:20:00Z,,,,,,a_saisir,2,,,pinnacle (shin),,,,,0.5,,,
2026-10-04T13:44:52+00:00,nfl,nfl_ml,New Orleans Saints ML,0.537,0.537,,,,0,,,2026.09.30.1,2026-10-05|nfl|nfl_ml|New Orleans Saints ML,2026-10-05,8bd90781e17e6d97df3941063cedae1e,Atlanta Falcons @ New Orleans Saints,2026-10-06T00:15:00Z,,,,,,a_saisir,1.862,,,pinnacle (shin),,,,,0.537,,,
2026-10-04T13:44:52+00:00,nfl,nfl_ml,Atlanta Falcons ML,0.463,0.463,,,,0,,,2026.09.30.1,2026-10-05|nfl|nfl_ml|Atlanta Falcons ML,2026-10-05,8bd90781e17e6d97df3941063cedae1e,Atlanta Falcons @ New Orleans Saints,2026-10-06T00:15:00Z,,,,,,a_saisir,2.16,,,pinnacle (shin),,,,,0.463,,,
2026-10-02T16:38:37+00:00,nfl,nfl_spread,New Orleans Saints -2.5,0.5,0.5,,,,0,,,2026.09.30.1,2026-10-05|nfl|nfl_spread|New Orleans Saints -2.5,2026-10-05,8bd90781e17e6d97df3941063cedae1e,Atlanta Falcons @ New Orleans Saints,2026-10-06T00:15:00Z,,,,,,a_saisir,2,,,"mediane sharp shin (lowvig, betonlineag)",,,,,0.5,,,
2026-10-02T16:38:37+00:00,nfl,nfl_spread,Atlanta Falcons +2.5,0.5,0.5,,,,0,,,2026.09.30.1,2026-10-05|nfl|nfl_spread|Atlanta Falcons +2.5,2026-10-05,8bd90781e17e6d97df3941063cedae1e,Atlanta Falcons @ New Orleans Saints,2026-10-06T00:15:00Z,,,,,,a_saisir,2,,,"mediane sharp shin (lowvig, betonlineag)",,,,,0.5,,,
2026-10-02T16:38:37+00:00,nfl,nfl_spread,New Orleans Saints -3,0.4517,0.4517,,,,0,,,2026.09.30.1,2026-10-05|nfl|nfl_spread|New Orleans Saints -3,2026-10-05,8bd90781e17e6d97df3941063cedae1e,Atlanta Falcons @ New Orleans Saints,2026-10-06T00:15:00Z,,,,,,a_saisir,2.214,,,pinnacle (shin),,,,,0.4517,,,
2026-10-02T16:38:37+00:00,nfl,nfl_spread,Atlanta Falcons +3,0.5483,0.5483,,,,0,,,2026.09.30.1,2026-10-05|nfl|nfl_spread|Atlanta Falcons +3,2026-10-05,8bd90781e17e6d97df3941063cedae1e,Atlanta Falcons @ New Orleans Saints,2026-10-06T00:15:00Z,,,,,,a_saisir,1.824,,,pinnacle (shin),,,,,0.5483,,,
2026-10-04T13:44:52+00:00,nfl,nfl_total,Over 48.5,0.4799,0.4799,,,,0,,,2026.09.30.1,2026-10-05|nfl|nfl_total|Over 48.5,2026-10-05,8bd90781e17e6d97df3941063cedae1e,Atlanta Falcons @ New Orleans Saints,2026-10-06T00:15:00Z,,,,,,a_saisir,2.084,,,pinnacle (shin),,,,,0.4799,,,
2026-10-04T13:44:52+00:00,nfl,nfl_total,Under 48.5,0.5201,0.5201,,,,0,,,2026.09.30.1,2026-10-05|nfl|nfl_total|Under 48.5,2026-10-05,8bd90781e17e6d97df3941063cedae1e,Atlanta Falcons @ New Orleans Saints,2026-10-06T00:15:00Z,,,,,,a_saisir,1.923,,,pinnacle (shin),,,,,0.5201,,,
2026-09-30T13:32:27+00:00,mlb,props_k,Tyler Mahle Over 2.5 K,0.812,,,,,0,,W,2026.09.27.1,2026-09-30|mlb|props_k|Tyler Mahle Over 2.5 K,2026-09-30,9e23239e0075a017225697fa3bcd88b3,Philadelphia Phillies @ Atlanta Braves,2026-09-30T18:00:00Z,Tyler Mahle,2.5,3,0.812,,informatif,1.232,,,ladder · proj 4.47K,,,,,0.812,,,
2026-09-30T13:32:27+00:00,mlb,props_k,Tyler Mahle Over 3.5 K,0.643,,,,,0,,W,2026.09.27.1,2026-09-30|mlb|props_k|Tyler Mahle Over 3.5 K,2026-09-30,9e23239e0075a017225697fa3bcd88b3,Philadelphia Phillies @ Atlanta Braves,2026-09-30T18:00:00Z,Tyler Mahle,3.5,4,0.643,,informatif,1.555,,,ladder · proj 4.47K,,,,,0.643,,,
2026-09-30T13:32:27+00:00,mlb,props_k,Tyler Mahle Over 4.5 K,0.459,,,,,0,,W,2026.09.27.1,2026-09-30|mlb|props_k|Tyler Mahle Over 4.5 K,2026-09-30,9e23239e0075a017225697fa3bcd88b3,Philadelphia Phillies @ Atlanta Braves,2026-09-30T18:00:00Z,Tyler Mahle,4.5,5,0.459,,informatif,2.179,,,ladder · proj 4.47K,,,,,0.459,,,
2026-09-30T13:32:27+00:00,mlb,props_k,Tyler Mahle Over 5.5 K,0.295,,,,,0,,W,2026.09.27.1,2026-09-30|mlb|props_k|Tyler Mahle Over 5.5 K,2026-09-30,9e23239e0075a017225697fa3bcd88b3,Philadelphia Phillies @ Atlanta Braves,2026-09-30T18:00:00Z,Tyler Mahle,5.5,6,0.295,,informatif,3.39,,,ladder · proj 4.47K,,,,,0.295,,,
2026-09-30T13:32:27+00:00,mlb,props_k,Tyler Mahle Over 6.5 K,0.172,,,,,0,,L,2026.09.27.1,2026-09-30|mlb|props_k|Tyler Mahle Over 6.5 K,2026-09-30,9e23239e0075a017225697fa3bcd88b3,Philadelphia Phillies @ Atlanta Braves,2026-09-30T18:00:00Z,Tyler Mahle,6.5,7,0.172,,informatif,5.814,,,ladder · proj 4.47K,,,,,0.172,,,
2026-09-30T13:32:27+00:00,mlb,props_k,Tyler Mahle Over 7.5 K,0.092,,,,,0,,L,2026.09.27.1,2026-09-30|mlb|props_k|Tyler Mahle Over 7.5 K,2026-09-30,9e23239e0075a017225697fa3bcd88b3,Philadelphia Phillies @ Atlanta Braves,2026-09-30T18:00:00Z,Tyler Mahle,7.5,8,0.092,,informatif,10.87,,,ladder · proj 4.47K,,,,,0.092,,,
2026-09-30T13:32:27+00:00,mlb,props_k,Tyler Mahle Over 8.5 K,0.045,,,,,0,,L,2026.09.27.1,2026-09-30|mlb|props_k|Tyler Mahle Over 8.5 K,2026-09-30,9e23239e0075a017225697fa3bcd88b3,Philadelphia Phillies @ Atlanta Braves,2026-09-30T18:00:00Z,Tyler Mahle,8.5,9,0.045,,informatif,22.222,,,ladder · proj 4.47K,,,,,0.045,,,
2026-09-30T13:32:27+00:00,mlb,props_k,Tyler Mahle Over 9.5 K,0.02,,,,,0,,L,2026.09.27.1,2026-09-30|mlb|props_k|Tyler Mahle Over 9.5 K,2026-09-30,9e23239e0075a017225697fa3bcd88b3,Philadelphia Phillies @ Atlanta Braves,2026-09-30T18:00:00Z,Tyler Mahle,9.5,10,0.02,,informatif,50,,,ladder · proj 4.47K,,,,,0.02,,,
2026-09-30T13:32:27+00:00,mlb,props_k,Cristopher Sánchez Over 2.5 K,0.95,,,,,0,,W,2026.09.27.1,2026-09-30|mlb|props_k|Cristopher Sánchez Over 2.5 K,2026-09-30,9e23239e0075a017225697fa3bcd88b3,Philadelphia Phillies @ Atlanta Braves,2026-09-30T18:00:00Z,Cristopher Sánchez,2.5,3,0.95,,informatif,1.053,,,ladder · proj 6.54K,,,,,0.95,,,
2026-09-30T13:32:27+00:00,mlb,props_k,Cristopher Sánchez Over 3.5 K,0.878,,,,,0,,W,2026.09.27.1,2026-09-30|mlb|props_k|Cristopher Sánchez Over 3.5 K,2026-09-30,9e23239e0075a017225697fa3bcd88b3,Philadelphia Phillies @ Atlanta Braves,2026-09-30T18:00:00Z,Cristopher Sánchez,3.5,4,0.878,,informatif,1.139,,,ladder · proj 6.54K,,,,,0.878,,,
2026-09-30T13:32:27+00:00,mlb,props_k,Cristopher Sánchez Over 4.5 K,0.765,,,,,0,,W,2026.09.27.1,2026-09-30|mlb|props_k|Cristopher Sánchez Over 4.5 K,2026-09-30,9e23239e0075a017225697fa3bcd88b3,Philadelphia Phillies @ Atlanta Braves,2026-09-30T18:00:00Z,Cristopher Sánchez,4.5,5,0.765,,informatif,1.307,,,ladder · proj 6.54K,,,,,0.765,,,
2026-09-30T13:32:27+00:00,mlb,props_k,Cristopher Sánchez Over 5.5 K,0.625,,,,,0,,W,2026.09.27.1,2026-09-30|mlb|props_k|Cristopher Sánchez Over 5.5 K,2026-09-30,9e23239e0075a017225697fa3bcd88b3,Philadelphia Phillies @ Atlanta Braves,2026-09-30T18:00:00Z,Cristopher Sánchez,5.5,6,0.625,,informatif,1.6,,,ladder · proj 6.54K,,,,,0.625,,,
2026-09-30T13:32:27+00:00,mlb,props_k,Cristopher Sánchez Over 6.5 K,0.475,,,,,0,,L,2026.09.27.1,2026-09-30|mlb|props_k|Cristopher Sánchez Over 6.5 K,2026-09-30,9e23239e0075a017225697fa3bcd88b3,Philadelphia Phillies @ Atlanta Braves,2026-09-30T18:00:00Z,Cristopher Sánchez,6.5,7,0.475,,informatif,2.105,,,ladder · proj 6.54K,,,,,0.475,,,
2026-09-30T13:32:27+00:00,mlb,props_k,Cristopher Sánchez Over 7.5 K,0.336,,,,,0,,L,2026.09.27.1,2026-09-30|mlb|props_k|Cristopher Sánchez Over 7.5 K,2026-09-30,9e23239e0075a017225697fa3bcd88b3,Philadelphia Phillies @ Atlanta Braves,2026-09-30T18:00:00Z,Cristopher Sánchez,7.5,8,0.336,,informatif,2.976,,,ladder · proj 6.54K,,,,,0.336,,,
2026-09-30T13:32:27+00:00,mlb,props_k,Cristopher Sánchez Over 8.5 K,0.222,,,,,0,,L,2026.09.27.1,2026-09-30|mlb|props_k|Cristopher Sánchez Over 8.5 K,2026-09-30,9e23239e0075a017225697fa3bcd88b3,Philadelphia Phillies @ Atlanta Braves,2026-09-30T18:00:00Z,Cristopher Sánchez,8.5,9,0.222,,informatif,4.505,,,ladder · proj 6.54K,,,,,0.222,,,
2026-09-30T13:32:27+00:00,mlb,props_k,Cristopher Sánchez Over 9.5 K,0.138,,,,,0,,L,2026.09.27.1,2026-09-30|mlb|props_k|Cristopher Sánchez Over 9.5 K,2026-09-30,9e23239e0075a017225697fa3bcd88b3,Philadelphia Phillies @ Atlanta Braves,2026-09-30T18:00:00Z,Cristopher Sánchez,9.5,10,0.138,,informatif,7.246,,,ladder · proj 6.54K,,,,,0.138,,,
2026-09-30T13:32:28+00:00,mlb,props_k,Hunter Brown Over 2.5 K,0.957,,,,,0,,L,2026.09.27.1,2026-09-30|mlb|props_k|Hunter Brown Over 2.5 K,2026-09-30,766096a9312f4528ba2e8b59fe9550fd,Chicago White Sox @ Houston Astros,2026-09-30T21:00:00Z,Hunter Brown,2.5,3,0.957,,informatif,1.045,,,ladder · proj 6.77K,,,,,0.957,,,
2026-09-30T13:32:28+00:00,mlb,props_k,Hunter Brown Over 3.5 K,0.892,,,,,0,,L,2026.09.27.1,2026-09-30|mlb|props_k|Hunter Brown Over 3.5 K,2026-09-30,766096a9312f4528ba2e8b59fe9550fd,Chicago White Sox @ Houston Astros,2026-09-30T21:00:00Z,Hunter Brown,3.5,4,0.892,,informatif,1.121,,,ladder · proj 6.77K,,,,,0.892,,,
2026-09-30T13:32:28+00:00,mlb,props_k,Hunter Brown Over 4.5 K,0.789,,,,,0,,L,2026.09.27.1,2026-09-30|mlb|props_k|Hunter Brown Over 4.5 K,2026-09-30,766096a9312f4528ba2e8b59fe9550fd,Chicago White Sox @ Houston Astros,2026-09-30T21:00:00Z,Hunter Brown,4.5,5,0.789,,informatif,1.267,,,ladder · proj 6.77K,,,,,0.789,,,
2026-09-30T13:32:28+00:00,mlb,props_k,Hunter Brown Over 5.5 K,0.655,,,,,0,,L,2026.09.27.1,2026-09-30|mlb|props_k|Hunter Brown Over 5.5 K,2026-09-30,766096a9312f4528ba2e8b59fe9550fd,Chicago White Sox @ Houston Astros,2026-09-30T21:00:00Z,Hunter Brown,5.5,6,0.655,,informatif,1.527,,,ladder · proj 6.77K,,,,,0.655,,,
2026-09-30T13:32:44+00:00,mlb,props_k,Hunter Brown Over 6.5 K,0.509,,,,,0,,L,2026.09.27.1,2026-09-30|mlb|props_k|Hunter Brown Over 6.5 K,2026-09-30,766096a9312f4528ba2e8b59fe9550fd,Chicago White Sox @ Houston Astros,2026-09-30T21:00:00Z,Hunter Brown,6.5,7,0.509,,informatif,1.965,,,ladder · proj 6.77K,,,1,,0.509,,,
2026-09-30T13:32:28+00:00,mlb,props_k,Hunter Brown Over 7.5 K,0.369,,,,,0,,L,2026.09.27.1,2026-09-30|mlb|props_k|Hunter Brown Over 7.5 K,2026-09-30,766096a9312f4528ba2e8b59fe9550fd,Chicago White Sox @ Houston Astros,2026-09-30T21:00:00Z,Hunter Brown,7.5,8,0.369,,informatif,2.71,,,ladder · proj 6.77K,,,,,0.369,,,
2026-09-30T13:32:28+00:00,mlb,props_k,Hunter Brown Over 8.5 K,0.25,,,,,0,,L,2026.09.27.1,2026-09-30|mlb|props_k|Hunter Brown Over 8.5 K,2026-09-30,766096a9312f4528ba2e8b59fe9550fd,Chicago White Sox @ Houston Astros,2026-09-30T21:00:00Z,Hunter Brown,8.5,9,0.25,,informatif,4,,,ladder · proj 6.77K,,,,,0.25,,,
2026-09-30T13:32:28+00:00,mlb,props_k,Hunter Brown Over 9.5 K,0.158,,,,,0,,L,2026.09.27.1,2026-09-30|mlb|props_k|Hunter Brown Over 9.5 K,2026-09-30,766096a9312f4528ba2e8b59fe9550fd,Chicago White Sox @ Houston Astros,2026-09-30T21:00:00Z,Hunter Brown,9.5,10,0.158,,informatif,6.329,,,ladder · proj 6.77K,,,,,0.158,,,
2026-09-30T13:32:28+00:00,mlb,props_k,Sean Burke Over 2.5 K,0.867,,,,,0,,W,2026.09.27.1,2026-09-30|mlb|props_k|Sean Burke Over 2.5 K,2026-09-30,766096a9312f4528ba2e8b59fe9550fd,Chicago White Sox @ Houston Astros,2026-09-30T21:00:00Z,Sean Burke,2.5,3,0.867,,informatif,1.153,,,ladder · proj 5.03K,,,,,0.867,,,
2026-09-30T13:32:28+00:00,mlb,props_k,Sean Burke Over 3.5 K,0.727,,,,,0,,W,2026.09.27.1,2026-09-30|mlb|props_k|Sean Burke Over 3.5 K,2026-09-30,766096a9312f4528ba2e8b59fe9550fd,Chicago White Sox @ Houston Astros,2026-09-30T21:00:00Z,Sean Burke,3.5,4,0.727,,informatif,1.376,,,ladder · proj 5.03K,,,,,0.727,,,
2026-09-30T13:32:28+00:00,mlb,props_k,Sean Burke Over 4.5 K,0.557,,,,,0,,W,2026.09.27.1,2026-09-30|mlb|props_k|Sean Burke Over 4.5 K,2026-09-30,766096a9312f4528ba2e8b59fe9550fd,Chicago White Sox @ Houston Astros,2026-09-30T21:00:00Z,Sean Burke,4.5,5,0.557,,informatif,1.795,,,ladder · proj 5.03K,,,,,0.557,,,
2026-09-30T13:32:28+00:00,mlb,props_k,Sean Burke Over 5.5 K,0.389,,,,,0,,W,2026.09.27.1,2026-09-30|mlb|props_k|Sean Burke Over 5.5 K,2026-09-30,766096a9312f4528ba2e8b59fe9550fd,Chicago White Sox @ Houston Astros,2026-09-30T21:00:00Z,Sean Burke,5.5,6,0.389,,informatif,2.571,,,ladder · proj 5.03K,,,,,0.389,,,
2026-09-30T13:32:28+00:00,mlb,props_k,Sean Burke Over 6.5 K,0.248,,,,,0,,W,2026.09.27.1,2026-09-30|mlb|props_k|Sean Burke Over 6.5 K,2026-09-30,766096a9312f4528ba2e8b59fe9550fd,Chicago White Sox @ Houston Astros,2026-09-30T21:00:00Z,Sean Burke,6.5,7,0.248,,informatif,4.032,,,ladder · proj 5.03K,,,,,0.248,,,
2026-09-30T13:32:28+00:00,mlb,props_k,Sean Burke Over 7.5 K,0.145,,,,,0,,W,2026.09.27.1,2026-09-30|mlb|props_k|Sean Burke Over 7.5 K,2026-09-30,766096a9312f4528ba2e8b59fe9550fd,Chicago White Sox @ Houston Astros,2026-09-30T21:00:00Z,Sean Burke,7.5,8,0.145,,informatif,6.897,,,ladder · proj 5.03K,,,,,0.145,,,
2026-09-30T13:32:28+00:00,mlb,props_k,Sean Burke Over 8.5 K,0.078,,,,,0,,L,2026.09.27.1,2026-09-30|mlb|props_k|Sean Burke Over 8.5 K,2026-09-30,766096a9312f4528ba2e8b59fe9550fd,Chicago White Sox @ Houston Astros,2026-09-30T21:00:00Z,Sean Burke,8.5,9,0.078,,informatif,12.821,,,ladder · proj 5.03K,,,,,0.078,,,
2026-09-30T13:32:28+00:00,mlb,props_k,Sean Burke Over 9.5 K,0.039,,,,,0,,L,2026.09.27.1,2026-09-30|mlb|props_k|Sean Burke Over 9.5 K,2026-09-30,766096a9312f4528ba2e8b59fe9550fd,Chicago White Sox @ Houston Astros,2026-09-30T21:00:00Z,Sean Burke,9.5,10,0.039,,informatif,25.641,,,ladder · proj 5.03K,,,,,0.039,,,
2026-09-30T21:38:41+00:00,mlb,props_k,Max Fried Over 2.5 K,0.831,,,,,0,,W,2026.09.30.1,2026-09-30|mlb|props_k|Max Fried Over 2.5 K,2026-09-30,110c5c1a6de988c7066e2f291be8d7ff,Boston Red Sox @ New York Yankees,2026-10-01T00:00:00Z,Max Fried,2.5,3,0.831,,informatif,1.203,,,ladder · proj 4.64K,,,,,0.831,,,
2026-09-30T21:38:41+00:00,mlb,props_k,Max Fried Over 3.5 K,0.67,,,,,0,,W,2026.09.30.1,2026-09-30|mlb|props_k|Max Fried Over 3.5 K,2026-09-30,110c5c1a6de988c7066e2f291be8d7ff,Boston Red Sox @ New York Yankees,2026-10-01T00:00:00Z,Max Fried,3.5,4,0.67,,informatif,1.493,,,ladder · proj 4.64K,,,,,0.67,,,
2026-09-30T21:40:08+00:00,mlb,props_k,Max Fried Over 4.5 K,0.49,,,,,0,,W,2026.09.30.1,2026-09-30|mlb|props_k|Max Fried Over 4.5 K,2026-09-30,110c5c1a6de988c7066e2f291be8d7ff,Boston Red Sox @ New York Yankees,2026-10-01T00:00:00Z,Max Fried,4.5,5,0.49,,informatif,2.041,,,ladder · proj 4.64K,,,1,,0.49,,,
2026-09-30T21:38:41+00:00,mlb,props_k,Max Fried Over 5.5 K,0.324,,,,,0,,W,2026.09.30.1,2026-09-30|mlb|props_k|Max Fried Over 5.5 K,2026-09-30,110c5c1a6de988c7066e2f291be8d7ff,Boston Red Sox @ New York Yankees,2026-10-01T00:00:00Z,Max Fried,5.5,6,0.324,,informatif,3.086,,,ladder · proj 4.64K,,,,,0.324,,,
2026-09-30T21:38:41+00:00,mlb,props_k,Max Fried Over 6.5 K,0.194,,,,,0,,L,2026.09.30.1,2026-09-30|mlb|props_k|Max Fried Over 6.5 K,2026-09-30,110c5c1a6de988c7066e2f291be8d7ff,Boston Red Sox @ New York Yankees,2026-10-01T00:00:00Z,Max Fried,6.5,7,0.194,,informatif,5.155,,,ladder · proj 4.64K,,,,,0.194,,,
2026-09-30T21:38:41+00:00,mlb,props_k,Max Fried Over 7.5 K,0.107,,,,,0,,L,2026.09.30.1,2026-09-30|mlb|props_k|Max Fried Over 7.5 K,2026-09-30,110c5c1a6de988c7066e2f291be8d7ff,Boston Red Sox @ New York Yankees,2026-10-01T00:00:00Z,Max Fried,7.5,8,0.107,,informatif,9.346,,,ladder · proj 4.64K,,,,,0.107,,,
2026-09-30T21:38:41+00:00,mlb,props_k,Max Fried Over 8.5 K,0.054,,,,,0,,L,2026.09.30.1,2026-09-30|mlb|props_k|Max Fried Over 8.5 K,2026-09-30,110c5c1a6de988c7066e2f291be8d7ff,Boston Red Sox @ New York Yankees,2026-10-01T00:00:00Z,Max Fried,8.5,9,0.054,,informatif,18.519,,,ladder · proj 4.64K,,,,,0.054,,,
2026-09-30T21:38:41+00:00,mlb,props_k,Max Fried Over 9.5 K,0.025,,,,,0,,L,2026.09.30.1,2026-09-30|mlb|props_k|Max Fried Over 9.5 K,2026-09-30,110c5c1a6de988c7066e2f291be8d7ff,Boston Red Sox @ New York Yankees,2026-10-01T00:00:00Z,Max Fried,9.5,10,0.025,,informatif,40,,,ladder · proj 4.64K,,,,,0.025,,,
2026-09-30T21:38:41+00:00,mlb,props_k,Sonny Gray Over 2.5 K,0.903,,,,,0,,W,2026.09.30.1,2026-09-30|mlb|props_k|Sonny Gray Over 2.5 K,2026-09-30,110c5c1a6de988c7066e2f291be8d7ff,Boston Red Sox @ New York Yankees,2026-10-01T00:00:00Z,Sonny Gray,2.5,3,0.903,,informatif,1.107,,,ladder · proj 5.52K,,,,,0.903,,,
2026-09-30T21:38:41+00:00,mlb,props_k,Sonny Gray Over 3.5 K,0.787,,,,,0,,W,2026.09.30.1,2026-09-30|mlb|props_k|Sonny Gray Over 3.5 K,2026-09-30,110c5c1a6de988c7066e2f291be8d7ff,Boston Red Sox @ New York Yankees,2026-10-01T00:00:00Z,Sonny Gray,3.5,4,0.787,,informatif,1.271,,,ladder · proj 5.52K,,,,,0.787,,,
2026-09-30T21:38:41+00:00,mlb,props_k,Sonny Gray Over 4.5 K,0.635,,,,,0,,W,2026.09.30.1,2026-09-30|mlb|props_k|Sonny Gray Over 4.5 K,2026-09-30,110c5c1a6de988c7066e2f291be8d7ff,Boston Red Sox @ New York Yankees,2026-10-01T00:00:00Z,Sonny Gray,4.5,5,0.635,,informatif,1.575,,,ladder · proj 5.52K,,,,,0.635,,,
2026-09-30T21:38:41+00:00,mlb,props_k,Sonny Gray Over 5.5 K,0.47,,,,,0,,L,2026.09.30.1,2026-09-30|mlb|props_k|Sonny Gray Over 5.5 K,2026-09-30,110c5c1a6de988c7066e2f291be8d7ff,Boston Red Sox @ New York Yankees,2026-10-01T00:00:00Z,Sonny Gray,5.5,6,0.47,,informatif,2.128,,,ladder · proj 5.52K,,,,,0.47,,,
2026-09-30T21:38:41+00:00,mlb,props_k,Sonny Gray Over 6.5 K,0.32,,,,,0,,L,2026.09.30.1,2026-09-30|mlb|props_k|Sonny Gray Over 6.5 K,2026-09-30,110c5c1a6de988c7066e2f291be8d7ff,Boston Red Sox @ New York Yankees,2026-10-01T00:00:00Z,Sonny Gray,6.5,7,0.32,,informatif,3.125,,,ladder · proj 5.52K,,,,,0.32,,,
2026-09-30T21:38:41+00:00,mlb,props_k,Sonny Gray Over 7.5 K,0.201,,,,,0,,L,2026.09.30.1,2026-09-30|mlb|props_k|Sonny Gray Over 7.5 K,2026-09-30,110c5c1a6de988c7066e2f291be8d7ff,Boston Red Sox @ New York Yankees,2026-10-01T00:00:00Z,Sonny Gray,7.5,8,0.201,,informatif,4.975,,,ladder · proj 5.52K,,,,,0.201,,,
2026-09-30T21:38:41+00:00,mlb,props_k,Sonny Gray Over 8.5 K,0.117,,,,,0,,L,2026.09.30.1,2026-09-30|mlb|props_k|Sonny Gray Over 8.5 K,2026-09-30,110c5c1a6de988c7066e2f291be8d7ff,Boston Red Sox @ New York Yankees,2026-10-01T00:00:00Z,Sonny Gray,8.5,9,0.117,,informatif,8.547,,,ladder · proj 5.52K,,,,,0.117,,,
2026-09-30T21:38:41+00:00,mlb,props_k,Sonny Gray Over 9.5 K,0.063,,,,,0,,L,2026.09.30.1,2026-09-30|mlb|props_k|Sonny Gray Over 9.5 K,2026-09-30,110c5c1a6de988c7066e2f291be8d7ff,Boston Red Sox @ New York Yankees,2026-10-01T00:00:00Z,Sonny Gray,9.5,10,0.063,,informatif,15.873,,,ladder · proj 5.52K,,,,,0.063,,,
2026-09-30T21:39:09+00:00,mlb,props_k,Nick Pivetta Over 2.5 K,0.818,,,,,0,,W,2026.09.30.1,2026-09-30|mlb|props_k|Nick Pivetta Over 2.5 K,2026-09-30,66c0c13a06424600557af241371043fc,Chicago Cubs @ San Diego Padres,2026-10-01T02:00:00Z,Nick Pivetta,2.5,3,0.818,,informatif,1.222,,,ladder · proj 4.52K,,,,,0.818,,,
2026-09-30T21:39:09+00:00,mlb,props_k,Nick Pivetta Over 3.5 K,0.651,,,,,0,,W,2026.09.30.1,2026-09-30|mlb|props_k|Nick Pivetta Over 3.5 K,2026-09-30,66c0c13a06424600557af241371043fc,Chicago Cubs @ San Diego Padres,2026-10-01T02:00:00Z,Nick Pivetta,3.5,4,0.651,,informatif,1.536,,,ladder · proj 4.52K,,,,,0.651,,,
2026-09-30T21:39:09+00:00,mlb,props_k,Nick Pivetta Over 4.5 K,0.468,,,,,0,,L,2026.09.30.1,2026-09-30|mlb|props_k|Nick Pivetta Over 4.5 K,2026-09-30,66c0c13a06424600557af241371043fc,Chicago Cubs @ San Diego Padres,2026-10-01T02:00:00Z,Nick Pivetta,4.5,5,0.468,,informatif,2.137,,,ladder · proj 4.52K,,,,,0.468,,,
2026-09-30T21:39:09+00:00,mlb,props_k,Nick Pivetta Over 5.5 K,0.303,,,,,0,,L,2026.09.30.1,2026-09-30|mlb|props_k|Nick Pivetta Over 5.5 K,2026-09-30,66c0c13a06424600557af241371043fc,Chicago Cubs @ San Diego Padres,2026-10-01T02:00:00Z,Nick Pivetta,5.5,6,0.303,,informatif,3.3,,,ladder · proj 4.52K,,,,,0.303,,,
2026-09-30T21:39:09+00:00,mlb,props_k,Nick Pivetta Over 6.5 K,0.179,,,,,0,,L,2026.09.30.1,2026-09-30|mlb|props_k|Nick Pivetta Over 6.5 K,2026-09-30,66c0c13a06424600557af241371043fc,Chicago Cubs @ San Diego Padres,2026-10-01T02:00:00Z,Nick Pivetta,6.5,7,0.179,,informatif,5.587,,,ladder · proj 4.52K,,,,,0.179,,,
2026-09-30T21:39:09+00:00,mlb,props_k,Nick Pivetta Over 7.5 K,0.096,,,,,0,,L,2026.09.30.1,2026-09-30|mlb|props_k|Nick Pivetta Over 7.5 K,2026-09-30,66c0c13a06424600557af241371043fc,Chicago Cubs @ San Diego Padres,2026-10-01T02:00:00Z,Nick Pivetta,7.5,8,0.096,,informatif,10.417,,,ladder · proj 4.52K,,,,,0.096,,,
2026-09-30T21:39:09+00:00,mlb,props_k,Nick Pivetta Over 8.5 K,0.048,,,,,0,,L,2026.09.30.1,2026-09-30|mlb|props_k|Nick Pivetta Over 8.5 K,2026-09-30,66c0c13a06424600557af241371043fc,Chicago Cubs @ San Diego Padres,2026-10-01T02:00:00Z,Nick Pivetta,8.5,9,0.048,,informatif,20.833,,,ladder · proj 4.52K,,,,,0.048,,,
2026-09-30T21:39:09+00:00,mlb,props_k,Nick Pivetta Over 9.5 K,0.022,,,,,0,,L,2026.09.30.1,2026-09-30|mlb|props_k|Nick Pivetta Over 9.5 K,2026-09-30,66c0c13a06424600557af241371043fc,Chicago Cubs @ San Diego Padres,2026-10-01T02:00:00Z,Nick Pivetta,9.5,10,0.022,,informatif,45.455,,,ladder · proj 4.52K,,,,,0.022,,,
2026-09-30T21:39:09+00:00,mlb,props_k,Kevin Gausman Over 2.5 K,0.9,,,,,0,,L,2026.09.30.1,2026-09-30|mlb|props_k|Kevin Gausman Over 2.5 K,2026-09-30,66c0c13a06424600557af241371043fc,Chicago Cubs @ San Diego Padres,2026-10-01T02:00:00Z,Kevin Gausman,2.5,3,0.9,,informatif,1.111,,,ladder · proj 5.48K,,,,,0.9,,,
2026-09-30T21:39:09+00:00,mlb,props_k,Kevin Gausman Over 3.5 K,0.783,,,,,0,,L,2026.09.30.1,2026-09-30|mlb|props_k|Kevin Gausman Over 3.5 K,2026-09-30,66c0c13a06424600557af241371043fc,Chicago Cubs @ San Diego Padres,2026-10-01T02:00:00Z,Kevin Gausman,3.5,4,0.783,,informatif,1.277,,,ladder · proj 5.48K,,,,,0.783,,,
2026-09-30T21:39:09+00:00,mlb,props_k,Kevin Gausman Over 4.5 K,0.629,,,,,0,,L,2026.09.30.1,2026-09-30|mlb|props_k|Kevin Gausman Over 4.5 K,2026-09-30,66c0c13a06424600557af241371043fc,Chicago Cubs @ San Diego Padres,2026-10-01T02:00:00Z,Kevin Gausman,4.5,5,0.629,,informatif,1.59,,,ladder · proj 5.48K,,,,,0.629,,,
2026-09-30T21:39:09+00:00,mlb,props_k,Kevin Gausman Over 5.5 K,0.464,,,,,0,,L,2026.09.30.1,2026-09-30|mlb|props_k|Kevin Gausman Over 5.5 K,2026-09-30,66c0c13a06424600557af241371043fc,Chicago Cubs @ San Diego Padres,2026-10-01T02:00:00Z,Kevin Gausman,5.5,6,0.464,,informatif,2.155,,,ladder · proj 5.48K,,,,,0.464,,,
2026-09-30T21:39:09+00:00,mlb,props_k,Kevin Gausman Over 6.5 K,0.314,,,,,0,,L,2026.09.30.1,2026-09-30|mlb|props_k|Kevin Gausman Over 6.5 K,2026-09-30,66c0c13a06424600557af241371043fc,Chicago Cubs @ San Diego Padres,2026-10-01T02:00:00Z,Kevin Gausman,6.5,7,0.314,,informatif,3.185,,,ladder · proj 5.48K,,,,,0.314,,,
2026-09-30T21:39:09+00:00,mlb,props_k,Kevin Gausman Over 7.5 K,0.196,,,,,0,,L,2026.09.30.1,2026-09-30|mlb|props_k|Kevin Gausman Over 7.5 K,2026-09-30,66c0c13a06424600557af241371043fc,Chicago Cubs @ San Diego Padres,2026-10-01T02:00:00Z,Kevin Gausman,7.5,8,0.196,,informatif,5.102,,,ladder · proj 5.48K,,,,,0.196,,,
2026-09-30T21:39:09+00:00,mlb,props_k,Kevin Gausman Over 8.5 K,0.114,,,,,0,,L,2026.09.30.1,2026-09-30|mlb|props_k|Kevin Gausman Over 8.5 K,2026-09-30,66c0c13a06424600557af241371043fc,Chicago Cubs @ San Diego Padres,2026-10-01T02:00:00Z,Kevin Gausman,8.5,9,0.114,,informatif,8.772,,,ladder · proj 5.48K,,,,,0.114,,,
2026-09-30T21:39:09+00:00,mlb,props_k,Kevin Gausman Over 9.5 K,0.061,,,,,0,,L,2026.09.30.1,2026-09-30|mlb|props_k|Kevin Gausman Over 9.5 K,2026-09-30,66c0c13a06424600557af241371043fc,Chicago Cubs @ San Diego Padres,2026-10-01T02:00:00Z,Kevin Gausman,9.5,10,0.061,,informatif,16.393,,,ladder · proj 5.48K,,,,,0.061,,,
2026-09-30T21:40:08+00:00,mlb,mlb_rl,San Diego Padres -1.5,0.502,0.369,,,,0,,W,2026.09.30.1,2026-09-30|mlb|mlb_rl|San Diego Padres -1.5,2026-09-30,66c0c13a06424600557af241371043fc,Chicago Cubs @ San Diego Padres,2026-10-01T02:00:00Z,,,,,,a_saisir,2.445,,,🟡 jouable,2.59,,1,,0.409,,,
2026-09-30T21:40:08+00:00,mlb,mlb_ml,San Diego Padres ML,0.648,0.5739,,,,0,,W,2026.09.30.1,2026-09-30|mlb|mlb_ml|San Diego Padres ML,2026-09-30,66c0c13a06424600557af241371043fc,Chicago Cubs @ San Diego Padres,2026-10-01T02:00:00Z,,,,,,a_saisir,1.678,,,🟡 jouable,1.71,,1,,0.596,,,
2026-09-30T21:40:08+00:00,mlb,mlb_ml,Chicago Cubs ML,0.352,0.4261,,,,0,,L,2026.09.30.1,2026-09-30|mlb|mlb_ml|Chicago Cubs ML,2026-09-30,66c0c13a06424600557af241371043fc,Chicago Cubs @ San Diego Padres,2026-10-01T02:00:00Z,,,,,,a_saisir,2.475,,,🔴 passe,2.31,,0,,0.404,,,
2026-09-30T13:32:44+00:00,mlb,mlb_rl,Houston Astros -1.5,0.442,0.372,,,,0,,L,2026.09.27.1,2026-09-30|mlb|mlb_rl|Houston Astros -1.5,2026-09-30,766096a9312f4528ba2e8b59fe9550fd,Chicago White Sox @ Houston Astros,2026-09-30T21:00:00Z,,,,,,a_saisir,2.545,,,🔴 passe,2.57,,0,,0.393,,,
2026-09-30T13:32:44+00:00,mlb,mlb_ml,Chicago White Sox ML,0.414,0.426,,,,0,2.393,W,2026.09.27.1,2026-09-30|mlb|mlb_ml|Chicago White Sox ML,2026-09-30,766096a9312f4528ba2e8b59fe9550fd,Chicago White Sox @ Houston Astros,2026-09-30T21:00:00Z,,,,,,a_saisir,2.37,0.4178,,🔴 passe,2.32,,0,-0.0305,0.422,,,
2026-09-30T13:32:44+00:00,mlb,mlb_ml,Houston Astros ML,0.586,0.574,,,,0,1.718,L,2026.09.27.1,2026-09-30|mlb|mlb_ml|Houston Astros ML,2026-09-30,766096a9312f4528ba2e8b59fe9550fd,Chicago White Sox @ Houston Astros,2026-09-30T21:00:00Z,,,,,,a_saisir,1.73,0.5822,,🔴 passe,1.69,,0,-0.0163,0.578,,,
2026-09-30T13:32:44+00:00,mlb,mlb_ml,Atlanta Braves ML,0.505,0.4857,,,,0,,L,2026.09.27.1,2026-09-30|mlb|mlb_ml|Atlanta Braves ML,2026-09-30,9e23239e0075a017225697fa3bcd88b3,Philadelphia Phillies @ Atlanta Braves,2026-09-30T18:00:00Z,,,,,,a_saisir,2.033,,,🔴 passe,2.02,,0,,0.492,,,
2026-09-30T13:32:44+00:00,mlb,mlb_ml,Philadelphia Phillies ML,0.495,0.5143,,,,0,,W,2026.09.27.1,2026-09-30|mlb|mlb_ml|Philadelphia Phillies ML,2026-09-30,9e23239e0075a017225697fa3bcd88b3,Philadelphia Phillies @ Atlanta Braves,2026-09-30T18:00:00Z,,,,,,a_saisir,1.969,,,🔴 passe,1.9,,0,,0.508,,,
2026-09-30T21:40:08+00:00,mlb,mlb_ml,Boston Red Sox ML,0.455,0.4481,,,,0,,L,2026.09.30.1,2026-09-30|mlb|mlb_ml|Boston Red Sox ML,2026-09-30,110c5c1a6de988c7066e2f291be8d7ff,Boston Red Sox @ New York Yankees,2026-10-01T00:00:00Z,,,,,,a_saisir,2.222,,,🔴 passe,2.2,,0,,0.45,,,
2026-09-30T21:40:08+00:00,mlb,mlb_rl,New York Yankees -1.5,0.387,0.36,,,,0,,W,2026.09.30.1,2026-09-30|mlb|mlb_rl|New York Yankees -1.5,2026-09-30,110c5c1a6de988c7066e2f291be8d7ff,Boston Red Sox @ New York Yankees,2026-10-01T00:00:00Z,,,,,,a_saisir,2.717,,,🔴 passe,2.66,,0,,0.368,,,
2026-09-30T21:40:08+00:00,mlb,mlb_ml,New York Yankees ML,0.545,0.5519,,,,0,,W,2026.09.30.1,2026-09-30|mlb|mlb_ml|New York Yankees ML,2026-09-30,110c5c1a6de988c7066e2f291be8d7ff,Boston Red Sox @ New York Yankees,2026-10-01T00:00:00Z,,,,,,a_saisir,1.818,,,🔴 passe,1.79,,0,,0.55,,,
2026-09-30T21:40:08+00:00,nhl,nhl_ml,Philadelphia Flyers ML,0.5201,0.5685,,,,0,,VOID,2026.09.30.1,2026-09-30|nhl|nhl_ml|Philadelphia Flyers ML,2026-09-30,255dd8cc841121349fe98f49791da840,Pittsburgh Penguins @ Philadelphia Flyers,2026-09-30T23:30:00Z,,,,,,a_saisir,1.805,,,melange w=0.3,,,,,0.554,,,
2026-09-30T21:40:08+00:00,nhl,nhl_ml,Pittsburgh Penguins ML,0.4799,0.4315,,,,0,,VOID,2026.09.30.1,2026-09-30|nhl|nhl_ml|Pittsburgh Penguins ML,2026-09-30,255dd8cc841121349fe98f49791da840,Pittsburgh Penguins @ Philadelphia Flyers,2026-09-30T23:30:00Z,,,,,,a_saisir,2.242,,,melange w=0.3,,,,,0.446,,,
2026-09-30T21:40:08+00:00,nhl,nhl_puck,Philadelphia Flyers -1.5,0.3518,0.3388,,,,0,,VOID,2026.09.30.1,2026-09-30|nhl|nhl_puck|Philadelphia Flyers -1.5,2026-09-30,255dd8cc841121349fe98f49791da840,Pittsburgh Penguins @ Philadelphia Flyers,2026-09-30T23:30:00Z,,,,,,a_saisir,2.918,,,melange w=0.3,,,,,0.3427,,,
2026-09-30T21:40:08+00:00,nhl,nhl_puck,Pittsburgh Penguins +1.5,0.6482,0.6612,,,,0,,VOID,2026.09.30.1,2026-09-30|nhl|nhl_puck|Pittsburgh Penguins +1.5,2026-09-30,255dd8cc841121349fe98f49791da840,Pittsburgh Penguins @ Philadelphia Flyers,2026-09-30T23:30:00Z,,,,,,a_saisir,1.521,,,melange w=0.3,,,,,0.6573,,,
2026-09-30T21:40:08+00:00,nhl,nhl_puck,Pittsburgh Penguins -1.5,0.3192,,,,,0,,VOID,2026.09.30.1,2026-09-30|nhl|nhl_puck|Pittsburgh Penguins -1.5,2026-09-30,255dd8cc841121349fe98f49791da840,Pittsburgh Penguins @ Philadelphia Flyers,2026-09-30T23:30:00Z,,,,,,a_saisir,3.133,,,modele seul (pas de marche),,,,,0.3192,,,
2026-09-30T21:40:08+00:00,nhl,nhl_puck,Philadelphia Flyers +1.5,0.6808,,,,,0,,VOID,2026.09.30.1,2026-09-30|nhl|nhl_puck|Philadelphia Flyers +1.5,2026-09-30,255dd8cc841121349fe98f49791da840,Pittsburgh Penguins @ Philadelphia Flyers,2026-09-30T23:30:00Z,,,,,,a_saisir,1.469,,,modele seul (pas de marche),,,,,0.6808,,,
2026-09-30T21:40:08+00:00,nhl,nhl_total,Over 5.5,0.5826,,,,,0,,VOID,2026.09.30.1,2026-09-30|nhl|nhl_total|Over 5.5,2026-09-30,255dd8cc841121349fe98f49791da840,Pittsburgh Penguins @ Philadelphia Flyers,2026-09-30T23:30:00Z,,,,,,a_saisir,1.716,,,modele seul (pas de marche),,,,,0.5826,,,
2026-09-30T21:40:08+00:00,nhl,nhl_total,Under 5.5,0.4174,,,,,0,,VOID,2026.09.30.1,2026-09-30|nhl|nhl_total|Under 5.5,2026-09-30,255dd8cc841121349fe98f49791da840,Pittsburgh Penguins @ Philadelphia Flyers,2026-09-30T23:30:00Z,,,,,,a_saisir,2.396,,,modele seul (pas de marche),,,,,0.4174,,,
2026-09-30T21:40:08+00:00,nhl,nhl_total,Over 6.5,0.4738,,,,,0,,VOID,2026.09.30.1,2026-09-30|nhl|nhl_total|Over 6.5,2026-09-30,255dd8cc841121349fe98f49791da840,Pittsburgh Penguins @ Philadelphia Flyers,2026-09-30T23:30:00Z,,,,,,a_saisir,2.111,,,modele seul (pas de marche),,,,,0.4738,,,
2026-09-30T21:40:08+00:00,nhl,nhl_total,Under 6.5,0.5262,,,,,0,,VOID,2026.09.30.1,2026-09-30|nhl|nhl_total|Under 6.5,2026-09-30,255dd8cc841121349fe98f49791da840,Pittsburgh Penguins @ Philadelphia Flyers,2026-09-30T23:30:00Z,,,,,,a_saisir,1.9,,,modele seul (pas de marche),,,,,0.5262,,,
2026-09-30T21:40:08+00:00,nhl,nhl_sog,Nathan MacKinnon Over 4.5 SOG,0.374,,,,,0,,W,2026.09.30.1,2026-09-30|nhl|nhl_sog|Nathan MacKinnon Over 4.5 SOG,2026-09-30,2026020007,LAK @ COL,2026-10-01T02:00:00Z,Nathan MacKinnon,4.5,,,,informatif,2.674,,,SOG lambda 4.02 (nb),,,,,0.374,,8477492,
2026-09-30T21:40:08+00:00,nhl,nhl_sog,Nathan MacKinnon Under 4.5 SOG,0.626,,,,,0,,L,2026.09.30.1,2026-09-30|nhl|nhl_sog|Nathan MacKinnon Under 4.5 SOG,2026-09-30,2026020007,LAK @ COL,2026-10-01T02:00:00Z,Nathan MacKinnon,4.5,,,,informatif,1.597,,,SOG lambda 4.02 (nb),,,,,0.626,,8477492,
2026-09-30T21:40:08+00:00,nhl,nhl_sog,Auston Matthews Over 3.5 SOG,0.4259,,,,,0,,L,2026.09.30.1,2026-09-30|nhl|nhl_sog|Auston Matthews Over 3.5 SOG,2026-09-30,2026020008,NYI @ TOR,2026-09-30T23:30:00Z,Auston Matthews,3.5,,,,informatif,2.348,,,SOG lambda 3.36 (nb),,,,,0.4259,,8479318,
2026-09-30T21:40:08+00:00,nhl,nhl_sog,Auston Matthews Under 3.5 SOG,0.5741,,,,,0,,W,2026.09.30.1,2026-09-30|nhl|nhl_sog|Auston Matthews Under 3.5 SOG,2026-09-30,2026020008,NYI @ TOR,2026-09-30T23:30:00Z,Auston Matthews,3.5,,,,informatif,1.742,,,SOG lambda 3.36 (nb),,,,,0.5741,,8479318,
2026-09-30T21:40:08+00:00,nhl,nhl_sog,Bo Horvat Over 2.5 SOG,0.5522,,,,,0,,W,2026.09.30.1,2026-09-30|nhl|nhl_sog|Bo Horvat Over 2.5 SOG,2026-09-30,2026020008,NYI @ TOR,2026-09-30T23:30:00Z,Bo Horvat,2.5,,,,informatif,1.811,,,SOG lambda 2.96 (nb),,,,,0.5522,,8477500,
2026-09-30T21:40:08+00:00,nhl,nhl_sog,Bo Horvat Under 2.5 SOG,0.4478,,,,,0,,L,2026.09.30.1,2026-09-30|nhl|nhl_sog|Bo Horvat Under 2.5 SOG,2026-09-30,2026020008,NYI @ TOR,2026-09-30T23:30:00Z,Bo Horvat,2.5,,,,informatif,2.233,,,SOG lambda 2.96 (nb),,,,,0.4478,,8477500,
2026-09-30T21:40:08+00:00,nhl,nhl_sog,Matthew Schaefer Over 2.5 SOG,0.4768,,,,,0,,W,2026.09.30.1,2026-09-30|nhl|nhl_sog|Matthew Schaefer Over 2.5 SOG,2026-09-30,2026020008,NYI @ TOR,2026-09-30T23:30:00Z,Matthew Schaefer,2.5,,,,informatif,2.097,,,SOG lambda 2.62 (nb),,,,,0.4768,,8485366,
2026-09-30T21:40:08+00:00,nhl,nhl_sog,Matthew Schaefer Under 2.5 SOG,0.5232,,,,,0,,L,2026.09.30.1,2026-09-30|nhl|nhl_sog|Matthew Schaefer Under 2.5 SOG,2026-09-30,2026020008,NYI @ TOR,2026-09-30T23:30:00Z,Matthew Schaefer,2.5,,,,informatif,1.911,,,SOG lambda 2.62 (nb),,,,,0.5232,,8485366,
2026-09-30T21:40:08+00:00,nhl,nhl_sog,Martin Necas Over 2.5 SOG,0.4569,,,,,0,,W,2026.09.30.1,2026-09-30|nhl|nhl_sog|Martin Necas Over 2.5 SOG,2026-09-30,2026020007,LAK @ COL,2026-10-01T02:00:00Z,Martin Necas,2.5,,,,informatif,2.189,,,SOG lambda 2.53 (nb),,,,,0.4569,,8480039,
2026-09-30T21:40:08+00:00,nhl,nhl_sog,Martin Necas Under 2.5 SOG,0.5431,,,,,0,,L,2026.09.30.1,2026-09-30|nhl|nhl_sog|Martin Necas Under 2.5 SOG,2026-09-30,2026020007,LAK @ COL,2026-10-01T02:00:00Z,Martin Necas,2.5,,,,informatif,1.841,,,SOG lambda 2.53 (nb),,,,,0.5431,,8480039,
2026-09-30T21:40:08+00:00,nhl,nhl_sog,Darren Raddysh Over 2.5 SOG,0.4317,,,,,0,,W,2026.09.30.1,2026-09-30|nhl|nhl_sog|Darren Raddysh Over 2.5 SOG,2026-09-30,2026020008,NYI @ TOR,2026-09-30T23:30:00Z,Darren Raddysh,2.5,,,,informatif,2.316,,,SOG lambda 2.43 (nb),,,,,0.4317,,8478178,
2026-09-30T21:40:08+00:00,nhl,nhl_sog,Darren Raddysh Under 2.5 SOG,0.5683,,,,,0,,L,2026.09.30.1,2026-09-30|nhl|nhl_sog|Darren Raddysh Under 2.5 SOG,2026-09-30,2026020008,NYI @ TOR,2026-09-30T23:30:00Z,Darren Raddysh,2.5,,,,informatif,1.76,,,SOG lambda 2.43 (nb),,,,,0.5683,,8478178,
2026-10-01T22:03:40+00:00,mlb,props_k,Ray Kerr Over 2.5 K,0.476,,,,,0,,L,2026.09.30.1,2026-10-01|mlb|props_k|Ray Kerr Over 2.5 K,2026-10-01,5524c44b05e28aa899909c9e001184ec,Philadelphia Phillies @ Atlanta Braves,2026-10-02T00:11:00Z,Ray Kerr,2.5,3,0.476,,informatif,2.101,,,ladder · proj 2.59K,,,,,0.476,,,
2026-10-01T22:03:40+00:00,mlb,props_k,Ray Kerr Over 3.5 K,0.264,,,,,0,,L,2026.09.30.1,2026-10-01|mlb|props_k|Ray Kerr Over 3.5 K,2026-10-01,5524c44b05e28aa899909c9e001184ec,Philadelphia Phillies @ Atlanta Braves,2026-10-02T00:11:00Z,Ray Kerr,3.5,4,0.264,,informatif,3.788,,,ladder · proj 2.59K,,,,,0.264,,,
2026-10-01T22:03:40+00:00,mlb,props_k,Ray Kerr Over 4.5 K,0.126,,,,,0,,L,2026.09.30.1,2026-10-01|mlb|props_k|Ray Kerr Over 4.5 K,2026-10-01,5524c44b05e28aa899909c9e001184ec,Philadelphia Phillies @ Atlanta Braves,2026-10-02T00:11:00Z,Ray Kerr,4.5,5,0.126,,informatif,7.937,,,ladder · proj 2.59K,,,,,0.126,,,
2026-10-01T22:03:40+00:00,mlb,props_k,Ray Kerr Over 5.5 K,0.052,,,,,0,,L,2026.09.30.1,2026-10-01|mlb|props_k|Ray Kerr Over 5.5 K,2026-10-01,5524c44b05e28aa899909c9e001184ec,Philadelphia Phillies @ Atlanta Braves,2026-10-02T00:11:00Z,Ray Kerr,5.5,6,0.052,,informatif,19.231,,,ladder · proj 2.59K,,,,,0.052,,,
2026-10-01T22:03:40+00:00,mlb,props_k,Ray Kerr Over 6.5 K,0.019,,,,,0,,L,2026.09.30.1,2026-10-01|mlb|props_k|Ray Kerr Over 6.5 K,2026-10-01,5524c44b05e28aa899909c9e001184ec,Philadelphia Phillies @ Atlanta Braves,2026-10-02T00:11:00Z,Ray Kerr,6.5,7,0.019,,informatif,52.632,,,ladder · proj 2.59K,,,,,0.019,,,
2026-10-01T22:03:40+00:00,mlb,props_k,Ray Kerr Over 7.5 K,0.006,,,,,0,,L,2026.09.30.1,2026-10-01|mlb|props_k|Ray Kerr Over 7.5 K,2026-10-01,5524c44b05e28aa899909c9e001184ec,Philadelphia Phillies @ Atlanta Braves,2026-10-02T00:11:00Z,Ray Kerr,7.5,8,0.006,,informatif,166.667,,,ladder · proj 2.59K,,,,,0.006,,,
2026-10-01T22:03:40+00:00,mlb,props_k,Ray Kerr Over 8.5 K,0.002,,,,,0,,L,2026.09.30.1,2026-10-01|mlb|props_k|Ray Kerr Over 8.5 K,2026-10-01,5524c44b05e28aa899909c9e001184ec,Philadelphia Phillies @ Atlanta Braves,2026-10-02T00:11:00Z,Ray Kerr,8.5,9,0.002,,informatif,500,,,ladder · proj 2.59K,,,,,0.002,,,
2026-10-01T22:03:40+00:00,mlb,props_k,Ray Kerr Over 9.5 K,0.001,,,,,0,,L,2026.09.30.1,2026-10-01|mlb|props_k|Ray Kerr Over 9.5 K,2026-10-01,5524c44b05e28aa899909c9e001184ec,Philadelphia Phillies @ Atlanta Braves,2026-10-02T00:11:00Z,Ray Kerr,9.5,10,0.001,,informatif,1000,,,ladder · proj 2.59K,,,,,0.001,,,
2026-10-01T22:03:40+00:00,mlb,props_k,Aaron Nola Over 2.5 K,0.887,,,,,0,,L,2026.09.30.1,2026-10-01|mlb|props_k|Aaron Nola Over 2.5 K,2026-10-01,5524c44b05e28aa899909c9e001184ec,Philadelphia Phillies @ Atlanta Braves,2026-10-02T00:11:00Z,Aaron Nola,2.5,3,0.887,,informatif,1.127,,,ladder · proj 5.29K,,,,,0.887,,,
2026-10-01T22:03:40+00:00,mlb,props_k,Aaron Nola Over 3.5 K,0.761,,,,,0,,L,2026.09.30.1,2026-10-01|mlb|props_k|Aaron Nola Over 3.5 K,2026-10-01,5524c44b05e28aa899909c9e001184ec,Philadelphia Phillies @ Atlanta Braves,2026-10-02T00:11:00Z,Aaron Nola,3.5,4,0.761,,informatif,1.314,,,ladder · proj 5.29K,,,,,0.761,,,
2026-10-01T22:03:40+00:00,mlb,props_k,Aaron Nola Over 4.5 K,0.6,,,,,0,,L,2026.09.30.1,2026-10-01|mlb|props_k|Aaron Nola Over 4.5 K,2026-10-01,5524c44b05e28aa899909c9e001184ec,Philadelphia Phillies @ Atlanta Braves,2026-10-02T00:11:00Z,Aaron Nola,4.5,5,0.6,,informatif,1.667,,,ladder · proj 5.29K,,,,,0.6,,,
2026-10-01T22:03:40+00:00,mlb,props_k,Aaron Nola Over 5.5 K,0.432,,,,,0,,L,2026.09.30.1,2026-10-01|mlb|props_k|Aaron Nola Over 5.5 K,2026-10-01,5524c44b05e28aa899909c9e001184ec,Philadelphia Phillies @ Atlanta Braves,2026-10-02T00:11:00Z,Aaron Nola,5.5,6,0.432,,informatif,2.315,,,ladder · proj 5.29K,,,,,0.432,,,
2026-10-01T22:03:40+00:00,mlb,props_k,Aaron Nola Over 6.5 K,0.286,,,,,0,,L,2026.09.30.1,2026-10-01|mlb|props_k|Aaron Nola Over 6.5 K,2026-10-01,5524c44b05e28aa899909c9e001184ec,Philadelphia Phillies @ Atlanta Braves,2026-10-02T00:11:00Z,Aaron Nola,6.5,7,0.286,,informatif,3.497,,,ladder · proj 5.29K,,,,,0.286,,,
2026-10-01T22:03:40+00:00,mlb,props_k,Aaron Nola Over 7.5 K,0.174,,,,,0,,L,2026.09.30.1,2026-10-01|mlb|props_k|Aaron Nola Over 7.5 K,2026-10-01,5524c44b05e28aa899909c9e001184ec,Philadelphia Phillies @ Atlanta Braves,2026-10-02T00:11:00Z,Aaron Nola,7.5,8,0.174,,informatif,5.747,,,ladder · proj 5.29K,,,,,0.174,,,
2026-10-01T22:03:40+00:00,mlb,props_k,Aaron Nola Over 8.5 K,0.098,,,,,0,,L,2026.09.30.1,2026-10-01|mlb|props_k|Aaron Nola Over 8.5 K,2026-10-01,5524c44b05e28aa899909c9e001184ec,Philadelphia Phillies @ Atlanta Braves,2026-10-02T00:11:00Z,Aaron Nola,8.5,9,0.098,,informatif,10.204,,,ladder · proj 5.29K,,,,,0.098,,,
2026-10-01T22:03:40+00:00,mlb,props_k,Aaron Nola Over 9.5 K,0.051,,,,,0,,L,2026.09.30.1,2026-10-01|mlb|props_k|Aaron Nola Over 9.5 K,2026-10-01,5524c44b05e28aa899909c9e001184ec,Philadelphia Phillies @ Atlanta Braves,2026-10-02T00:11:00Z,Aaron Nola,9.5,10,0.051,,informatif,19.608,,,ladder · proj 5.29K,,,,,0.051,,,
2026-10-01T22:04:20+00:00,nhl,nhl_ml,New Jersey Devils ML,0.7746,0.6239,,,,0,,,2026.09.30.1,2026-10-01|nhl|nhl_ml|New Jersey Devils ML,2026-10-01,adafb8ad64a5e4413184d98e9c06820d,Philadelphia Flyers @ New Jersey Devils,2026-10-01T23:10:00Z,,,,,,a_saisir,1.494,,,melange w=0.3,,,,,0.6691,,,
2026-10-01T22:04:20+00:00,nhl,nhl_ml,Philadelphia Flyers ML,0.2254,0.3761,,,,0,,,2026.09.30.1,2026-10-01|nhl|nhl_ml|Philadelphia Flyers ML,2026-10-01,adafb8ad64a5e4413184d98e9c06820d,Philadelphia Flyers @ New Jersey Devils,2026-10-01T23:10:00Z,,,,,,a_saisir,3.022,,,melange w=0.3,,,,,0.3309,,,
2026-10-01T22:04:20+00:00,nhl,nhl_puck,New Jersey Devils -1.5,0.6181,0.3899,,,,0,,,2026.09.30.1,2026-10-01|nhl|nhl_puck|New Jersey Devils -1.5,2026-10-01,adafb8ad64a5e4413184d98e9c06820d,Philadelphia Flyers @ New Jersey Devils,2026-10-01T23:10:00Z,,,,,,a_saisir,2.182,,,melange w=0.3,,,,,0.4584,,,
2026-10-01T22:04:20+00:00,nhl,nhl_puck,Philadelphia Flyers +1.5,0.3819,0.6101,,,,0,,,2026.09.30.1,2026-10-01|nhl|nhl_puck|Philadelphia Flyers +1.5,2026-10-01,adafb8ad64a5e4413184d98e9c06820d,Philadelphia Flyers @ New Jersey Devils,2026-10-01T23:10:00Z,,,,,,a_saisir,1.846,,,melange w=0.3,,,,,0.5416,,,
2026-10-01T22:04:20+00:00,nhl,nhl_puck,Philadelphia Flyers -1.5,0.1153,,,,,0,,,2026.09.30.1,2026-10-01|nhl|nhl_puck|Philadelphia Flyers -1.5,2026-10-01,adafb8ad64a5e4413184d98e9c06820d,Philadelphia Flyers @ New Jersey Devils,2026-10-01T23:10:00Z,,,,,,a_saisir,8.671,,,modele seul (pas de marche),,,,,0.1153,,,
2026-10-01T22:04:20+00:00,nhl,nhl_puck,New Jersey Devils +1.5,0.8847,,,,,0,,,2026.09.30.1,2026-10-01|nhl|nhl_puck|New Jersey Devils +1.5,2026-10-01,adafb8ad64a5e4413184d98e9c06820d,Philadelphia Flyers @ New Jersey Devils,2026-10-01T23:10:00Z,,,,,,a_saisir,1.13,,,modele seul (pas de marche),,,,,0.8847,,,
2026-10-01T22:04:20+00:00,nhl,nhl_total,Over 5.5,0.554,,,,,0,,,2026.09.30.1,2026-10-01|nhl|nhl_total|Over 5.5,2026-10-01,6b3f5ca8c7e1a314027966d8854d7989,Florida Panthers @ San Jose Sharks,2026-10-02T02:10:00Z,,,,,,a_saisir,1.805,,,modele seul (pas de marche),,,,,0.554,,,
2026-10-01T22:04:20+00:00,nhl,nhl_total,Under 5.5,0.446,,,,,0,,,2026.09.30.1,2026-10-01|nhl|nhl_total|Under 5.5,2026-10-01,6b3f5ca8c7e1a314027966d8854d7989,Florida Panthers @ San Jose Sharks,2026-10-02T02:10:00Z,,,,,,a_saisir,2.242,,,modele seul (pas de marche),,,,,0.446,,,
2026-10-01T22:04:20+00:00,nhl,nhl_total,Over 6.5,0.4394,0.5027,,,,0,,,2026.09.30.1,2026-10-01|nhl|nhl_total|Over 6.5,2026-10-01,6b3f5ca8c7e1a314027966d8854d7989,Florida Panthers @ San Jose Sharks,2026-10-02T02:10:00Z,,,,,,a_saisir,2.067,,,melange w=0.3,,,,,0.4837,,,
2026-10-01T22:04:20+00:00,nhl,nhl_total,Under 6.5,0.5606,0.4973,,,,0,,,2026.09.30.1,2026-10-01|nhl|nhl_total|Under 6.5,2026-10-01,6b3f5ca8c7e1a314027966d8854d7989,Florida Panthers @ San Jose Sharks,2026-10-02T02:10:00Z,,,,,,a_saisir,1.937,,,melange w=0.3,,,,,0.5163,,,
2026-10-01T22:04:20+00:00,nhl,nhl_ml,Nashville Predators ML,0.422,0.4206,,,,0,,,2026.09.30.1,2026-10-01|nhl|nhl_ml|Nashville Predators ML,2026-10-01,d7ee30a18a428cc3a3f08a82b0c482d4,Minnesota Wild @ Nashville Predators,2026-10-02T00:10:00Z,,,,,,a_saisir,2.375,,,melange w=0.3,,,,,0.421,,,
2026-10-01T22:04:20+00:00,nhl,nhl_ml,Minnesota Wild ML,0.578,0.5794,,,,0,,,2026.09.30.1,2026-10-01|nhl|nhl_ml|Minnesota Wild ML,2026-10-01,d7ee30a18a428cc3a3f08a82b0c482d4,Minnesota Wild @ Nashville Predators,2026-10-02T00:10:00Z,,,,,,a_saisir,1.727,,,melange w=0.3,,,,,0.579,,,
2026-10-01T22:04:20+00:00,nhl,nhl_puck,Nashville Predators -1.5,0.2587,,,,,0,,,2026.09.30.1,2026-10-01|nhl|nhl_puck|Nashville Predators -1.5,2026-10-01,d7ee30a18a428cc3a3f08a82b0c482d4,Minnesota Wild @ Nashville Predators,2026-10-02T00:10:00Z,,,,,,a_saisir,3.866,,,modele seul (pas de marche),,,,,0.2587,,,
2026-10-01T22:04:20+00:00,nhl,nhl_puck,Minnesota Wild +1.5,0.7413,,,,,0,,,2026.09.30.1,2026-10-01|nhl|nhl_puck|Minnesota Wild +1.5,2026-10-01,d7ee30a18a428cc3a3f08a82b0c482d4,Minnesota Wild @ Nashville Predators,2026-10-02T00:10:00Z,,,,,,a_saisir,1.349,,,modele seul (pas de marche),,,,,0.7413,,,
2026-10-01T22:04:20+00:00,nhl,nhl_puck,Minnesota Wild -1.5,0.4049,0.3485,,,,0,,,2026.09.30.1,2026-10-01|nhl|nhl_puck|Minnesota Wild -1.5,2026-10-01,d7ee30a18a428cc3a3f08a82b0c482d4,Minnesota Wild @ Nashville Predators,2026-10-02T00:10:00Z,,,,,,a_saisir,2.737,,,melange w=0.3,,,,,0.3654,,,
2026-10-01T22:04:20+00:00,nhl,nhl_puck,Nashville Predators +1.5,0.5951,0.6515,,,,0,,,2026.09.30.1,2026-10-01|nhl|nhl_puck|Nashville Predators +1.5,2026-10-01,d7ee30a18a428cc3a3f08a82b0c482d4,Minnesota Wild @ Nashville Predators,2026-10-02T00:10:00Z,,,,,,a_saisir,1.576,,,melange w=0.3,,,,,0.6346,,,
2026-10-01T22:04:20+00:00,nhl,nhl_ml,San Jose Sharks ML,0.3062,0.4161,,,,0,,,2026.09.30.1,2026-10-01|nhl|nhl_ml|San Jose Sharks ML,2026-10-01,6b3f5ca8c7e1a314027966d8854d7989,Florida Panthers @ San Jose Sharks,2026-10-02T02:10:00Z,,,,,,a_saisir,2.61,,,melange w=0.3,,,,,0.3831,,,
2026-10-01T22:04:20+00:00,nhl,nhl_ml,Florida Panthers ML,0.6938,0.5839,,,,0,,,2026.09.30.1,2026-10-01|nhl|nhl_ml|Florida Panthers ML,2026-10-01,6b3f5ca8c7e1a314027966d8854d7989,Florida Panthers @ San Jose Sharks,2026-10-02T02:10:00Z,,,,,,a_saisir,1.621,,,melange w=0.3,,,,,0.6169,,,
2026-10-01T22:04:20+00:00,nhl,nhl_puck,San Jose Sharks -1.5,0.1714,,,,,0,,,2026.09.30.1,2026-10-01|nhl|nhl_puck|San Jose Sharks -1.5,2026-10-01,6b3f5ca8c7e1a314027966d8854d7989,Florida Panthers @ San Jose Sharks,2026-10-02T02:10:00Z,,,,,,a_saisir,5.835,,,modele seul (pas de marche),,,,,0.1714,,,
2026-10-01T22:04:20+00:00,nhl,nhl_puck,Florida Panthers +1.5,0.8286,,,,,0,,,2026.09.30.1,2026-10-01|nhl|nhl_puck|Florida Panthers +1.5,2026-10-01,6b3f5ca8c7e1a314027966d8854d7989,Florida Panthers @ San Jose Sharks,2026-10-02T02:10:00Z,,,,,,a_saisir,1.207,,,modele seul (pas de marche),,,,,0.8286,,,
2026-10-01T22:04:20+00:00,nhl,nhl_puck,Florida Panthers -1.5,0.5311,0.3654,,,,0,,,2026.09.30.1,2026-10-01|nhl|nhl_puck|Florida Panthers -1.5,2026-10-01,6b3f5ca8c7e1a314027966d8854d7989,Florida Panthers @ San Jose Sharks,2026-10-02T02:10:00Z,,,,,,a_saisir,2.409,,,melange w=0.3,,,,,0.4151,,,
2026-10-01T22:04:20+00:00,nhl,nhl_puck,San Jose Sharks +1.5,0.4689,0.6346,,,,0,,,2026.09.30.1,2026-10-01|nhl|nhl_puck|San Jose Sharks +1.5,2026-10-01,6b3f5ca8c7e1a314027966d8854d7989,Florida Panthers @ San Jose Sharks,2026-10-02T02:10:00Z,,,,,,a_saisir,1.71,,,melange w=0.3,,,,,0.5849,,,
2026-10-01T22:04:20+00:00,nhl,nhl_sog,Jack Hughes Over 3.5 SOG,0.5011,,,,,0,,W,2026.09.30.1,2026-10-01|nhl|nhl_sog|Jack Hughes Over 3.5 SOG,2026-10-01,2026020009,PHI @ NJD,2026-10-01T23:00:00Z,Jack Hughes,3.5,,,,informatif,1.996,,,SOG lambda 3.74 (nb),,,,,0.5011,,8481559,
2026-10-01T22:04:20+00:00,nhl,nhl_sog,Jack Hughes Under 3.5 SOG,0.4989,,,,,0,,L,2026.09.30.1,2026-10-01|nhl|nhl_sog|Jack Hughes Under 3.5 SOG,2026-10-01,2026020009,PHI @ NJD,2026-10-01T23:00:00Z,Jack Hughes,3.5,,,,informatif,2.004,,,SOG lambda 3.74 (nb),,,,,0.4989,,8481559,
2026-10-01T22:04:20+00:00,nhl,nhl_sog,Zach Werenski Over 3.5 SOG,0.451,,,,,0,,L,2026.09.30.1,2026-10-01|nhl|nhl_sog|Zach Werenski Over 3.5 SOG,2026-10-01,2026020011,BUF @ CBJ,2026-10-01T23:00:00Z,Zach Werenski,3.5,,,,informatif,2.217,,,SOG lambda 3.48 (nb),,,,,0.451,,8478460,
2026-10-01T22:04:20+00:00,nhl,nhl_sog,Zach Werenski Under 3.5 SOG,0.549,,,,,0,,W,2026.09.30.1,2026-10-01|nhl|nhl_sog|Zach Werenski Under 3.5 SOG,2026-10-01,2026020011,BUF @ CBJ,2026-10-01T23:00:00Z,Zach Werenski,3.5,,,,informatif,1.821,,,SOG lambda 3.48 (nb),,,,,0.549,,8478460,
2026-10-01T22:04:20+00:00,nhl,nhl_sog,Timo Meier Over 3.5 SOG,0.4025,,,,,0,,W,2026.09.30.1,2026-10-01|nhl|nhl_sog|Timo Meier Over 3.5 SOG,2026-10-01,2026020009,PHI @ NJD,2026-10-01T23:00:00Z,Timo Meier,3.5,,,,informatif,2.484,,,SOG lambda 3.24 (nb),,,,,0.4025,,8478414,
2026-10-01T22:04:20+00:00,nhl,nhl_sog,Timo Meier Under 3.5 SOG,0.5975,,,,,0,,L,2026.09.30.1,2026-10-01|nhl|nhl_sog|Timo Meier Under 3.5 SOG,2026-10-01,2026020009,PHI @ NJD,2026-10-01T23:00:00Z,Timo Meier,3.5,,,,informatif,1.674,,,SOG lambda 3.24 (nb),,,,,0.5975,,8478414,
2026-10-01T22:04:20+00:00,nhl,nhl_sog,Connor McDavid Over 3.5 SOG,0.3656,,2.05,bet365,-25.05,0,,L,2026.09.30.1,2026-10-01|nhl|nhl_sog|Connor McDavid Over 3.5 SOG,2026-10-01,2026020015,EDM @ VAN,2026-10-02T02:00:00Z,Connor McDavid,3.5,,,,informatif,2.735,,,SOG lambda 3.06 (nb),,,,,0.3656,,8478402,
2026-10-01T22:04:20+00:00,nhl,nhl_sog,Connor McDavid Under 3.5 SOG,0.6344,,,,,0,,W,2026.09.30.1,2026-10-01|nhl|nhl_sog|Connor McDavid Under 3.5 SOG,2026-10-01,2026020015,EDM @ VAN,2026-10-02T02:00:00Z,Connor McDavid,3.5,,,,informatif,1.576,,,SOG lambda 3.06 (nb),,,,,0.6344,,8478402,
2026-10-01T22:04:20+00:00,nhl,nhl_sog,Macklin Celebrini Over 3.5 SOG,0.3553,,,,,0,,W,2026.09.30.1,2026-10-01|nhl|nhl_sog|Macklin Celebrini Over 3.5 SOG,2026-10-01,2026020016,FLA @ SJS,2026-10-02T02:00:00Z,Macklin Celebrini,3.5,,,,informatif,2.815,,,SOG lambda 3.01 (nb),,,,,0.3553,,8484801,
2026-10-01T22:04:20+00:00,nhl,nhl_sog,Macklin Celebrini Under 3.5 SOG,0.6447,,,,,0,,L,2026.09.30.1,2026-10-01|nhl|nhl_sog|Macklin Celebrini Under 3.5 SOG,2026-10-01,2026020016,FLA @ SJS,2026-10-02T02:00:00Z,Macklin Celebrini,3.5,,,,informatif,1.551,,,SOG lambda 3.01 (nb),,,,,0.6447,,8484801,
2026-10-01T22:04:20+00:00,nhl,nhl_sog,Brandon Hagel Over 2.5 SOG,0.5455,,,,,0,,W,2026.09.30.1,2026-10-01|nhl|nhl_sog|Brandon Hagel Over 2.5 SOG,2026-10-01,2026020010,TBL @ NYR,2026-10-01T23:00:00Z,Brandon Hagel,2.5,,,,informatif,1.833,,,SOG lambda 2.93 (nb),,,,,0.5455,,8479542,
2026-10-01T22:04:20+00:00,nhl,nhl_sog,Brandon Hagel Under 2.5 SOG,0.4545,,,,,0,,L,2026.09.30.1,2026-10-01|nhl|nhl_sog|Brandon Hagel Under 2.5 SOG,2026-10-01,2026020010,TBL @ NYR,2026-10-01T23:00:00Z,Brandon Hagel,2.5,,,,informatif,2.2,,,SOG lambda 2.93 (nb),,,,,0.4545,,8479542,
2026-10-01T22:04:20+00:00,nhl,nhl_sog,Brady Tkachuk Over 2.5 SOG,0.5378,,,,,0,,W,2026.09.30.1,2026-10-01|nhl|nhl_sog|Brady Tkachuk Over 2.5 SOG,2026-10-01,2026020016,FLA @ SJS,2026-10-02T02:00:00Z,Brady Tkachuk,2.5,,,,informatif,1.859,,,SOG lambda 2.89 (nb),,,,,0.5378,,8480801,
2026-10-01T22:04:20+00:00,nhl,nhl_sog,Brady Tkachuk Under 2.5 SOG,0.4622,,,,,0,,L,2026.09.30.1,2026-10-01|nhl|nhl_sog|Brady Tkachuk Under 2.5 SOG,2026-10-01,2026020016,FLA @ SJS,2026-10-02T02:00:00Z,Brady Tkachuk,2.5,,,,informatif,2.164,,,SOG lambda 2.89 (nb),,,,,0.4622,,8480801,
2026-10-01T22:04:20+00:00,nhl,nhl_sog,Tage Thompson Over 2.5 SOG,0.5305,,,,,0,,W,2026.09.30.1,2026-10-01|nhl|nhl_sog|Tage Thompson Over 2.5 SOG,2026-10-01,2026020011,BUF @ CBJ,2026-10-01T23:00:00Z,Tage Thompson,2.5,,,,informatif,1.885,,,SOG lambda 2.86 (nb),,,,,0.5305,,8479420,
2026-10-01T22:04:20+00:00,nhl,nhl_sog,Tage Thompson Under 2.5 SOG,0.4695,,,,,0,,L,2026.09.30.1,2026-10-01|nhl|nhl_sog|Tage Thompson Under 2.5 SOG,2026-10-01,2026020011,BUF @ CBJ,2026-10-01T23:00:00Z,Tage Thompson,2.5,,,,informatif,2.13,,,SOG lambda 2.86 (nb),,,,,0.4695,,8479420,
2026-10-01T22:04:20+00:00,nhl,nhl_sog,Connor Bedard Over 2.5 SOG,0.5166,,,,,0,,VOID,2026.09.30.1,2026-10-01|nhl|nhl_sog|Connor Bedard Over 2.5 SOG,2026-10-01,2026020013,CHI @ UTA,2026-10-02T01:30:00Z,Connor Bedard,2.5,,,,informatif,1.936,,,SOG lambda 2.79 (nb),,,,,0.5166,,8484144,
2026-10-01T22:04:20+00:00,nhl,nhl_sog,Connor Bedard Under 2.5 SOG,0.4834,,,,,0,,VOID,2026.09.30.1,2026-10-01|nhl|nhl_sog|Connor Bedard Under 2.5 SOG,2026-10-01,2026020013,CHI @ UTA,2026-10-02T01:30:00Z,Connor Bedard,2.5,,,,informatif,2.069,,,SOG lambda 2.79 (nb),,,,,0.4834,,8484144,
2026-10-01T22:04:20+00:00,nhl,nhl_sog,Filip Forsberg Over 2.5 SOG,0.516,,,,,0,,L,2026.09.30.1,2026-10-01|nhl|nhl_sog|Filip Forsberg Over 2.5 SOG,2026-10-01,2026020012,MIN @ NSH,2026-10-02T00:00:00Z,Filip Forsberg,2.5,,,,informatif,1.938,,,SOG lambda 2.79 (nb),,,,,0.516,,8476887,
2026-10-01T22:04:20+00:00,nhl,nhl_sog,Filip Forsberg Under 2.5 SOG,0.484,,,,,0,,W,2026.09.30.1,2026-10-01|nhl|nhl_sog|Filip Forsberg Under 2.5 SOG,2026-10-01,2026020012,MIN @ NSH,2026-10-02T00:00:00Z,Filip Forsberg,2.5,,,,informatif,2.066,,,SOG lambda 2.79 (nb),,,,,0.484,,8476887,
2026-10-01T22:04:20+00:00,nhl,nhl_sog,Kirill Kaprizov Over 2.5 SOG,0.4732,,,,,0,,W,2026.09.30.1,2026-10-01|nhl|nhl_sog|Kirill Kaprizov Over 2.5 SOG,2026-10-01,2026020012,MIN @ NSH,2026-10-02T00:00:00Z,Kirill Kaprizov,2.5,,,,informatif,2.113,,,SOG lambda 2.60 (nb),,,,,0.4732,,8478864,
2026-10-01T22:04:20+00:00,nhl,nhl_sog,Kirill Kaprizov Under 2.5 SOG,0.5268,,,,,0,,L,2026.09.30.1,2026-10-01|nhl|nhl_sog|Kirill Kaprizov Under 2.5 SOG,2026-10-01,2026020012,MIN @ NSH,2026-10-02T00:00:00Z,Kirill Kaprizov,2.5,,,,informatif,1.898,,,SOG lambda 2.60 (nb),,,,,0.5268,,8478864,
2026-10-01T22:04:20+00:00,nhl,nhl_sog,Nikita Kucherov Over 2.5 SOG,0.4731,,,,,0,,L,2026.09.30.1,2026-10-01|nhl|nhl_sog|Nikita Kucherov Over 2.5 SOG,2026-10-01,2026020010,TBL @ NYR,2026-10-01T23:00:00Z,Nikita Kucherov,2.5,,,,informatif,2.114,,,SOG lambda 2.60 (nb),,,,,0.4731,,8476453,
2026-10-01T22:04:20+00:00,nhl,nhl_sog,Nikita Kucherov Under 2.5 SOG,0.5269,,,,,0,,W,2026.09.30.1,2026-10-01|nhl|nhl_sog|Nikita Kucherov Under 2.5 SOG,2026-10-01,2026020010,TBL @ NYR,2026-10-01T23:00:00Z,Nikita Kucherov,2.5,,,,informatif,1.898,,,SOG lambda 2.60 (nb),,,,,0.5269,,8476453,
2026-10-01T22:04:20+00:00,nhl,nhl_sog,Matt Boldy Over 2.5 SOG,0.4529,,,,,0,,W,2026.09.30.1,2026-10-01|nhl|nhl_sog|Matt Boldy Over 2.5 SOG,2026-10-01,2026020012,MIN @ NSH,2026-10-02T00:00:00Z,Matt Boldy,2.5,,,,informatif,2.208,,,SOG lambda 2.52 (nb),,,,,0.4529,,8481557,
2026-10-01T22:04:20+00:00,nhl,nhl_sog,Matt Boldy Under 2.5 SOG,0.5471,,,,,0,,L,2026.09.30.1,2026-10-01|nhl|nhl_sog|Matt Boldy Under 2.5 SOG,2026-10-01,2026020012,MIN @ NSH,2026-10-02T00:00:00Z,Matt Boldy,2.5,,,,informatif,1.828,,,SOG lambda 2.52 (nb),,,,,0.5471,,8481557,
2026-10-01T22:04:20+00:00,nhl,nhl_sog,Evan Bouchard Over 2.5 SOG,0.435,,,,,0,,W,2026.09.30.1,2026-10-01|nhl|nhl_sog|Evan Bouchard Over 2.5 SOG,2026-10-01,2026020015,EDM @ VAN,2026-10-02T02:00:00Z,Evan Bouchard,2.5,,,,informatif,2.299,,,SOG lambda 2.44 (nb),,,,,0.435,,8480803,
2026-10-01T22:04:20+00:00,nhl,nhl_sog,Evan Bouchard Under 2.5 SOG,0.565,,,,,0,,L,2026.09.30.1,2026-10-01|nhl|nhl_sog|Evan Bouchard Under 2.5 SOG,2026-10-01,2026020015,EDM @ VAN,2026-10-02T02:00:00Z,Evan Bouchard,2.5,,,,informatif,1.77,,,SOG lambda 2.44 (nb),,,,,0.565,,8480803,
2026-10-01T22:04:20+00:00,nhl,nhl_sog,Leon Draisaitl Over 2.5 SOG,0.4012,,,,,0,,W,2026.09.30.1,2026-10-01|nhl|nhl_sog|Leon Draisaitl Over 2.5 SOG,2026-10-01,2026020015,EDM @ VAN,2026-10-02T02:00:00Z,Leon Draisaitl,2.5,,,,informatif,2.493,,,SOG lambda 2.31 (nb),,,,,0.4012,,8477934,
2026-10-01T22:04:20+00:00,nhl,nhl_sog,Leon Draisaitl Under 2.5 SOG,0.5988,,,,,0,,L,2026.09.30.1,2026-10-01|nhl|nhl_sog|Leon Draisaitl Under 2.5 SOG,2026-10-01,2026020015,EDM @ VAN,2026-10-02T02:00:00Z,Leon Draisaitl,2.5,,,,informatif,1.67,,,SOG lambda 2.31 (nb),,,,,0.5988,,8477934,
2026-10-02T16:38:37+00:00,nhl,nhl_ml,Carolina Hurricanes ML,0.5332,0.5721,,,,0,,,2026.09.30.1,2026-10-02|nhl|nhl_ml|Carolina Hurricanes ML,2026-10-02,dfc3a73fc50d3d1c4b58150c834e2e7d,Washington Capitals @ Carolina Hurricanes,2026-10-02T23:10:00Z,,,,,,a_saisir,1.784,,,melange w=0.3,,,,,0.5604,,,
2026-10-02T16:38:37+00:00,nhl,nhl_ml,Washington Capitals ML,0.4668,0.4279,,,,0,,,2026.09.30.1,2026-10-02|nhl|nhl_ml|Washington Capitals ML,2026-10-02,dfc3a73fc50d3d1c4b58150c834e2e7d,Washington Capitals @ Carolina Hurricanes,2026-10-02T23:10:00Z,,,,,,a_saisir,2.275,,,melange w=0.3,,,,,0.4396,,,
2026-10-02T16:38:37+00:00,nhl,nhl_puck,Carolina Hurricanes -1.5,0.3569,0.3449,,,,0,,,2026.09.30.1,2026-10-02|nhl|nhl_puck|Carolina Hurricanes -1.5,2026-10-02,dfc3a73fc50d3d1c4b58150c834e2e7d,Washington Capitals @ Carolina Hurricanes,2026-10-02T23:10:00Z,,,,,,a_saisir,2.87,,,melange w=0.3,,,,,0.3485,,,
2026-10-02T16:38:37+00:00,nhl,nhl_puck,Washington Capitals +1.5,0.6431,0.6551,,,,0,,,2026.09.30.1,2026-10-02|nhl|nhl_puck|Washington Capitals +1.5,2026-10-02,dfc3a73fc50d3d1c4b58150c834e2e7d,Washington Capitals @ Carolina Hurricanes,2026-10-02T23:10:00Z,,,,,,a_saisir,1.535,,,melange w=0.3,,,,,0.6515,,,
2026-10-02T16:38:37+00:00,nhl,nhl_puck,Washington Capitals -1.5,0.301,,,,,0,,,2026.09.30.1,2026-10-02|nhl|nhl_puck|Washington Capitals -1.5,2026-10-02,dfc3a73fc50d3d1c4b58150c834e2e7d,Washington Capitals @ Carolina Hurricanes,2026-10-02T23:10:00Z,,,,,,a_saisir,3.322,,,modele seul (pas de marche),,,,,0.301,,,
2026-10-02T16:38:37+00:00,nhl,nhl_puck,Carolina Hurricanes +1.5,0.699,,,,,0,,,2026.09.30.1,2026-10-02|nhl|nhl_puck|Carolina Hurricanes +1.5,2026-10-02,dfc3a73fc50d3d1c4b58150c834e2e7d,Washington Capitals @ Carolina Hurricanes,2026-10-02T23:10:00Z,,,,,,a_saisir,1.431,,,modele seul (pas de marche),,,,,0.699,,,
2026-10-02T16:38:37+00:00,nhl,nhl_total,Over 5.5,0.5044,,,,,0,,,2026.09.30.1,2026-10-02|nhl|nhl_total|Over 5.5,2026-10-02,dfc3a73fc50d3d1c4b58150c834e2e7d,Washington Capitals @ Carolina Hurricanes,2026-10-02T23:10:00Z,,,,,,a_saisir,1.983,,,modele seul (pas de marche),,,,,0.5044,,,
2026-10-02T16:38:37+00:00,nhl,nhl_total,Under 5.5,0.4956,,,,,0,,,2026.09.30.1,2026-10-02|nhl|nhl_total|Under 5.5,2026-10-02,dfc3a73fc50d3d1c4b58150c834e2e7d,Washington Capitals @ Carolina Hurricanes,2026-10-02T23:10:00Z,,,,,,a_saisir,2.018,,,modele seul (pas de marche),,,,,0.4956,,,
2026-10-02T16:38:37+00:00,nhl,nhl_total,Over 6.5,0.3945,,,,,0,,,2026.09.30.1,2026-10-02|nhl|nhl_total|Over 6.5,2026-10-02,dfc3a73fc50d3d1c4b58150c834e2e7d,Washington Capitals @ Carolina Hurricanes,2026-10-02T23:10:00Z,,,,,,a_saisir,2.535,,,modele seul (pas de marche),,,,,0.3945,,,
2026-10-02T16:38:37+00:00,nhl,nhl_total,Under 6.5,0.6055,,,,,0,,,2026.09.30.1,2026-10-02|nhl|nhl_total|Under 6.5,2026-10-02,dfc3a73fc50d3d1c4b58150c834e2e7d,Washington Capitals @ Carolina Hurricanes,2026-10-02T23:10:00Z,,,,,,a_saisir,1.651,,,modele seul (pas de marche),,,,,0.6055,,,
2026-10-02T16:38:37+00:00,nfl,nfl_spread,Washington Commanders +4,0.504,0.504,,,,0,,L,2026.09.30.1,2026-10-04|nfl|nfl_spread|Washington Commanders +4,2026-10-04,c9d8ed8aa4889486eaf10a630138ede0,Indianapolis Colts @ Washington Commanders,2026-10-04T13:30:00Z,,,,,,a_saisir,1.984,,,pinnacle (shin),,,,,0.504,,,
2026-10-02T16:38:37+00:00,nfl,nfl_spread,Indianapolis Colts -4,0.496,0.496,,,,0,,W,2026.09.30.1,2026-10-04|nfl|nfl_spread|Indianapolis Colts -4,2026-10-04,c9d8ed8aa4889486eaf10a630138ede0,Indianapolis Colts @ Washington Commanders,2026-10-04T13:30:00Z,,,,,,a_saisir,2.016,,,pinnacle (shin),,,,,0.496,,,
2026-10-04T13:44:52+00:00,nfl,nfl_spread,New York Giants +2.5,0.5053,0.5053,,,,0,,,2026.09.30.1,2026-10-04|nfl|nfl_spread|New York Giants +2.5,2026-10-04,664e6bda5721dc63be16bcf7d962a436,Arizona Cardinals @ New York Giants,2026-10-04T17:00:00Z,,,,,,a_saisir,1.979,,,pinnacle (shin),,,,,0.5053,,,
2026-10-04T13:44:52+00:00,nfl,nfl_spread,Arizona Cardinals -2.5,0.4947,0.4947,,,,0,,,2026.09.30.1,2026-10-04|nfl|nfl_spread|Arizona Cardinals -2.5,2026-10-04,664e6bda5721dc63be16bcf7d962a436,Arizona Cardinals @ New York Giants,2026-10-04T17:00:00Z,,,,,,a_saisir,2.021,,,pinnacle (shin),,,,,0.4947,,,
2026-10-02T16:38:37+00:00,nfl,nfl_total,Over 44,0.5,0.5,,,,0,,,2026.09.30.1,2026-10-04|nfl|nfl_total|Over 44,2026-10-04,664e6bda5721dc63be16bcf7d962a436,Arizona Cardinals @ New York Giants,2026-10-04T17:00:00Z,,,,,,a_saisir,2,,,"mediane sharp shin (lowvig, betonlineag)",,,,,0.5,,,
2026-10-02T16:38:37+00:00,nfl,nfl_total,Under 44,0.5,0.5,,,,0,,,2026.09.30.1,2026-10-04|nfl|nfl_total|Under 44,2026-10-04,664e6bda5721dc63be16bcf7d962a436,Arizona Cardinals @ New York Giants,2026-10-04T17:00:00Z,,,,,,a_saisir,2,,,"mediane sharp shin (lowvig, betonlineag)",,,,,0.5,,,
2026-10-04T13:44:52+00:00,nfl,nfl_total,Over 51.5,0.5027,0.5027,,,,0,,,2026.09.30.1,2026-10-04|nfl|nfl_total|Over 51.5,2026-10-04,a73a76599a4f3422803e57bd8f61b626,Detroit Lions @ Carolina Panthers,2026-10-05T00:20:00Z,,,,,,a_saisir,1.989,,,pinnacle (shin),,,,,0.5027,,,
2026-10-04T13:44:52+00:00,nfl,nfl_total,Under 51.5,0.4973,0.4973,,,,0,,,2026.09.30.1,2026-10-04|nfl|nfl_total|Under 51.5,2026-10-04,a73a76599a4f3422803e57bd8f61b626,Detroit Lions @ Carolina Panthers,2026-10-05T00:20:00Z,,,,,,a_saisir,2.011,,,pinnacle (shin),,,,,0.4973,,,
2026-10-04T13:44:52+00:00,nfl,nfl_spread,Houston Texans -3,0.4856,0.4856,,,,0,,,2026.09.30.1,2026-10-04|nfl|nfl_spread|Houston Texans -3,2026-10-04,daf55e2df5341c007fee5a0fc5bbc2d4,Dallas Cowboys @ Houston Texans,2026-10-04T17:00:00Z,,,,,,a_saisir,2.059,,,pinnacle (shin),,,,,0.4856,,,
2026-10-04T13:44:52+00:00,nfl,nfl_spread,Dallas Cowboys +3,0.5144,0.5144,,,,0,,,2026.09.30.1,2026-10-04|nfl|nfl_spread|Dallas Cowboys +3,2026-10-04,daf55e2df5341c007fee5a0fc5bbc2d4,Dallas Cowboys @ Houston Texans,2026-10-04T17:00:00Z,,,,,,a_saisir,1.944,,,pinnacle (shin),,,,,0.5144,,,
2026-10-02T16:38:37+00:00,nfl,nfl_spread,Tampa Bay Buccaneers +3.5,0.5093,0.5093,,,,0,,,2026.09.30.1,2026-10-04|nfl|nfl_spread|Tampa Bay Buccaneers +3.5,2026-10-04,99a9bae4dc0dc2590496bd3102b211f2,Green Bay Packers @ Tampa Bay Buccaneers,2026-10-04T17:00:00Z,,,,,,a_saisir,1.963,,,pinnacle (shin),,,,,0.5093,,,
2026-10-02T16:38:37+00:00,nfl,nfl_spread,Green Bay Packers -3.5,0.4907,0.4907,,,,0,,,2026.09.30.1,2026-10-04|nfl|nfl_spread|Green Bay Packers -3.5,2026-10-04,99a9bae4dc0dc2590496bd3102b211f2,Green Bay Packers @ Tampa Bay Buccaneers,2026-10-04T17:00:00Z,,,,,,a_saisir,2.038,,,pinnacle (shin),,,,,0.4907,,,
2026-10-04T13:44:52+00:00,nfl,nfl_spread,Philadelphia Eagles +3.5,0.5092,0.5092,,,,0,,,2026.09.30.1,2026-10-04|nfl|nfl_spread|Philadelphia Eagles +3.5,2026-10-04,1b4f2e60ce83fa1d63a5dff83769d27c,Los Angeles Rams @ Philadelphia Eagles,2026-10-04T17:00:00Z,,,,,,a_saisir,1.964,,,pinnacle (shin),,,,,0.5092,,,
2026-10-04T13:44:52+00:00,nfl,nfl_spread,Los Angeles Rams -3.5,0.4908,0.4908,,,,0,,,2026.09.30.1,2026-10-04|nfl|nfl_spread|Los Angeles Rams -3.5,2026-10-04,1b4f2e60ce83fa1d63a5dff83769d27c,Los Angeles Rams @ Philadelphia Eagles,2026-10-04T17:00:00Z,,,,,,a_saisir,2.037,,,pinnacle (shin),,,,,0.4908,,,
2026-10-02T16:38:37+00:00,nfl,nfl_spread,Minnesota Vikings -10.5,0.5,0.5,,,,0,,,2026.09.30.1,2026-10-04|nfl|nfl_spread|Minnesota Vikings -10.5,2026-10-04,c327223d76a3b7b0db8c6c104442f44b,Miami Dolphins @ Minnesota Vikings,2026-10-04T20:05:00Z,,,,,,a_saisir,2,,,"mediane sharp shin (lowvig, betonlineag)",,,,,0.5,,,
2026-10-02T16:38:37+00:00,nfl,nfl_spread,Miami Dolphins +10.5,0.5,0.5,,,,0,,,2026.09.30.1,2026-10-04|nfl|nfl_spread|Miami Dolphins +10.5,2026-10-04,c327223d76a3b7b0db8c6c104442f44b,Miami Dolphins @ Minnesota Vikings,2026-10-04T20:05:00Z,,,,,,a_saisir,2,,,"mediane sharp shin (lowvig, betonlineag)",,,,,0.5,,,
2026-10-04T13:44:52+00:00,nfl,nfl_total,Over 48,0.5,0.5,,,,0,,,2026.09.30.1,2026-10-05|nfl|nfl_total|Over 48,2026-10-05,8bd90781e17e6d97df3941063cedae1e,Atlanta Falcons @ New Orleans Saints,2026-10-06T00:15:00Z,,,,,,a_saisir,2,,,"mediane sharp shin (lowvig, betonlineag)",,,,,0.5,,,
2026-10-04T13:44:52+00:00,nfl,nfl_total,Under 48,0.5,0.5,,,,0,,,2026.09.30.1,2026-10-05|nfl|nfl_total|Under 48,2026-10-05,8bd90781e17e6d97df3941063cedae1e,Atlanta Falcons @ New Orleans Saints,2026-10-06T00:15:00Z,,,,,,a_saisir,2,,,"mediane sharp shin (lowvig, betonlineag)",,,,,0.5,,,
2026-10-02T16:38:37+00:00,nhl,nhl_sog,Alex DeBrincat Over 3.5 SOG,0.4585,,,,,0,,L,2026.09.30.1,2026-10-02|nhl|nhl_sog|Alex DeBrincat Over 3.5 SOG,2026-10-02,2026020017,NYR @ DET,2026-10-02T22:30:00Z,Alex DeBrincat,3.5,,,,informatif,2.181,,,SOG lambda 3.52 (nb),,,,,0.4585,,8479337,
2026-10-02T16:38:37+00:00,nhl,nhl_sog,Alex DeBrincat Under 3.5 SOG,0.5415,,,,,0,,W,2026.09.30.1,2026-10-02|nhl|nhl_sog|Alex DeBrincat Under 3.5 SOG,2026-10-02,2026020017,NYR @ DET,2026-10-02T22:30:00Z,Alex DeBrincat,3.5,,,,informatif,1.847,,,SOG lambda 3.52 (nb),,,,,0.5415,,8479337,
2026-10-02T16:38:37+00:00,nhl,nhl_sog,Jason Robertson Over 3.5 SOG,0.4363,,,,,0,,L,2026.09.30.1,2026-10-02|nhl|nhl_sog|Jason Robertson Over 3.5 SOG,2026-10-02,2026020020,STL @ DAL,2026-10-03T01:00:00Z,Jason Robertson,3.5,,,,informatif,2.292,,,SOG lambda 3.41 (nb),,,,,0.4363,,8480027,
2026-10-02T16:38:37+00:00,nhl,nhl_sog,Jason Robertson Under 3.5 SOG,0.5637,,,,,0,,W,2026.09.30.1,2026-10-02|nhl|nhl_sog|Jason Robertson Under 3.5 SOG,2026-10-02,2026020020,STL @ DAL,2026-10-03T01:00:00Z,Jason Robertson,3.5,,,,informatif,1.774,,,SOG lambda 3.41 (nb),,,,,0.5637,,8480027,
2026-10-02T16:38:37+00:00,nhl,nhl_sog,Jack Eichel Over 2.5 SOG,0.5559,,,,,0,,L,2026.09.30.1,2026-10-02|nhl|nhl_sog|Jack Eichel Over 2.5 SOG,2026-10-02,2026020021,ANA @ VGK,2026-10-03T02:00:00Z,Jack Eichel,2.5,,,,informatif,1.799,,,SOG lambda 2.98 (nb),,,,,0.5559,,8478403,
2026-10-02T16:38:37+00:00,nhl,nhl_sog,Jack Eichel Under 2.5 SOG,0.4441,,,,,0,,W,2026.09.30.1,2026-10-02|nhl|nhl_sog|Jack Eichel Under 2.5 SOG,2026-10-02,2026020021,ANA @ VGK,2026-10-03T02:00:00Z,Jack Eichel,2.5,,,,informatif,2.252,,,SOG lambda 2.98 (nb),,,,,0.4441,,8478403,
2026-10-02T16:38:37+00:00,nhl,nhl_sog,Cutter Gauthier Over 2.5 SOG,0.5517,,,,,0,,W,2026.09.30.1,2026-10-02|nhl|nhl_sog|Cutter Gauthier Over 2.5 SOG,2026-10-02,2026020021,ANA @ VGK,2026-10-03T02:00:00Z,Cutter Gauthier,2.5,,,,informatif,1.813,,,SOG lambda 2.96 (nb),,,,,0.5517,,8483445,
2026-10-02T16:38:37+00:00,nhl,nhl_sog,Cutter Gauthier Under 2.5 SOG,0.4483,,,,,0,,L,2026.09.30.1,2026-10-02|nhl|nhl_sog|Cutter Gauthier Under 2.5 SOG,2026-10-02,2026020021,ANA @ VGK,2026-10-03T02:00:00Z,Cutter Gauthier,2.5,,,,informatif,2.231,,,SOG lambda 2.96 (nb),,,,,0.4483,,8483445,
2026-10-02T16:38:37+00:00,nhl,nhl_sog,Dylan Larkin Over 2.5 SOG,0.548,,,,,0,,VOID,2026.09.30.1,2026-10-02|nhl|nhl_sog|Dylan Larkin Over 2.5 SOG,2026-10-02,2026020017,NYR @ DET,2026-10-02T22:30:00Z,Dylan Larkin,2.5,,,,informatif,1.825,,,SOG lambda 2.94 (nb),,,,,0.548,,8477946,
2026-10-02T16:38:37+00:00,nhl,nhl_sog,Dylan Larkin Under 2.5 SOG,0.452,,,,,0,,VOID,2026.09.30.1,2026-10-02|nhl|nhl_sog|Dylan Larkin Under 2.5 SOG,2026-10-02,2026020017,NYR @ DET,2026-10-02T22:30:00Z,Dylan Larkin,2.5,,,,informatif,2.212,,,SOG lambda 2.94 (nb),,,,,0.452,,8477946,
2026-10-02T16:38:37+00:00,nhl,nhl_sog,Kyle Connor Over 2.5 SOG,0.5465,,,,,0,,W,2026.09.30.1,2026-10-02|nhl|nhl_sog|Kyle Connor Over 2.5 SOG,2026-10-02,2026020019,BOS @ WPG,2026-10-03T00:00:00Z,Kyle Connor,2.5,,,,informatif,1.83,,,SOG lambda 2.93 (nb),,,,,0.5465,,8478398,
2026-10-02T16:38:37+00:00,nhl,nhl_sog,Kyle Connor Under 2.5 SOG,0.4535,,,,,0,,L,2026.09.30.1,2026-10-02|nhl|nhl_sog|Kyle Connor Under 2.5 SOG,2026-10-02,2026020019,BOS @ WPG,2026-10-03T00:00:00Z,Kyle Connor,2.5,,,,informatif,2.205,,,SOG lambda 2.93 (nb),,,,,0.4535,,8478398,
2026-10-02T16:38:37+00:00,nhl,nhl_sog,David Pastrnak Over 2.5 SOG,0.4822,,,,,0,,W,2026.09.30.1,2026-10-02|nhl|nhl_sog|David Pastrnak Over 2.5 SOG,2026-10-02,2026020019,BOS @ WPG,2026-10-03T00:00:00Z,David Pastrnak,2.5,,,,informatif,2.074,,,SOG lambda 2.64 (nb),,,,,0.4822,,8477956,
2026-10-02T16:38:37+00:00,nhl,nhl_sog,David Pastrnak Under 2.5 SOG,0.5178,,,,,0,,L,2026.09.30.1,2026-10-02|nhl|nhl_sog|David Pastrnak Under 2.5 SOG,2026-10-02,2026020019,BOS @ WPG,2026-10-03T00:00:00Z,David Pastrnak,2.5,,,,informatif,1.931,,,SOG lambda 2.64 (nb),,,,,0.5178,,8477956,
2026-10-02T16:38:37+00:00,nhl,nhl_sog,Alex Ovechkin Over 2.5 SOG,0.4618,,,,,0,,L,2026.09.30.1,2026-10-02|nhl|nhl_sog|Alex Ovechkin Over 2.5 SOG,2026-10-02,2026020018,WSH @ CAR,2026-10-02T23:00:00Z,Alex Ovechkin,2.5,,,,informatif,2.165,,,SOG lambda 2.56 (nb),,,,,0.4618,,8471214,
2026-10-02T16:38:37+00:00,nhl,nhl_sog,Alex Ovechkin Under 2.5 SOG,0.5382,,,,,0,,W,2026.09.30.1,2026-10-02|nhl|nhl_sog|Alex Ovechkin Under 2.5 SOG,2026-10-02,2026020018,WSH @ CAR,2026-10-02T23:00:00Z,Alex Ovechkin,2.5,,,,informatif,1.858,,,SOG lambda 2.56 (nb),,,,,0.5382,,8471214,
2026-10-02T16:38:37+00:00,nhl,nhl_sog,Dylan Holloway Over 2.5 SOG,0.4341,,,,,0,,L,2026.09.30.1,2026-10-02|nhl|nhl_sog|Dylan Holloway Over 2.5 SOG,2026-10-02,2026020020,STL @ DAL,2026-10-03T01:00:00Z,Dylan Holloway,2.5,,,,informatif,2.304,,,SOG lambda 2.44 (nb),,,,,0.4341,,8482077,
2026-10-02T16:38:37+00:00,nhl,nhl_sog,Dylan Holloway Under 2.5 SOG,0.5659,,,,,0,,W,2026.09.30.1,2026-10-02|nhl|nhl_sog|Dylan Holloway Under 2.5 SOG,2026-10-02,2026020020,STL @ DAL,2026-10-03T01:00:00Z,Dylan Holloway,2.5,,,,informatif,1.767,,,SOG lambda 2.44 (nb),,,,,0.5659,,8482077,
2026-10-02T16:38:37+00:00,nhl,nhl_sog,Leo Carlsson Over 2.5 SOG,0.4177,,,,,0,,L,2026.09.30.1,2026-10-02|nhl|nhl_sog|Leo Carlsson Over 2.5 SOG,2026-10-02,2026020021,ANA @ VGK,2026-10-03T02:00:00Z,Leo Carlsson,2.5,,,,informatif,2.394,,,SOG lambda 2.37 (nb),,,,,0.4177,,8484153,
2026-10-02T16:38:37+00:00,nhl,nhl_sog,Leo Carlsson Under 2.5 SOG,0.5823,,,,,0,,W,2026.09.30.1,2026-10-02|nhl|nhl_sog|Leo Carlsson Under 2.5 SOG,2026-10-02,2026020021,ANA @ VGK,2026-10-03T02:00:00Z,Leo Carlsson,2.5,,,,informatif,1.717,,,SOG lambda 2.37 (nb),,,,,0.5823,,8484153,
2026-10-04T13:44:26+00:00,mlb,props_k,Logan Henderson Over 2.5 K,0.919,,,,,0,,,2026.09.30.1,2026-10-04|mlb|props_k|Logan Henderson Over 2.5 K,2026-10-04,6da40e91a31110e51e84ba5671996deb,San Diego Padres @ Milwaukee Brewers,2026-10-04T20:00:00Z,Logan Henderson,2.5,3,0.919,,informatif,1.088,,,ladder · proj 5.8K,,,,,0.919,,,
2026-10-04T13:44:26+00:00,mlb,props_k,Logan Henderson Over 3.5 K,0.817,,,,,0,,,2026.09.30.1,2026-10-04|mlb|props_k|Logan Henderson Over 3.5 K,2026-10-04,6da40e91a31110e51e84ba5671996deb,San Diego Padres @ Milwaukee Brewers,2026-10-04T20:00:00Z,Logan Henderson,3.5,4,0.817,,informatif,1.224,,,ladder · proj 5.8K,,,,,0.817,,,
2026-10-04T13:44:26+00:00,mlb,props_k,Logan Henderson Over 4.5 K,0.675,,,,,0,,,2026.09.30.1,2026-10-04|mlb|props_k|Logan Henderson Over 4.5 K,2026-10-04,6da40e91a31110e51e84ba5671996deb,San Diego Padres @ Milwaukee Brewers,2026-10-04T20:00:00Z,Logan Henderson,4.5,5,0.675,,informatif,1.481,,,ladder · proj 5.8K,,,,,0.675,,,
2026-10-04T13:44:26+00:00,mlb,props_k,Logan Henderson Over 5.5 K,0.515,,,,,0,,,2026.09.30.1,2026-10-04|mlb|props_k|Logan Henderson Over 5.5 K,2026-10-04,6da40e91a31110e51e84ba5671996deb,San Diego Padres @ Milwaukee Brewers,2026-10-04T20:00:00Z,Logan Henderson,5.5,6,0.515,,informatif,1.942,,,ladder · proj 5.8K,,,,,0.515,,,
2026-10-04T13:44:26+00:00,mlb,props_k,Logan Henderson Over 6.5 K,0.363,,,,,0,,,2026.09.30.1,2026-10-04|mlb|props_k|Logan Henderson Over 6.5 K,2026-10-04,6da40e91a31110e51e84ba5671996deb,San Diego Padres @ Milwaukee Brewers,2026-10-04T20:00:00Z,Logan Henderson,6.5,7,0.363,,informatif,2.755,,,ladder · proj 5.8K,,,,,0.363,,,
2026-10-04T13:44:26+00:00,mlb,props_k,Logan Henderson Over 7.5 K,0.236,,,,,0,,,2026.09.30.1,2026-10-04|mlb|props_k|Logan Henderson Over 7.5 K,2026-10-04,6da40e91a31110e51e84ba5671996deb,San Diego Padres @ Milwaukee Brewers,2026-10-04T20:00:00Z,Logan Henderson,7.5,8,0.236,,informatif,4.237,,,ladder · proj 5.8K,,,,,0.236,,,
2026-10-04T13:44:26+00:00,mlb,props_k,Logan Henderson Over 8.5 K,0.143,,,,,0,,,2026.09.30.1,2026-10-04|mlb|props_k|Logan Henderson Over 8.5 K,2026-10-04,6da40e91a31110e51e84ba5671996deb,San Diego Padres @ Milwaukee Brewers,2026-10-04T20:00:00Z,Logan Henderson,8.5,9,0.143,,informatif,6.993,,,ladder · proj 5.8K,,,,,0.143,,,
2026-10-04T13:44:26+00:00,mlb,props_k,Logan Henderson Over 9.5 K,0.081,,,,,0,,,2026.09.30.1,2026-10-04|mlb|props_k|Logan Henderson Over 9.5 K,2026-10-04,6da40e91a31110e51e84ba5671996deb,San Diego Padres @ Milwaukee Brewers,2026-10-04T20:00:00Z,Logan Henderson,9.5,10,0.081,,informatif,12.346,,,ladder · proj 5.8K,,,,,0.081,,,
2026-10-04T13:44:26+00:00,mlb,props_k,Michael King Over 2.5 K,0.837,,,,,0,,,2026.09.30.1,2026-10-04|mlb|props_k|Michael King Over 2.5 K,2026-10-04,6da40e91a31110e51e84ba5671996deb,San Diego Padres @ Milwaukee Brewers,2026-10-04T20:00:00Z,Michael King,2.5,3,0.837,,informatif,1.195,,,ladder · proj 4.7K,,,,,0.837,,,
2026-10-04T13:44:26+00:00,mlb,props_k,Michael King Over 3.5 K,0.68,,,,,0,,,2026.09.30.1,2026-10-04|mlb|props_k|Michael King Over 3.5 K,2026-10-04,6da40e91a31110e51e84ba5671996deb,San Diego Padres @ Milwaukee Brewers,2026-10-04T20:00:00Z,Michael King,3.5,4,0.68,,informatif,1.471,,,ladder · proj 4.7K,,,,,0.68,,,
2026-10-04T13:44:52+00:00,mlb,props_k,Michael King Over 4.5 K,0.5,,,,,0,,,2026.09.30.1,2026-10-04|mlb|props_k|Michael King Over 4.5 K,2026-10-04,6da40e91a31110e51e84ba5671996deb,San Diego Padres @ Milwaukee Brewers,2026-10-04T20:00:00Z,Michael King,4.5,5,0.5,,informatif,2,,,ladder · proj 4.7K,,,1,,0.5,,,
2026-10-04T13:44:26+00:00,mlb,props_k,Michael King Over 5.5 K,0.334,,,,,0,,,2026.09.30.1,2026-10-04|mlb|props_k|Michael King Over 5.5 K,2026-10-04,6da40e91a31110e51e84ba5671996deb,San Diego Padres @ Milwaukee Brewers,2026-10-04T20:00:00Z,Michael King,5.5,6,0.334,,informatif,2.994,,,ladder · proj 4.7K,,,,,0.334,,,
2026-10-04T13:44:26+00:00,mlb,props_k,Michael King Over 6.5 K,0.202,,,,,0,,,2026.09.30.1,2026-10-04|mlb|props_k|Michael King Over 6.5 K,2026-10-04,6da40e91a31110e51e84ba5671996deb,San Diego Padres @ Milwaukee Brewers,2026-10-04T20:00:00Z,Michael King,6.5,7,0.202,,informatif,4.95,,,ladder · proj 4.7K,,,,,0.202,,,
2026-10-04T13:44:26+00:00,mlb,props_k,Michael King Over 7.5 K,0.112,,,,,0,,,2026.09.30.1,2026-10-04|mlb|props_k|Michael King Over 7.5 K,2026-10-04,6da40e91a31110e51e84ba5671996deb,San Diego Padres @ Milwaukee Brewers,2026-10-04T20:00:00Z,Michael King,7.5,8,0.112,,informatif,8.929,,,ladder · proj 4.7K,,,,,0.112,,,
2026-10-04T13:44:26+00:00,mlb,props_k,Michael King Over 8.5 K,0.057,,,,,0,,,2026.09.30.1,2026-10-04|mlb|props_k|Michael King Over 8.5 K,2026-10-04,6da40e91a31110e51e84ba5671996deb,San Diego Padres @ Milwaukee Brewers,2026-10-04T20:00:00Z,Michael King,8.5,9,0.057,,informatif,17.544,,,ladder · proj 4.7K,,,,,0.057,,,
2026-10-04T13:44:26+00:00,mlb,props_k,Michael King Over 9.5 K,0.027,,,,,0,,,2026.09.30.1,2026-10-04|mlb|props_k|Michael King Over 9.5 K,2026-10-04,6da40e91a31110e51e84ba5671996deb,San Diego Padres @ Milwaukee Brewers,2026-10-04T20:00:00Z,Michael King,9.5,10,0.027,,informatif,37.037,,,ladder · proj 4.7K,,,,,0.027,,,
2026-10-04T13:44:27+00:00,mlb,props_k,Blake Snell Over 2.5 K,0.943,,,,,0,,,2026.09.30.1,2026-10-04|mlb|props_k|Blake Snell Over 2.5 K,2026-10-04,583202487b52f61769b2404a64e01c77,Atlanta Braves @ Los Angeles Dodgers,2026-10-05T00:00:00Z,Blake Snell,2.5,3,0.943,,informatif,1.06,,,ladder · proj 6.33K,,,,,0.943,,,
2026-10-04T13:44:27+00:00,mlb,props_k,Blake Snell Over 3.5 K,0.862,,,,,0,,,2026.09.30.1,2026-10-04|mlb|props_k|Blake Snell Over 3.5 K,2026-10-04,583202487b52f61769b2404a64e01c77,Atlanta Braves @ Los Angeles Dodgers,2026-10-05T00:00:00Z,Blake Snell,3.5,4,0.862,,informatif,1.16,,,ladder · proj 6.33K,,,,,0.862,,,
2026-10-04T13:44:27+00:00,mlb,props_k,Blake Snell Over 4.5 K,0.742,,,,,0,,,2026.09.30.1,2026-10-04|mlb|props_k|Blake Snell Over 4.5 K,2026-10-04,583202487b52f61769b2404a64e01c77,Atlanta Braves @ Los Angeles Dodgers,2026-10-05T00:00:00Z,Blake Snell,4.5,5,0.742,,informatif,1.348,,,ladder · proj 6.33K,,,,,0.742,,,
2026-10-04T13:44:27+00:00,mlb,props_k,Blake Snell Over 5.5 K,0.595,,,,,0,,,2026.09.30.1,2026-10-04|mlb|props_k|Blake Snell Over 5.5 K,2026-10-04,583202487b52f61769b2404a64e01c77,Atlanta Braves @ Los Angeles Dodgers,2026-10-05T00:00:00Z,Blake Snell,5.5,6,0.595,,informatif,1.681,,,ladder · proj 6.33K,,,,,0.595,,,
2026-10-04T13:44:27+00:00,mlb,props_k,Blake Snell Over 6.5 K,0.444,,,,,0,,,2026.09.30.1,2026-10-04|mlb|props_k|Blake Snell Over 6.5 K,2026-10-04,583202487b52f61769b2404a64e01c77,Atlanta Braves @ Los Angeles Dodgers,2026-10-05T00:00:00Z,Blake Snell,6.5,7,0.444,,informatif,2.252,,,ladder · proj 6.33K,,,,,0.444,,,
2026-10-04T13:44:27+00:00,mlb,props_k,Blake Snell Over 7.5 K,0.307,,,,,0,,,2026.09.30.1,2026-10-04|mlb|props_k|Blake Snell Over 7.5 K,2026-10-04,583202487b52f61769b2404a64e01c77,Atlanta Braves @ Los Angeles Dodgers,2026-10-05T00:00:00Z,Blake Snell,7.5,8,0.307,,informatif,3.257,,,ladder · proj 6.33K,,,,,0.307,,,
2026-10-04T13:44:27+00:00,mlb,props_k,Blake Snell Over 8.5 K,0.198,,,,,0,,,2026.09.30.1,2026-10-04|mlb|props_k|Blake Snell Over 8.5 K,2026-10-04,583202487b52f61769b2404a64e01c77,Atlanta Braves @ Los Angeles Dodgers,2026-10-05T00:00:00Z,Blake Snell,8.5,9,0.198,,informatif,5.051,,,ladder · proj 6.33K,,,,,0.198,,,
2026-10-04T13:44:27+00:00,mlb,props_k,Blake Snell Over 9.5 K,0.12,,,,,0,,,2026.09.30.1,2026-10-04|mlb|props_k|Blake Snell Over 9.5 K,2026-10-04,583202487b52f61769b2404a64e01c77,Atlanta Braves @ Los Angeles Dodgers,2026-10-05T00:00:00Z,Blake Snell,9.5,10,0.12,,informatif,8.333,,,ladder · proj 6.33K,,,,,0.12,,,
2026-10-04T13:44:52+00:00,mlb,mlb_rl,Milwaukee Brewers -1.5,0.428,0.361,,,,0,,,2026.09.30.1,2026-10-04|mlb|mlb_rl|Milwaukee Brewers -1.5,2026-10-04,6da40e91a31110e51e84ba5671996deb,San Diego Padres @ Milwaukee Brewers,2026-10-04T20:00:00Z,,,,,,a_saisir,2.625,,,🔴 passe,2.65,,0,,0.381,,,
2026-10-04T13:44:52+00:00,mlb,mlb_ml,Milwaukee Brewers ML,0.573,0.5604,,,,0,,,2026.09.30.1,2026-10-04|mlb|mlb_ml|Milwaukee Brewers ML,2026-10-04,6da40e91a31110e51e84ba5671996deb,San Diego Padres @ Milwaukee Brewers,2026-10-04T20:00:00Z,,,,,,a_saisir,1.773,,,🔴 passe,1.77,,0,,0.564,,,
2026-10-04T13:44:52+00:00,mlb,mlb_ml,San Diego Padres ML,0.427,0.4396,,,,0,,,2026.09.30.1,2026-10-04|mlb|mlb_ml|San Diego Padres ML,2026-10-04,6da40e91a31110e51e84ba5671996deb,San Diego Padres @ Milwaukee Brewers,2026-10-04T20:00:00Z,,,,,,a_saisir,2.294,,,🔴 passe,2.22,,0,,0.436,,,
2026-10-04T13:44:52+00:00,nfl,nfl_total,Over 49.5,0.4973,0.4973,,,,0,,,2026.09.30.1,2026-10-04|nfl|nfl_total|Over 49.5,2026-10-04,573cc0ef39631a4f6673ec843a8bedd4,New England Patriots @ Buffalo Bills,2026-10-04T17:00:00Z,,,,,,a_saisir,2.011,,,pinnacle (shin),,,,,0.4973,,,
2026-10-04T13:44:52+00:00,nfl,nfl_total,Under 49.5,0.5027,0.5027,,,,0,,,2026.09.30.1,2026-10-04|nfl|nfl_total|Under 49.5,2026-10-04,573cc0ef39631a4f6673ec843a8bedd4,New England Patriots @ Buffalo Bills,2026-10-04T17:00:00Z,,,,,,a_saisir,1.989,,,pinnacle (shin),,,,,0.5027,,,
2026-10-04T13:44:52+00:00,nfl,nfl_spread,Chicago Bears -3.5,0.5065,0.5065,,,,0,,,2026.09.30.1,2026-10-04|nfl|nfl_spread|Chicago Bears -3.5,2026-10-04,164e6eb68f31bac190381903c3cccd31,New York Jets @ Chicago Bears,2026-10-04T17:00:00Z,,,,,,a_saisir,1.974,,,pinnacle (shin),,,,,0.5065,,,
2026-10-04T13:44:52+00:00,nfl,nfl_spread,New York Jets +3.5,0.4935,0.4935,,,,0,,,2026.09.30.1,2026-10-04|nfl|nfl_spread|New York Jets +3.5,2026-10-04,164e6eb68f31bac190381903c3cccd31,New York Jets @ Chicago Bears,2026-10-04T17:00:00Z,,,,,,a_saisir,2.026,,,pinnacle (shin),,,,,0.4935,,,
2026-10-04T13:44:52+00:00,nfl,nfl_spread,Tampa Bay Buccaneers +3,0.5118,0.5118,,,,0,,,2026.09.30.1,2026-10-04|nfl|nfl_spread|Tampa Bay Buccaneers +3,2026-10-04,99a9bae4dc0dc2590496bd3102b211f2,Green Bay Packers @ Tampa Bay Buccaneers,2026-10-04T17:00:00Z,,,,,,a_saisir,1.954,,,pinnacle (shin),,,,,0.5118,,,
2026-10-04T13:44:52+00:00,nfl,nfl_spread,Green Bay Packers -3,0.4882,0.4882,,,,0,,,2026.09.30.1,2026-10-04|nfl|nfl_spread|Green Bay Packers -3,2026-10-04,99a9bae4dc0dc2590496bd3102b211f2,Green Bay Packers @ Tampa Bay Buccaneers,2026-10-04T17:00:00Z,,,,,,a_saisir,2.048,,,pinnacle (shin),,,,,0.4882,,,
2026-10-04T13:44:52+00:00,nfl,nfl_total,Over 39,0.5,0.5,,,,0,,,2026.09.30.1,2026-10-04|nfl|nfl_total|Over 39,2026-10-04,99a9bae4dc0dc2590496bd3102b211f2,Green Bay Packers @ Tampa Bay Buccaneers,2026-10-04T17:00:00Z,,,,,,a_saisir,2,,,"mediane sharp shin (lowvig, betonlineag)",,,,,0.5,,,
2026-10-04T13:44:52+00:00,nfl,nfl_total,Under 39,0.5,0.5,,,,0,,,2026.09.30.1,2026-10-04|nfl|nfl_total|Under 39,2026-10-04,99a9bae4dc0dc2590496bd3102b211f2,Green Bay Packers @ Tampa Bay Buccaneers,2026-10-04T17:00:00Z,,,,,,a_saisir,2,,,"mediane sharp shin (lowvig, betonlineag)",,,,,0.5,,,
2026-10-04T13:44:52+00:00,nfl,nfl_spread,Minnesota Vikings -10,0.4777,0.4777,,,,0,,,2026.09.30.1,2026-10-04|nfl|nfl_spread|Minnesota Vikings -10,2026-10-04,c327223d76a3b7b0db8c6c104442f44b,Miami Dolphins @ Minnesota Vikings,2026-10-04T20:05:00Z,,,,,,a_saisir,2.093,,,pinnacle (shin),,,,,0.4777,,,
2026-10-04T13:44:52+00:00,nfl,nfl_spread,Miami Dolphins +10,0.5223,0.5223,,,,0,,,2026.09.30.1,2026-10-04|nfl|nfl_spread|Miami Dolphins +10,2026-10-04,c327223d76a3b7b0db8c6c104442f44b,Miami Dolphins @ Minnesota Vikings,2026-10-04T20:05:00Z,,,,,,a_saisir,1.915,,,pinnacle (shin),,,,,0.5223,,,
2026-10-04T13:44:52+00:00,nfl,nfl_total,Over 38,0.5,0.5,,,,0,,,2026.09.30.1,2026-10-04|nfl|nfl_total|Over 38,2026-10-04,c327223d76a3b7b0db8c6c104442f44b,Miami Dolphins @ Minnesota Vikings,2026-10-04T20:05:00Z,,,,,,a_saisir,2,,,"mediane sharp shin (lowvig, betonlineag)",,,,,0.5,,,
2026-10-04T13:44:52+00:00,nfl,nfl_total,Under 38,0.5,0.5,,,,0,,,2026.09.30.1,2026-10-04|nfl|nfl_total|Under 38,2026-10-04,c327223d76a3b7b0db8c6c104442f44b,Miami Dolphins @ Minnesota Vikings,2026-10-04T20:05:00Z,,,,,,a_saisir,2,,,"mediane sharp shin (lowvig, betonlineag)",,,,,0.5,,,
2026-10-04T13:44:52+00:00,nfl,nfl_spread,Carolina Panthers +4,0.5053,0.5053,,,,0,,,2026.09.30.1,2026-10-04|nfl|nfl_spread|Carolina Panthers +4,2026-10-04,a73a76599a4f3422803e57bd8f61b626,Detroit Lions @ Carolina Panthers,2026-10-05T00:20:00Z,,,,,,a_saisir,1.979,,,pinnacle (shin),,,,,0.5053,,,
2026-10-04T13:44:52+00:00,nfl,nfl_spread,Detroit Lions -4,0.4947,0.4947,,,,0,,,2026.09.30.1,2026-10-04|nfl|nfl_spread|Detroit Lions -4,2026-10-04,a73a76599a4f3422803e57bd8f61b626,Detroit Lions @ Carolina Panthers,2026-10-05T00:20:00Z,,,,,,a_saisir,2.021,,,pinnacle (shin),,,,,0.4947,,,
2026-10-04T13:44:52+00:00,nfl,nfl_spread,New Orleans Saints -1,0.528,0.528,,,,0,,,2026.09.30.1,2026-10-05|nfl|nfl_spread|New Orleans Saints -1,2026-10-05,8bd90781e17e6d97df3941063cedae1e,Atlanta Falcons @ New Orleans Saints,2026-10-06T00:15:00Z,,,,,,a_saisir,1.894,,,"mediane sharp shin (lowvig, betonlineag)",,,,,0.528,,,
2026-10-04T13:44:52+00:00,nfl,nfl_spread,Atlanta Falcons +1,0.472,0.472,,,,0,,,2026.09.30.1,2026-10-05|nfl|nfl_spread|Atlanta Falcons +1,2026-10-05,8bd90781e17e6d97df3941063cedae1e,Atlanta Falcons @ New Orleans Saints,2026-10-06T00:15:00Z,,,,,,a_saisir,2.119,,,"mediane sharp shin (lowvig, betonlineag)",,,,,0.472,,,
2026-10-04T13:44:52+00:00,nfl,nfl_spread,New Orleans Saints -2,0.4881,0.4881,,,,0,,,2026.09.30.1,2026-10-05|nfl|nfl_spread|New Orleans Saints -2,2026-10-05,8bd90781e17e6d97df3941063cedae1e,Atlanta Falcons @ New Orleans Saints,2026-10-06T00:15:00Z,,,,,,a_saisir,2.049,,,pinnacle (shin),,,,,0.4881,,,
2026-10-04T13:44:52+00:00,nfl,nfl_spread,Atlanta Falcons +2,0.5119,0.5119,,,,0,,,2026.09.30.1,2026-10-05|nfl|nfl_spread|Atlanta Falcons +2,2026-10-05,8bd90781e17e6d97df3941063cedae1e,Atlanta Falcons @ New Orleans Saints,2026-10-06T00:15:00Z,,,,,,a_saisir,1.954,,,pinnacle (shin),,,,,0.5119,,,
2026-10-04T13:44:52+00:00,nfl,nfl_prop_pass_yds,C.J. Stroud Over 244.5,0.5299,0.5299,,,,0,,,2026.09.30.1,2026-10-04|nfl|nfl_prop_pass_yds|C.J. Stroud Over 244.5,2026-10-04,daf55e2df5341c007fee5a0fc5bbc2d4,Dallas Cowboys @ Houston Texans,2026-10-04T17:00:00Z,C.J. Stroud,244.5,,,,a_saisir,1.887,,,pinnacle (shin),,,,,0.5299,,,
2026-10-04T13:44:52+00:00,nfl,nfl_prop_pass_yds,C.J. Stroud Under 244.5,0.4701,0.4701,,,,0,,,2026.09.30.1,2026-10-04|nfl|nfl_prop_pass_yds|C.J. Stroud Under 244.5,2026-10-04,daf55e2df5341c007fee5a0fc5bbc2d4,Dallas Cowboys @ Houston Texans,2026-10-04T17:00:00Z,C.J. Stroud,244.5,,,,a_saisir,2.127,,,pinnacle (shin),,,,,0.4701,,,
2026-10-04T13:44:52+00:00,nfl,nfl_prop_pass_yds,Dak Prescott Over 266.5,0.4973,0.4973,,,,0,,,2026.09.30.1,2026-10-04|nfl|nfl_prop_pass_yds|Dak Prescott Over 266.5,2026-10-04,daf55e2df5341c007fee5a0fc5bbc2d4,Dallas Cowboys @ Houston Texans,2026-10-04T17:00:00Z,Dak Prescott,266.5,,,,a_saisir,2.011,,,pinnacle (shin),,,,,0.4973,,,
2026-10-04T13:44:52+00:00,nfl,nfl_prop_pass_yds,Dak Prescott Under 266.5,0.5027,0.5027,,,,0,,,2026.09.30.1,2026-10-04|nfl|nfl_prop_pass_yds|Dak Prescott Under 266.5,2026-10-04,daf55e2df5341c007fee5a0fc5bbc2d4,Dallas Cowboys @ Houston Texans,2026-10-04T17:00:00Z,Dak Prescott,266.5,,,,a_saisir,1.989,,,pinnacle (shin),,,,,0.5027,,,
2026-10-04T13:44:52+00:00,nfl,nfl_prop_reception_yds,CeeDee Lamb Over 76.5,0.489,0.489,,,,0,,,2026.09.30.1,2026-10-04|nfl|nfl_prop_reception_yds|CeeDee Lamb Over 76.5,2026-10-04,daf55e2df5341c007fee5a0fc5bbc2d4,Dallas Cowboys @ Houston Texans,2026-10-04T17:00:00Z,CeeDee Lamb,76.5,,,,a_saisir,2.045,,,pinnacle (shin),,,,,0.489,,,
2026-10-04T13:44:52+00:00,nfl,nfl_prop_reception_yds,CeeDee Lamb Under 76.5,0.511,0.511,,,,0,,,2026.09.30.1,2026-10-04|nfl|nfl_prop_reception_yds|CeeDee Lamb Under 76.5,2026-10-04,daf55e2df5341c007fee5a0fc5bbc2d4,Dallas Cowboys @ Houston Texans,2026-10-04T17:00:00Z,CeeDee Lamb,76.5,,,,a_saisir,1.957,,,pinnacle (shin),,,,,0.511,,,
2026-10-04T13:44:52+00:00,nfl,nfl_prop_reception_yds,Dalton Schultz Over 38.5,0.5,0.5,,,,0,,,2026.09.30.1,2026-10-04|nfl|nfl_prop_reception_yds|Dalton Schultz Over 38.5,2026-10-04,daf55e2df5341c007fee5a0fc5bbc2d4,Dallas Cowboys @ Houston Texans,2026-10-04T17:00:00Z,Dalton Schultz,38.5,,,,a_saisir,2,,,mediane sharp shin (betonlineag),,,,,0.5,,,
2026-10-04T13:44:52+00:00,nfl,nfl_prop_reception_yds,Dalton Schultz Under 38.5,0.5,0.5,,,,0,,,2026.09.30.1,2026-10-04|nfl|nfl_prop_reception_yds|Dalton Schultz Under 38.5,2026-10-04,daf55e2df5341c007fee5a0fc5bbc2d4,Dallas Cowboys @ Houston Texans,2026-10-04T17:00:00Z,Dalton Schultz,38.5,,,,a_saisir,2,,,mediane sharp shin (betonlineag),,,,,0.5,,,
2026-10-04T13:44:52+00:00,nfl,nfl_prop_reception_yds,David Montgomery Over 10.5,0.5,0.5,,,,0,,,2026.09.30.1,2026-10-04|nfl|nfl_prop_reception_yds|David Montgomery Over 10.5,2026-10-04,daf55e2df5341c007fee5a0fc5bbc2d4,Dallas Cowboys @ Houston Texans,2026-10-04T17:00:00Z,David Montgomery,10.5,,,,a_saisir,2,,,pinnacle (shin),,,,,0.5,,,
2026-10-04T13:44:52+00:00,nfl,nfl_prop_reception_yds,David Montgomery Under 10.5,0.5,0.5,,,,0,,,2026.09.30.1,2026-10-04|nfl|nfl_prop_reception_yds|David Montgomery Under 10.5,2026-10-04,daf55e2df5341c007fee5a0fc5bbc2d4,Dallas Cowboys @ Houston Texans,2026-10-04T17:00:00Z,David Montgomery,10.5,,,,a_saisir,2,,,pinnacle (shin),,,,,0.5,,,
2026-10-04T13:44:52+00:00,nfl,nfl_prop_reception_yds,Foster Moreau Over 6.5,0.5,0.5,,,,0,,,2026.09.30.1,2026-10-04|nfl|nfl_prop_reception_yds|Foster Moreau Over 6.5,2026-10-04,daf55e2df5341c007fee5a0fc5bbc2d4,Dallas Cowboys @ Houston Texans,2026-10-04T17:00:00Z,Foster Moreau,6.5,,,,a_saisir,2,,,pinnacle (shin),,,,,0.5,,,
2026-10-04T13:44:52+00:00,nfl,nfl_prop_reception_yds,Foster Moreau Under 6.5,0.5,0.5,,,,0,,,2026.09.30.1,2026-10-04|nfl|nfl_prop_reception_yds|Foster Moreau Under 6.5,2026-10-04,daf55e2df5341c007fee5a0fc5bbc2d4,Dallas Cowboys @ Houston Texans,2026-10-04T17:00:00Z,Foster Moreau,6.5,,,,a_saisir,2,,,pinnacle (shin),,,,,0.5,,,
2026-10-04T13:44:52+00:00,nfl,nfl_prop_reception_yds,George Pickens Over 68.5,0.5027,0.5027,,,,0,,,2026.09.30.1,2026-10-04|nfl|nfl_prop_reception_yds|George Pickens Over 68.5,2026-10-04,daf55e2df5341c007fee5a0fc5bbc2d4,Dallas Cowboys @ Houston Texans,2026-10-04T17:00:00Z,George Pickens,68.5,,,,a_saisir,1.989,,,pinnacle (shin),,,,,0.5027,,,
2026-10-04T13:44:52+00:00,nfl,nfl_prop_reception_yds,George Pickens Under 68.5,0.4973,0.4973,,,,0,,,2026.09.30.1,2026-10-04|nfl|nfl_prop_reception_yds|George Pickens Under 68.5,2026-10-04,daf55e2df5341c007fee5a0fc5bbc2d4,Dallas Cowboys @ Houston Texans,2026-10-04T17:00:00Z,George Pickens,68.5,,,,a_saisir,2.011,,,pinnacle (shin),,,,,0.4973,,,
2026-10-04T13:44:52+00:00,nfl,nfl_prop_reception_yds,Jake Ferguson Over 23.5,0.4973,0.4973,,,,0,,,2026.09.30.1,2026-10-04|nfl|nfl_prop_reception_yds|Jake Ferguson Over 23.5,2026-10-04,daf55e2df5341c007fee5a0fc5bbc2d4,Dallas Cowboys @ Houston Texans,2026-10-04T17:00:00Z,Jake Ferguson,23.5,,,,a_saisir,2.011,,,pinnacle (shin),,,,,0.4973,,,
2026-10-04T13:44:52+00:00,nfl,nfl_prop_reception_yds,Jake Ferguson Under 23.5,0.5027,0.5027,,,,0,,,2026.09.30.1,2026-10-04|nfl|nfl_prop_reception_yds|Jake Ferguson Under 23.5,2026-10-04,daf55e2df5341c007fee5a0fc5bbc2d4,Dallas Cowboys @ Houston Texans,2026-10-04T17:00:00Z,Jake Ferguson,23.5,,,,a_saisir,1.989,,,pinnacle (shin),,,,,0.5027,,,
2026-10-04T13:44:52+00:00,nfl,nfl_prop_reception_yds,Javonte Williams Over 13.5,0.5,0.5,,,,0,,,2026.09.30.1,2026-10-04|nfl|nfl_prop_reception_yds|Javonte Williams Over 13.5,2026-10-04,daf55e2df5341c007fee5a0fc5bbc2d4,Dallas Cowboys @ Houston Texans,2026-10-04T17:00:00Z,Javonte Williams,13.5,,,,a_saisir,2,,,pinnacle (shin),,,,,0.5,,,
2026-10-04T13:44:52+00:00,nfl,nfl_prop_reception_yds,Javonte Williams Under 13.5,0.5,0.5,,,,0,,,2026.09.30.1,2026-10-04|nfl|nfl_prop_reception_yds|Javonte Williams Under 13.5,2026-10-04,daf55e2df5341c007fee5a0fc5bbc2d4,Dallas Cowboys @ Houston Texans,2026-10-04T17:00:00Z,Javonte Williams,13.5,,,,a_saisir,2,,,pinnacle (shin),,,,,0.5,,,
2026-10-04T13:44:52+00:00,nfl,nfl_prop_reception_yds,Jaylin Noel Over 11.5,0.5,0.5,,,,0,,,2026.09.30.1,2026-10-04|nfl|nfl_prop_reception_yds|Jaylin Noel Over 11.5,2026-10-04,daf55e2df5341c007fee5a0fc5bbc2d4,Dallas Cowboys @ Houston Texans,2026-10-04T17:00:00Z,Jaylin Noel,11.5,,,,a_saisir,2,,,pinnacle (shin),,,,,0.5,,,
2026-10-04T13:44:52+00:00,nfl,nfl_prop_reception_yds,Jaylin Noel Under 11.5,0.5,0.5,,,,0,,,2026.09.30.1,2026-10-04|nfl|nfl_prop_reception_yds|Jaylin Noel Under 11.5,2026-10-04,daf55e2df5341c007fee5a0fc5bbc2d4,Dallas Cowboys @ Houston Texans,2026-10-04T17:00:00Z,Jaylin Noel,11.5,,,,a_saisir,2,,,pinnacle (shin),,,,,0.5,,,
2026-10-04T13:44:52+00:00,nfl,nfl_prop_reception_yds,Kayshon Boutte Over 23.5,0.5027,0.5027,,,,0,,,2026.09.30.1,2026-10-04|nfl|nfl_prop_reception_yds|Kayshon Boutte Over 23.5,2026-10-04,daf55e2df5341c007fee5a0fc5bbc2d4,Dallas Cowboys @ Houston Texans,2026-10-04T17:00:00Z,Kayshon Boutte,23.5,,,,a_saisir,1.989,,,pinnacle (shin),,,,,0.5027,,,
2026-10-04T13:44:52+00:00,nfl,nfl_prop_reception_yds,Kayshon Boutte Under 23.5,0.4973,0.4973,,,,0,,,2026.09.30.1,2026-10-04|nfl|nfl_prop_reception_yds|Kayshon Boutte Under 23.5,2026-10-04,daf55e2df5341c007fee5a0fc5bbc2d4,Dallas Cowboys @ Houston Texans,2026-10-04T17:00:00Z,Kayshon Boutte,23.5,,,,a_saisir,2.011,,,pinnacle (shin),,,,,0.4973,,,
2026-10-04T13:44:52+00:00,nfl,nfl_prop_reception_yds,Nico Collins Over 72.5,0.5055,0.5055,,,,0,,,2026.09.30.1,2026-10-04|nfl|nfl_prop_reception_yds|Nico Collins Over 72.5,2026-10-04,daf55e2df5341c007fee5a0fc5bbc2d4,Dallas Cowboys @ Houston Texans,2026-10-04T17:00:00Z,Nico Collins,72.5,,,,a_saisir,1.978,,,pinnacle (shin),,,,,0.5055,,,
2026-10-04T13:44:52+00:00,nfl,nfl_prop_reception_yds,Nico Collins Under 72.5,0.4945,0.4945,,,,0,,,2026.09.30.1,2026-10-04|nfl|nfl_prop_reception_yds|Nico Collins Under 72.5,2026-10-04,daf55e2df5341c007fee5a0fc5bbc2d4,Dallas Cowboys @ Houston Texans,2026-10-04T17:00:00Z,Nico Collins,72.5,,,,a_saisir,2.022,,,pinnacle (shin),,,,,0.4945,,,
2026-10-04T13:44:52+00:00,nfl,nfl_prop_reception_yds,Ryan Flournoy Over 33.5,0.5,0.5,,,,0,,,2026.09.30.1,2026-10-04|nfl|nfl_prop_reception_yds|Ryan Flournoy Over 33.5,2026-10-04,daf55e2df5341c007fee5a0fc5bbc2d4,Dallas Cowboys @ Houston Texans,2026-10-04T17:00:00Z,Ryan Flournoy,33.5,,,,a_saisir,2,,,pinnacle (shin),,,,,0.5,,,
2026-10-04T13:44:52+00:00,nfl,nfl_prop_reception_yds,Ryan Flournoy Under 33.5,0.5,0.5,,,,0,,,2026.09.30.1,2026-10-04|nfl|nfl_prop_reception_yds|Ryan Flournoy Under 33.5,2026-10-04,daf55e2df5341c007fee5a0fc5bbc2d4,Dallas Cowboys @ Houston Texans,2026-10-04T17:00:00Z,Ryan Flournoy,33.5,,,,a_saisir,2,,,pinnacle (shin),,,,,0.5,,,
2026-10-04T13:44:52+00:00,nfl,nfl_prop_reception_yds,Woody Marks Over 9.5,0.5,0.5,,,,0,,,2026.09.30.1,2026-10-04|nfl|nfl_prop_reception_yds|Woody Marks Over 9.5,2026-10-04,daf55e2df5341c007fee5a0fc5bbc2d4,Dallas Cowboys @ Houston Texans,2026-10-04T17:00:00Z,Woody Marks,9.5,,,,a_saisir,2,,,pinnacle (shin),,,,,0.5,,,
2026-10-04T13:44:52+00:00,nfl,nfl_prop_reception_yds,Woody Marks Under 9.5,0.5,0.5,,,,0,,,2026.09.30.1,2026-10-04|nfl|nfl_prop_reception_yds|Woody Marks Under 9.5,2026-10-04,daf55e2df5341c007fee5a0fc5bbc2d4,Dallas Cowboys @ Houston Texans,2026-10-04T17:00:00Z,Woody Marks,9.5,,,,a_saisir,2,,,pinnacle (shin),,,,,0.5,,,
2026-10-04T13:44:52+00:00,nfl,nfl_prop_reception_yds,Xavier Hutchinson Over 27.5,0.5,0.5,,,,0,,,2026.09.30.1,2026-10-04|nfl|nfl_prop_reception_yds|Xavier Hutchinson Over 27.5,2026-10-04,daf55e2df5341c007fee5a0fc5bbc2d4,Dallas Cowboys @ Houston Texans,2026-10-04T17:00:00Z,Xavier Hutchinson,27.5,,,,a_saisir,2,,,pinnacle (shin),,,,,0.5,,,
2026-10-04T13:44:52+00:00,nfl,nfl_prop_reception_yds,Xavier Hutchinson Under 27.5,0.5,0.5,,,,0,,,2026.09.30.1,2026-10-04|nfl|nfl_prop_reception_yds|Xavier Hutchinson Under 27.5,2026-10-04,daf55e2df5341c007fee5a0fc5bbc2d4,Dallas Cowboys @ Houston Texans,2026-10-04T17:00:00Z,Xavier Hutchinson,27.5,,,,a_saisir,2,,,pinnacle (shin),,,,,0.5,,,
2026-10-04T13:44:52+00:00,nfl,nfl_prop_rush_yds,C.J. Stroud Over 11.5,0.5055,0.5055,,,,0,,,2026.09.30.1,2026-10-04|nfl|nfl_prop_rush_yds|C.J. Stroud Over 11.5,2026-10-04,daf55e2df5341c007fee5a0fc5bbc2d4,Dallas Cowboys @ Houston Texans,2026-10-04T17:00:00Z,C.J. Stroud,11.5,,,,a_saisir,1.978,,,pinnacle (shin),,,,,0.5055,,,
2026-10-04T13:44:52+00:00,nfl,nfl_prop_rush_yds,C.J. Stroud Under 11.5,0.4945,0.4945,,,,0,,,2026.09.30.1,2026-10-04|nfl|nfl_prop_rush_yds|C.J. Stroud Under 11.5,2026-10-04,daf55e2df5341c007fee5a0fc5bbc2d4,Dallas Cowboys @ Houston Texans,2026-10-04T17:00:00Z,C.J. Stroud,11.5,,,,a_saisir,2.022,,,pinnacle (shin),,,,,0.4945,,,
2026-10-04T13:44:52+00:00,nfl,nfl_prop_rush_yds,Dak Prescott Over 11.5,0.5,0.5,,,,0,,,2026.09.30.1,2026-10-04|nfl|nfl_prop_rush_yds|Dak Prescott Over 11.5,2026-10-04,daf55e2df5341c007fee5a0fc5bbc2d4,Dallas Cowboys @ Houston Texans,2026-10-04T17:00:00Z,Dak Prescott,11.5,,,,a_saisir,2,,,mediane sharp shin (betonlineag),,,,,0.5,,,
2026-10-04T13:44:52+00:00,nfl,nfl_prop_rush_yds,Dak Prescott Under 11.5,0.5,0.5,,,,0,,,2026.09.30.1,2026-10-04|nfl|nfl_prop_rush_yds|Dak Prescott Under 11.5,2026-10-04,daf55e2df5341c007fee5a0fc5bbc2d4,Dallas Cowboys @ Houston Texans,2026-10-04T17:00:00Z,Dak Prescott,11.5,,,,a_saisir,2,,,mediane sharp shin (betonlineag),,,,,0.5,,,
2026-10-04T13:44:52+00:00,nfl,nfl_prop_rush_yds,David Montgomery Over 43.5,0.5,0.5,,,,0,,,2026.09.30.1,2026-10-04|nfl|nfl_prop_rush_yds|David Montgomery Over 43.5,2026-10-04,daf55e2df5341c007fee5a0fc5bbc2d4,Dallas Cowboys @ Houston Texans,2026-10-04T17:00:00Z,David Montgomery,43.5,,,,a_saisir,2,,,mediane sharp shin (betonlineag),,,,,0.5,,,
2026-10-04T13:44:52+00:00,nfl,nfl_prop_rush_yds,David Montgomery Under 43.5,0.5,0.5,,,,0,,,2026.09.30.1,2026-10-04|nfl|nfl_prop_rush_yds|David Montgomery Under 43.5,2026-10-04,daf55e2df5341c007fee5a0fc5bbc2d4,Dallas Cowboys @ Houston Texans,2026-10-04T17:00:00Z,David Montgomery,43.5,,,,a_saisir,2,,,mediane sharp shin (betonlineag),,,,,0.5,,,
2026-10-04T13:44:52+00:00,nfl,nfl_prop_rush_yds,Javonte Williams Over 59.5,0.5,0.5,,,,0,,,2026.09.30.1,2026-10-04|nfl|nfl_prop_rush_yds|Javonte Williams Over 59.5,2026-10-04,daf55e2df5341c007fee5a0fc5bbc2d4,Dallas Cowboys @ Houston Texans,2026-10-04T17:00:00Z,Javonte Williams,59.5,,,,a_saisir,2,,,pinnacle (shin),,,,,0.5,,,
2026-10-04T13:44:52+00:00,nfl,nfl_prop_rush_yds,Javonte Williams Under 59.5,0.5,0.5,,,,0,,,2026.09.30.1,2026-10-04|nfl|nfl_prop_rush_yds|Javonte Williams Under 59.5,2026-10-04,daf55e2df5341c007fee5a0fc5bbc2d4,Dallas Cowboys @ Houston Texans,2026-10-04T17:00:00Z,Javonte Williams,59.5,,,,a_saisir,2,,,pinnacle (shin),,,,,0.5,,,
2026-10-04T13:44:52+00:00,nfl,nfl_prop_rush_yds,Woody Marks Over 33.5,0.5,0.5,,,,0,,,2026.09.30.1,2026-10-04|nfl|nfl_prop_rush_yds|Woody Marks Over 33.5,2026-10-04,daf55e2df5341c007fee5a0fc5bbc2d4,Dallas Cowboys @ Houston Texans,2026-10-04T17:00:00Z,Woody Marks,33.5,,,,a_saisir,2,,,mediane sharp shin (betonlineag),,,,,0.5,,,
2026-10-04T13:44:52+00:00,nfl,nfl_prop_rush_yds,Woody Marks Under 33.5,0.5,0.5,,,,0,,,2026.09.30.1,2026-10-04|nfl|nfl_prop_rush_yds|Woody Marks Under 33.5,2026-10-04,daf55e2df5341c007fee5a0fc5bbc2d4,Dallas Cowboys @ Houston Texans,2026-10-04T17:00:00Z,Woody Marks,33.5,,,,a_saisir,2,,,mediane sharp shin (betonlineag),,,,,0.5,,,
2026-10-04T13:44:52+00:00,nfl,nfl_prop_pass_yds,Joe Burrow Over 269.5,0.5,0.5,,,,0,,,2026.09.30.1,2026-10-04|nfl|nfl_prop_pass_yds|Joe Burrow Over 269.5,2026-10-04,2ea94ddf20f66432b9024fe2e2eaba5f,Jacksonville Jaguars @ Cincinnati Bengals,2026-10-04T17:00:00Z,Joe Burrow,269.5,,,,a_saisir,2,,,pinnacle (shin),,,,,0.5,,,
2026-10-04T13:44:52+00:00,nfl,nfl_prop_pass_yds,Joe Burrow Under 269.5,0.5,0.5,,,,0,,,2026.09.30.1,2026-10-04|nfl|nfl_prop_pass_yds|Joe Burrow Under 269.5,2026-10-04,2ea94ddf20f66432b9024fe2e2eaba5f,Jacksonville Jaguars @ Cincinnati Bengals,2026-10-04T17:00:00Z,Joe Burrow,269.5,,,,a_saisir,2,,,pinnacle (shin),,,,,0.5,,,
2026-10-04T13:44:52+00:00,nfl,nfl_prop_pass_yds,Trevor Lawrence Over 260.5,0.5,0.5,,,,0,,,2026.09.30.1,2026-10-04|nfl|nfl_prop_pass_yds|Trevor Lawrence Over 260.5,2026-10-04,2ea94ddf20f66432b9024fe2e2eaba5f,Jacksonville Jaguars @ Cincinnati Bengals,2026-10-04T17:00:00Z,Trevor Lawrence,260.5,,,,a_saisir,2,,,pinnacle (shin),,,,,0.5,,,
2026-10-04T13:44:52+00:00,nfl,nfl_prop_pass_yds,Trevor Lawrence Under 260.5,0.5,0.5,,,,0,,,2026.09.30.1,2026-10-04|nfl|nfl_prop_pass_yds|Trevor Lawrence Under 260.5,2026-10-04,2ea94ddf20f66432b9024fe2e2eaba5f,Jacksonville Jaguars @ Cincinnati Bengals,2026-10-04T17:00:00Z,Trevor Lawrence,260.5,,,,a_saisir,2,,,pinnacle (shin),,,,,0.5,,,
2026-10-04T13:44:52+00:00,nfl,nfl_prop_reception_yds,Bhayshul Tuten Over 10.5,0.5192,0.5192,,,,0,,,2026.09.30.1,2026-10-04|nfl|nfl_prop_reception_yds|Bhayshul Tuten Over 10.5,2026-10-04,2ea94ddf20f66432b9024fe2e2eaba5f,Jacksonville Jaguars @ Cincinnati Bengals,2026-10-04T17:00:00Z,Bhayshul Tuten,10.5,,,,a_saisir,1.926,,,pinnacle (shin),,,,,0.5192,,,
2026-10-04T13:44:52+00:00,nfl,nfl_prop_reception_yds,Bhayshul Tuten Under 10.5,0.4808,0.4808,,,,0,,,2026.09.30.1,2026-10-04|nfl|nfl_prop_reception_yds|Bhayshul Tuten Under 10.5,2026-10-04,2ea94ddf20f66432b9024fe2e2eaba5f,Jacksonville Jaguars @ Cincinnati Bengals,2026-10-04T17:00:00Z,Bhayshul Tuten,10.5,,,,a_saisir,2.08,,,pinnacle (shin),,,,,0.4808,,,
2026-10-04T13:44:52+00:00,nfl,nfl_prop_reception_yds,Brenton Strange Over 36.5,0.5,0.5,,,,0,,,2026.09.30.1,2026-10-04|nfl|nfl_prop_reception_yds|Brenton Strange Over 36.5,2026-10-04,2ea94ddf20f66432b9024fe2e2eaba5f,Jacksonville Jaguars @ Cincinnati Bengals,2026-10-04T17:00:00Z,Brenton Strange,36.5,,,,a_saisir,2,,,pinnacle (shin),,,,,0.5,,,
2026-10-04T13:44:52+00:00,nfl,nfl_prop_reception_yds,Brenton Strange Under 36.5,0.5,0.5,,,,0,,,2026.09.30.1,2026-10-04|nfl|nfl_prop_reception_yds|Brenton Strange Under 36.5,2026-10-04,2ea94ddf20f66432b9024fe2e2eaba5f,Jacksonville Jaguars @ Cincinnati Bengals,2026-10-04T17:00:00Z,Brenton Strange,36.5,,,,a_saisir,2,,,pinnacle (shin),,,,,0.5,,,
2026-10-04T13:44:52+00:00,nfl,nfl_prop_reception_yds,Brian Thomas Jr Over 26.5,0.5,0.5,,,,0,,,2026.09.30.1,2026-10-04|nfl|nfl_prop_reception_yds|Brian Thomas Jr Over 26.5,2026-10-04,2ea94ddf20f66432b9024fe2e2eaba5f,Jacksonville Jaguars @ Cincinnati Bengals,2026-10-04T17:00:00Z,Brian Thomas Jr,26.5,,,,a_saisir,2,,,pinnacle (shin),,,,,0.5,,,
2026-10-04T13:44:52+00:00,nfl,nfl_prop_reception_yds,Brian Thomas Jr Under 26.5,0.5,0.5,,,,0,,,2026.09.30.1,2026-10-04|nfl|nfl_prop_reception_yds|Brian Thomas Jr Under 26.5,2026-10-04,2ea94ddf20f66432b9024fe2e2eaba5f,Jacksonville Jaguars @ Cincinnati Bengals,2026-10-04T17:00:00Z,Brian Thomas Jr,26.5,,,,a_saisir,2,,,pinnacle (shin),,,,,0.5,,,
2026-10-04T13:44:52+00:00,nfl,nfl_prop_reception_yds,Chase Brown Over 19.5,0.4973,0.4973,,,,0,,,2026.09.30.1,2026-10-04|nfl|nfl_prop_reception_yds|Chase Brown Over 19.5,2026-10-04,2ea94ddf20f66432b9024fe2e2eaba5f,Jacksonville Jaguars @ Cincinnati Bengals,2026-10-04T17:00:00Z,Chase Brown,19.5,,,,a_saisir,2.011,,,pinnacle (shin),,,,,0.4973,,,
2026-10-04T13:44:52+00:00,nfl,nfl_prop_reception_yds,Chase Brown Under 19.5,0.5027,0.5027,,,,0,,,2026.09.30.1,2026-10-04|nfl|nfl_prop_reception_yds|Chase Brown Under 19.5,2026-10-04,2ea94ddf20f66432b9024fe2e2eaba5f,Jacksonville Jaguars @ Cincinnati Bengals,2026-10-04T17:00:00Z,Chase Brown,19.5,,,,a_saisir,1.989,,,pinnacle (shin),,,,,0.5027,,,
2026-10-04T13:44:52+00:00,nfl,nfl_prop_reception_yds,Dohnte Meyers Over 19.5,0.5,0.5,,,,0,,,2026.09.30.1,2026-10-04|nfl|nfl_prop_reception_yds|Dohnte Meyers Over 19.5,2026-10-04,2ea94ddf20f66432b9024fe2e2eaba5f,Jacksonville Jaguars @ Cincinnati Bengals,2026-10-04T17:00:00Z,Dohnte Meyers,19.5,,,,a_saisir,2,,,pinnacle (shin),,,,,0.5,,,
2026-10-04T13:44:52+00:00,nfl,nfl_prop_reception_yds,Dohnte Meyers Under 19.5,0.5,0.5,,,,0,,,2026.09.30.1,2026-10-04|nfl|nfl_prop_reception_yds|Dohnte Meyers Under 19.5,2026-10-04,2ea94ddf20f66432b9024fe2e2eaba5f,Jacksonville Jaguars @ Cincinnati Bengals,2026-10-04T17:00:00Z,Dohnte Meyers,19.5,,,,a_saisir,2,,,pinnacle (shin),,,,,0.5,,,
2026-10-04T13:44:52+00:00,nfl,nfl_prop_reception_yds,Drew Sample Over 7.5,0.4945,0.4945,,,,0,,,2026.09.30.1,2026-10-04|nfl|nfl_prop_reception_yds|Drew Sample Over 7.5,2026-10-04,2ea94ddf20f66432b9024fe2e2eaba5f,Jacksonville Jaguars @ Cincinnati Bengals,2026-10-04T17:00:00Z,Drew Sample,7.5,,,,a_saisir,2.022,,,pinnacle (shin),,,,,0.4945,,,
2026-10-04T13:44:52+00:00,nfl,nfl_prop_reception_yds,Drew Sample Under 7.5,0.5055,0.5055,,,,0,,,2026.09.30.1,2026-10-04|nfl|nfl_prop_reception_yds|Drew Sample Under 7.5,2026-10-04,2ea94ddf20f66432b9024fe2e2eaba5f,Jacksonville Jaguars @ Cincinnati Bengals,2026-10-04T17:00:00Z,Drew Sample,7.5,,,,a_saisir,1.978,,,pinnacle (shin),,,,,0.5055,,,
2026-10-04T13:44:52+00:00,nfl,nfl_prop_reception_yds,Ja'Marr Chase Over 83.5,0.5,0.5,,,,0,,,2026.09.30.1,2026-10-04|nfl|nfl_prop_reception_yds|Ja'Marr Chase Over 83.5,2026-10-04,2ea94ddf20f66432b9024fe2e2eaba5f,Jacksonville Jaguars @ Cincinnati Bengals,2026-10-04T17:00:00Z,Ja'Marr Chase,83.5,,,,a_saisir,2,,,pinnacle (shin),,,,,0.5,,,
2026-10-04T13:44:52+00:00,nfl,nfl_prop_reception_yds,Ja'Marr Chase Under 83.5,0.5,0.5,,,,0,,,2026.09.30.1,2026-10-04|nfl|nfl_prop_reception_yds|Ja'Marr Chase Under 83.5,2026-10-04,2ea94ddf20f66432b9024fe2e2eaba5f,Jacksonville Jaguars @ Cincinnati Bengals,2026-10-04T17:00:00Z,Ja'Marr Chase,83.5,,,,a_saisir,2,,,pinnacle (shin),,,,,0.5,,,
2026-10-04T13:44:52+00:00,nfl,nfl_prop_reception_yds,Jakobi Meyers Over 39.5,0.511,0.511,,,,0,,,2026.09.30.1,2026-10-04|nfl|nfl_prop_reception_yds|Jakobi Meyers Over 39.5,2026-10-04,2ea94ddf20f66432b9024fe2e2eaba5f,Jacksonville Jaguars @ Cincinnati Bengals,2026-10-04T17:00:00Z,Jakobi Meyers,39.5,,,,a_saisir,1.957,,,pinnacle (shin),,,,,0.511,,,
2026-10-04T13:44:52+00:00,nfl,nfl_prop_reception_yds,Jakobi Meyers Under 39.5,0.489,0.489,,,,0,,,2026.09.30.1,2026-10-04|nfl|nfl_prop_reception_yds|Jakobi Meyers Under 39.5,2026-10-04,2ea94ddf20f66432b9024fe2e2eaba5f,Jacksonville Jaguars @ Cincinnati Bengals,2026-10-04T17:00:00Z,Jakobi Meyers,39.5,,,,a_saisir,2.045,,,pinnacle (shin),,,,,0.489,,,
2026-10-04T13:44:52+00:00,nfl,nfl_prop_reception_yds,Josh Cameron Over 9.5,0.4973,0.4973,,,,0,,,2026.09.30.1,2026-10-04|nfl|nfl_prop_reception_yds|Josh Cameron Over 9.5,2026-10-04,2ea94ddf20f66432b9024fe2e2eaba5f,Jacksonville Jaguars @ Cincinnati Bengals,2026-10-04T17:00:00Z,Josh Cameron,9.5,,,,a_saisir,2.011,,,pinnacle (shin),,,,,0.4973,,,
2026-10-04T13:44:52+00:00,nfl,nfl_prop_reception_yds,Josh Cameron Under 9.5,0.5027,0.5027,,,,0,,,2026.09.30.1,2026-10-04|nfl|nfl_prop_reception_yds|Josh Cameron Under 9.5,2026-10-04,2ea94ddf20f66432b9024fe2e2eaba5f,Jacksonville Jaguars @ Cincinnati Bengals,2026-10-04T17:00:00Z,Josh Cameron,9.5,,,,a_saisir,1.989,,,pinnacle (shin),,,,,0.5027,,,
2026-10-04T13:44:52+00:00,nfl,nfl_prop_reception_yds,Mike Gesicki Over 27.5,0.5,0.5,,,,0,,,2026.09.30.1,2026-10-04|nfl|nfl_prop_reception_yds|Mike Gesicki Over 27.5,2026-10-04,2ea94ddf20f66432b9024fe2e2eaba5f,Jacksonville Jaguars @ Cincinnati Bengals,2026-10-04T17:00:00Z,Mike Gesicki,27.5,,,,a_saisir,2,,,pinnacle (shin),,,,,0.5,,,
2026-10-04T13:44:52+00:00,nfl,nfl_prop_reception_yds,Mike Gesicki Under 27.5,0.5,0.5,,,,0,,,2026.09.30.1,2026-10-04|nfl|nfl_prop_reception_yds|Mike Gesicki Under 27.5,2026-10-04,2ea94ddf20f66432b9024fe2e2eaba5f,Jacksonville Jaguars @ Cincinnati Bengals,2026-10-04T17:00:00Z,Mike Gesicki,27.5,,,,a_saisir,2,,,pinnacle (shin),,,,,0.5,,,
2026-10-04T13:44:52+00:00,nfl,nfl_prop_reception_yds,Parker Washington Over 77.5,0.5028,0.5028,,,,0,,,2026.09.30.1,2026-10-04|nfl|nfl_prop_reception_yds|Parker Washington Over 77.5,2026-10-04,2ea94ddf20f66432b9024fe2e2eaba5f,Jacksonville Jaguars @ Cincinnati Bengals,2026-10-04T17:00:00Z,Parker Washington,77.5,,,,a_saisir,1.989,,,mediane sharp shin (betonlineag),,,,,0.5028,,,
2026-10-04T13:44:52+00:00,nfl,nfl_prop_reception_yds,Parker Washington Under 77.5,0.4972,0.4972,,,,0,,,2026.09.30.1,2026-10-04|nfl|nfl_prop_reception_yds|Parker Washington Under 77.5,2026-10-04,2ea94ddf20f66432b9024fe2e2eaba5f,Jacksonville Jaguars @ Cincinnati Bengals,2026-10-04T17:00:00Z,Parker Washington,77.5,,,,a_saisir,2.011,,,mediane sharp shin (betonlineag),,,,,0.4972,,,
2026-10-04T13:44:52+00:00,nfl,nfl_prop_reception_yds,Samaje Perine Over 8.5,0.5,0.5,,,,0,,,2026.09.30.1,2026-10-04|nfl|nfl_prop_reception_yds|Samaje Perine Over 8.5,2026-10-04,2ea94ddf20f66432b9024fe2e2eaba5f,Jacksonville Jaguars @ Cincinnati Bengals,2026-10-04T17:00:00Z,Samaje Perine,8.5,,,,a_saisir,2,,,pinnacle (shin),,,,,0.5,,,
2026-10-04T13:44:52+00:00,nfl,nfl_prop_reception_yds,Samaje Perine Under 8.5,0.5,0.5,,,,0,,,2026.09.30.1,2026-10-04|nfl|nfl_prop_reception_yds|Samaje Perine Under 8.5,2026-10-04,2ea94ddf20f66432b9024fe2e2eaba5f,Jacksonville Jaguars @ Cincinnati Bengals,2026-10-04T17:00:00Z,Samaje Perine,8.5,,,,a_saisir,2,,,pinnacle (shin),,,,,0.5,,,
2026-10-04T13:44:52+00:00,nfl,nfl_prop_reception_yds,Tee Higgins Over 62.5,0.511,0.511,,,,0,,,2026.09.30.1,2026-10-04|nfl|nfl_prop_reception_yds|Tee Higgins Over 62.5,2026-10-04,2ea94ddf20f66432b9024fe2e2eaba5f,Jacksonville Jaguars @ Cincinnati Bengals,2026-10-04T17:00:00Z,Tee Higgins,62.5,,,,a_saisir,1.957,,,pinnacle (shin),,,,,0.511,,,
2026-10-04T13:44:52+00:00,nfl,nfl_prop_reception_yds,Tee Higgins Under 62.5,0.489,0.489,,,,0,,,2026.09.30.1,2026-10-04|nfl|nfl_prop_reception_yds|Tee Higgins Under 62.5,2026-10-04,2ea94ddf20f66432b9024fe2e2eaba5f,Jacksonville Jaguars @ Cincinnati Bengals,2026-10-04T17:00:00Z,Tee Higgins,62.5,,,,a_saisir,2.045,,,pinnacle (shin),,,,,0.489,,,
2026-10-04T13:44:52+00:00,nfl,nfl_prop_rush_yds,Bhayshul Tuten Over 55.5,0.5027,0.5027,,,,0,,,2026.09.30.1,2026-10-04|nfl|nfl_prop_rush_yds|Bhayshul Tuten Over 55.5,2026-10-04,2ea94ddf20f66432b9024fe2e2eaba5f,Jacksonville Jaguars @ Cincinnati Bengals,2026-10-04T17:00:00Z,Bhayshul Tuten,55.5,,,,a_saisir,1.989,,,pinnacle (shin),,,,,0.5027,,,
2026-10-04T13:44:52+00:00,nfl,nfl_prop_rush_yds,Bhayshul Tuten Under 55.5,0.4973,0.4973,,,,0,,,2026.09.30.1,2026-10-04|nfl|nfl_prop_rush_yds|Bhayshul Tuten Under 55.5,2026-10-04,2ea94ddf20f66432b9024fe2e2eaba5f,Jacksonville Jaguars @ Cincinnati Bengals,2026-10-04T17:00:00Z,Bhayshul Tuten,55.5,,,,a_saisir,2.011,,,pinnacle (shin),,,,,0.4973,,,
2026-10-04T13:44:52+00:00,nfl,nfl_prop_rush_yds,Chase Brown Over 58.5,0.5,0.5,,,,0,,,2026.09.30.1,2026-10-04|nfl|nfl_prop_rush_yds|Chase Brown Over 58.5,2026-10-04,2ea94ddf20f66432b9024fe2e2eaba5f,Jacksonville Jaguars @ Cincinnati Bengals,2026-10-04T17:00:00Z,Chase Brown,58.5,,,,a_saisir,2,,,mediane sharp shin (betonlineag),,,,,0.5,,,
2026-10-04T13:44:52+00:00,nfl,nfl_prop_rush_yds,Chase Brown Under 58.5,0.5,0.5,,,,0,,,2026.09.30.1,2026-10-04|nfl|nfl_prop_rush_yds|Chase Brown Under 58.5,2026-10-04,2ea94ddf20f66432b9024fe2e2eaba5f,Jacksonville Jaguars @ Cincinnati Bengals,2026-10-04T17:00:00Z,Chase Brown,58.5,,,,a_saisir,2,,,mediane sharp shin (betonlineag),,,,,0.5,,,
2026-10-04T13:44:52+00:00,nfl,nfl_prop_rush_yds,Chris Rodriguez Jr. Over 17.5,0.4835,0.4835,,,,0,,,2026.09.30.1,2026-10-04|nfl|nfl_prop_rush_yds|Chris Rodriguez Jr. Over 17.5,2026-10-04,2ea94ddf20f66432b9024fe2e2eaba5f,Jacksonville Jaguars @ Cincinnati Bengals,2026-10-04T17:00:00Z,Chris Rodriguez Jr.,17.5,,,,a_saisir,2.068,,,pinnacle (shin),,,,,0.4835,,,
2026-10-04T13:44:52+00:00,nfl,nfl_prop_rush_yds,Chris Rodriguez Jr. Under 17.5,0.5165,0.5165,,,,0,,,2026.09.30.1,2026-10-04|nfl|nfl_prop_rush_yds|Chris Rodriguez Jr. Under 17.5,2026-10-04,2ea94ddf20f66432b9024fe2e2eaba5f,Jacksonville Jaguars @ Cincinnati Bengals,2026-10-04T17:00:00Z,Chris Rodriguez Jr.,17.5,,,,a_saisir,1.936,,,pinnacle (shin),,,,,0.5165,,,
2026-10-04T13:44:52+00:00,nfl,nfl_prop_rush_yds,Joe Burrow Over 8.5,0.5,0.5,,,,0,,,2026.09.30.1,2026-10-04|nfl|nfl_prop_rush_yds|Joe Burrow Over 8.5,2026-10-04,2ea94ddf20f66432b9024fe2e2eaba5f,Jacksonville Jaguars @ Cincinnati Bengals,2026-10-04T17:00:00Z,Joe Burrow,8.5,,,,a_saisir,2,,,pinnacle (shin),,,,,0.5,,,
2026-10-04T13:44:52+00:00,nfl,nfl_prop_rush_yds,Joe Burrow Under 8.5,0.5,0.5,,,,0,,,2026.09.30.1,2026-10-04|nfl|nfl_prop_rush_yds|Joe Burrow Under 8.5,2026-10-04,2ea94ddf20f66432b9024fe2e2eaba5f,Jacksonville Jaguars @ Cincinnati Bengals,2026-10-04T17:00:00Z,Joe Burrow,8.5,,,,a_saisir,2,,,pinnacle (shin),,,,,0.5,,,
2026-10-04T13:44:52+00:00,nfl,nfl_prop_rush_yds,Samaje Perine Over 13.5,0.4973,0.4973,,,,0,,,2026.09.30.1,2026-10-04|nfl|nfl_prop_rush_yds|Samaje Perine Over 13.5,2026-10-04,2ea94ddf20f66432b9024fe2e2eaba5f,Jacksonville Jaguars @ Cincinnati Bengals,2026-10-04T17:00:00Z,Samaje Perine,13.5,,,,a_saisir,2.011,,,pinnacle (shin),,,,,0.4973,,,
2026-10-04T13:44:52+00:00,nfl,nfl_prop_rush_yds,Samaje Perine Under 13.5,0.5027,0.5027,,,,0,,,2026.09.30.1,2026-10-04|nfl|nfl_prop_rush_yds|Samaje Perine Under 13.5,2026-10-04,2ea94ddf20f66432b9024fe2e2eaba5f,Jacksonville Jaguars @ Cincinnati Bengals,2026-10-04T17:00:00Z,Samaje Perine,13.5,,,,a_saisir,1.989,,,pinnacle (shin),,,,,0.5027,,,
2026-10-04T13:44:52+00:00,nfl,nfl_prop_rush_yds,Trevor Lawrence Over 14.5,0.5,0.5,,,,0,,,2026.09.30.1,2026-10-04|nfl|nfl_prop_rush_yds|Trevor Lawrence Over 14.5,2026-10-04,2ea94ddf20f66432b9024fe2e2eaba5f,Jacksonville Jaguars @ Cincinnati Bengals,2026-10-04T17:00:00Z,Trevor Lawrence,14.5,,,,a_saisir,2,,,pinnacle (shin),,,,,0.5,,,
2026-10-04T13:44:52+00:00,nfl,nfl_prop_rush_yds,Trevor Lawrence Under 14.5,0.5,0.5,,,,0,,,2026.09.30.1,2026-10-04|nfl|nfl_prop_rush_yds|Trevor Lawrence Under 14.5,2026-10-04,2ea94ddf20f66432b9024fe2e2eaba5f,Jacksonville Jaguars @ Cincinnati Bengals,2026-10-04T17:00:00Z,Trevor Lawrence,14.5,,,,a_saisir,2,,,pinnacle (shin),,,,,0.5,,,
2026-10-04T13:44:52+00:00,nfl,nfl_prop_pass_yds,Drake Maye Over 231.5,0.4904,0.4904,,,,0,,,2026.09.30.1,2026-10-04|nfl|nfl_prop_pass_yds|Drake Maye Over 231.5,2026-10-04,573cc0ef39631a4f6673ec843a8bedd4,New England Patriots @ Buffalo Bills,2026-10-04T17:00:00Z,Drake Maye,231.5,,,,a_saisir,2.039,,,pinnacle (shin),,,,,0.4904,,,
2026-10-04T13:44:52+00:00,nfl,nfl_prop_pass_yds,Drake Maye Under 231.5,0.5096,0.5096,,,,0,,,2026.09.30.1,2026-10-04|nfl|nfl_prop_pass_yds|Drake Maye Under 231.5,2026-10-04,573cc0ef39631a4f6673ec843a8bedd4,New England Patriots @ Buffalo Bills,2026-10-04T17:00:00Z,Drake Maye,231.5,,,,a_saisir,1.962,,,pinnacle (shin),,,,,0.5096,,,
2026-10-04T13:44:52+00:00,nfl,nfl_prop_pass_yds,Josh Allen Over 242.5,0.489,0.489,,,,0,,,2026.09.30.1,2026-10-04|nfl|nfl_prop_pass_yds|Josh Allen Over 242.5,2026-10-04,573cc0ef39631a4f6673ec843a8bedd4,New England Patriots @ Buffalo Bills,2026-10-04T17:00:00Z,Josh Allen,242.5,,,,a_saisir,2.045,,,pinnacle (shin),,,,,0.489,,,
2026-10-04T13:44:52+00:00,nfl,nfl_prop_pass_yds,Josh Allen Under 242.5,0.511,0.511,,,,0,,,2026.09.30.1,2026-10-04|nfl|nfl_prop_pass_yds|Josh Allen Under 242.5,2026-10-04,573cc0ef39631a4f6673ec843a8bedd4,New England Patriots @ Buffalo Bills,2026-10-04T17:00:00Z,Josh Allen,242.5,,,,a_saisir,1.957,,,pinnacle (shin),,,,,0.511,,,
2026-10-04T13:44:52+00:00,nfl,nfl_prop_reception_yds,DJ Moore Over 52.5,0.4887,0.4887,,,,0,,,2026.09.30.1,2026-10-04|nfl|nfl_prop_reception_yds|DJ Moore Over 52.5,2026-10-04,573cc0ef39631a4f6673ec843a8bedd4,New England Patriots @ Buffalo Bills,2026-10-04T17:00:00Z,DJ Moore,52.5,,,,a_saisir,2.046,,,mediane sharp shin (betonlineag),,,,,0.4887,,,
2026-10-04T13:44:52+00:00,nfl,nfl_prop_reception_yds,DJ Moore Under 52.5,0.5113,0.5113,,,,0,,,2026.09.30.1,2026-10-04|nfl|nfl_prop_reception_yds|DJ Moore Under 52.5,2026-10-04,573cc0ef39631a4f6673ec843a8bedd4,New England Patriots @ Buffalo Bills,2026-10-04T17:00:00Z,DJ Moore,52.5,,,,a_saisir,1.956,,,mediane sharp shin (betonlineag),,,,,0.5113,,,
2026-10-04T13:44:52+00:00,nfl,nfl_prop_reception_yds,Dalton Kincaid Over 47.5,0.5,0.5,,,,0,,,2026.09.30.1,2026-10-04|nfl|nfl_prop_reception_yds|Dalton Kincaid Over 47.5,2026-10-04,573cc0ef39631a4f6673ec843a8bedd4,New England Patriots @ Buffalo Bills,2026-10-04T17:00:00Z,Dalton Kincaid,47.5,,,,a_saisir,2,,,pinnacle (shin),,,,,0.5,,,
2026-10-04T13:44:52+00:00,nfl,nfl_prop_reception_yds,Dalton Kincaid Under 47.5,0.5,0.5,,,,0,,,2026.09.30.1,2026-10-04|nfl|nfl_prop_reception_yds|Dalton Kincaid Under 47.5,2026-10-04,573cc0ef39631a4f6673ec843a8bedd4,New England Patriots @ Buffalo Bills,2026-10-04T17:00:00Z,Dalton Kincaid,47.5,,,,a_saisir,2,,,pinnacle (shin),,,,,0.5,,,
2026-10-04T13:44:52+00:00,nfl,nfl_prop_reception_yds,Dawson Knox Over 9.5,0.5,0.5,,,,0,,,2026.09.30.1,2026-10-04|nfl|nfl_prop_reception_yds|Dawson Knox Over 9.5,2026-10-04,573cc0ef39631a4f6673ec843a8bedd4,New England Patriots @ Buffalo Bills,2026-10-04T17:00:00Z,Dawson Knox,9.5,,,,a_saisir,2,,,pinnacle (shin),,,,,0.5,,,
2026-10-04T13:44:52+00:00,nfl,nfl_prop_reception_yds,Dawson Knox Under 9.5,0.5,0.5,,,,0,,,2026.09.30.1,2026-10-04|nfl|nfl_prop_reception_yds|Dawson Knox Under 9.5,2026-10-04,573cc0ef39631a4f6673ec843a8bedd4,New England Patriots @ Buffalo Bills,2026-10-04T17:00:00Z,Dawson Knox,9.5,,,,a_saisir,2,,,pinnacle (shin),,,,,0.5,,,
2026-10-04T13:44:52+00:00,nfl,nfl_prop_reception_yds,DeMario Douglas Over 30.5,0.5,0.5,,,,0,,,2026.09.30.1,2026-10-04|nfl|nfl_prop_reception_yds|DeMario Douglas Over 30.5,2026-10-04,573cc0ef39631a4f6673ec843a8bedd4,New England Patriots @ Buffalo Bills,2026-10-04T17:00:00Z,DeMario Douglas,30.5,,,,a_saisir,2,,,pinnacle (shin),,,,,0.5,,,
2026-10-04T13:44:52+00:00,nfl,nfl_prop_reception_yds,DeMario Douglas Under 30.5,0.5,0.5,,,,0,,,2026.09.30.1,2026-10-04|nfl|nfl_prop_reception_yds|DeMario Douglas Under 30.5,2026-10-04,573cc0ef39631a4f6673ec843a8bedd4,New England Patriots @ Buffalo Bills,2026-10-04T17:00:00Z,DeMario Douglas,30.5,,,,a_saisir,2,,,pinnacle (shin),,,,,0.5,,,
2026-10-04T13:44:52+00:00,nfl,nfl_prop_reception_yds,Hunter Henry Over 30.5,0.5,0.5,,,,0,,,2026.09.30.1,2026-10-04|nfl|nfl_prop_reception_yds|Hunter Henry Over 30.5,2026-10-04,573cc0ef39631a4f6673ec843a8bedd4,New England Patriots @ Buffalo Bills,2026-10-04T17:00:00Z,Hunter Henry,30.5,,,,a_saisir,2,,,pinnacle (shin),,,,,0.5,,,
2026-10-04T13:44:52+00:00,nfl,nfl_prop_reception_yds,Hunter Henry Under 30.5,0.5,0.5,,,,0,,,2026.09.30.1,2026-10-04|nfl|nfl_prop_reception_yds|Hunter Henry Under 30.5,2026-10-04,573cc0ef39631a4f6673ec843a8bedd4,New England Patriots @ Buffalo Bills,2026-10-04T17:00:00Z,Hunter Henry,30.5,,,,a_saisir,2,,,pinnacle (shin),,,,,0.5,,,
2026-10-04T13:44:52+00:00,nfl,nfl_prop_reception_yds,James Cook Over 8.5,0.5028,0.5028,,,,0,,,2026.09.30.1,2026-10-04|nfl|nfl_prop_reception_yds|James Cook Over 8.5,2026-10-04,573cc0ef39631a4f6673ec843a8bedd4,New England Patriots @ Buffalo Bills,2026-10-04T17:00:00Z,James Cook,8.5,,,,a_saisir,1.989,,,mediane sharp shin (betonlineag),,,,,0.5028,,,
2026-10-04T13:44:52+00:00,nfl,nfl_prop_reception_yds,James Cook Under 8.5,0.4972,0.4972,,,,0,,,2026.09.30.1,2026-10-04|nfl|nfl_prop_reception_yds|James Cook Under 8.5,2026-10-04,573cc0ef39631a4f6673ec843a8bedd4,New England Patriots @ Buffalo Bills,2026-10-04T17:00:00Z,James Cook,8.5,,,,a_saisir,2.011,,,mediane sharp shin (betonlineag),,,,,0.4972,,,
2026-10-04T13:44:52+00:00,nfl,nfl_prop_reception_yds,Keon Coleman Over 12.5,0.5,0.5,,,,0,,,2026.09.30.1,2026-10-04|nfl|nfl_prop_reception_yds|Keon Coleman Over 12.5,2026-10-04,573cc0ef39631a4f6673ec843a8bedd4,New England Patriots @ Buffalo Bills,2026-10-04T17:00:00Z,Keon Coleman,12.5,,,,a_saisir,2,,,pinnacle (shin),,,,,0.5,,,
2026-10-04T13:44:52+00:00,nfl,nfl_prop_reception_yds,Keon Coleman Under 12.5,0.5,0.5,,,,0,,,2026.09.30.1,2026-10-04|nfl|nfl_prop_reception_yds|Keon Coleman Under 12.5,2026-10-04,573cc0ef39631a4f6673ec843a8bedd4,New England Patriots @ Buffalo Bills,2026-10-04T17:00:00Z,Keon Coleman,12.5,,,,a_saisir,2,,,pinnacle (shin),,,,,0.5,,,
2026-10-04T13:44:52+00:00,nfl,nfl_prop_reception_yds,Khalil Shakir Over 38.5,0.4863,0.4863,,,,0,,,2026.09.30.1,2026-10-04|nfl|nfl_prop_reception_yds|Khalil Shakir Over 38.5,2026-10-04,573cc0ef39631a4f6673ec843a8bedd4,New England Patriots @ Buffalo Bills,2026-10-04T17:00:00Z,Khalil Shakir,38.5,,,,a_saisir,2.056,,,pinnacle (shin),,,,,0.4863,,,
2026-10-04T13:44:52+00:00,nfl,nfl_prop_reception_yds,Khalil Shakir Under 38.5,0.5137,0.5137,,,,0,,,2026.09.30.1,2026-10-04|nfl|nfl_prop_reception_yds|Khalil Shakir Under 38.5,2026-10-04,573cc0ef39631a4f6673ec843a8bedd4,New England Patriots @ Buffalo Bills,2026-10-04T17:00:00Z,Khalil Shakir,38.5,,,,a_saisir,1.947,,,pinnacle (shin),,,,,0.5137,,,
2026-10-04T13:44:52+00:00,nfl,nfl_prop_reception_yds,Kyle Williams Over 12.5,0.5,0.5,,,,0,,,2026.09.30.1,2026-10-04|nfl|nfl_prop_reception_yds|Kyle Williams Over 12.5,2026-10-04,573cc0ef39631a4f6673ec843a8bedd4,New England Patriots @ Buffalo Bills,2026-10-04T17:00:00Z,Kyle Williams,12.5,,,,a_saisir,2,,,pinnacle (shin),,,,,0.5,,,
2026-10-04T13:44:52+00:00,nfl,nfl_prop_reception_yds,Kyle Williams Under 12.5,0.5,0.5,,,,0,,,2026.09.30.1,2026-10-04|nfl|nfl_prop_reception_yds|Kyle Williams Under 12.5,2026-10-04,573cc0ef39631a4f6673ec843a8bedd4,New England Patriots @ Buffalo Bills,2026-10-04T17:00:00Z,Kyle Williams,12.5,,,,a_saisir,2,,,pinnacle (shin),,,,,0.5,,,
2026-10-04T13:44:52+00:00,nfl,nfl_prop_reception_yds,Mack Hollins Over 42.5,0.5,0.5,,,,0,,,2026.09.30.1,2026-10-04|nfl|nfl_prop_reception_yds|Mack Hollins Over 42.5,2026-10-04,573cc0ef39631a4f6673ec843a8bedd4,New England Patriots @ Buffalo Bills,2026-10-04T17:00:00Z,Mack Hollins,42.5,,,,a_saisir,2,,,mediane sharp shin (betonlineag),,,,,0.5,,,
2026-10-04T13:44:52+00:00,nfl,nfl_prop_reception_yds,Mack Hollins Under 42.5,0.5,0.5,,,,0,,,2026.09.30.1,2026-10-04|nfl|nfl_prop_reception_yds|Mack Hollins Under 42.5,2026-10-04,573cc0ef39631a4f6673ec843a8bedd4,New England Patriots @ Buffalo Bills,2026-10-04T17:00:00Z,Mack Hollins,42.5,,,,a_saisir,2,,,mediane sharp shin (betonlineag),,,,,0.5,,,
2026-10-04T13:44:52+00:00,nfl,nfl_prop_reception_yds,Rhamondre Stevenson Over 17.5,0.5,0.5,,,,0,,,2026.09.30.1,2026-10-04|nfl|nfl_prop_reception_yds|Rhamondre Stevenson Over 17.5,2026-10-04,573cc0ef39631a4f6673ec843a8bedd4,New England Patriots @ Buffalo Bills,2026-10-04T17:00:00Z,Rhamondre Stevenson,17.5,,,,a_saisir,2,,,pinnacle (shin),,,,,0.5,,,
2026-10-04T13:44:52+00:00,nfl,nfl_prop_reception_yds,Rhamondre Stevenson Under 17.5,0.5,0.5,,,,0,,,2026.09.30.1,2026-10-04|nfl|nfl_prop_reception_yds|Rhamondre Stevenson Under 17.5,2026-10-04,573cc0ef39631a4f6673ec843a8bedd4,New England Patriots @ Buffalo Bills,2026-10-04T17:00:00Z,Rhamondre Stevenson,17.5,,,,a_saisir,2,,,pinnacle (shin),,,,,0.5,,,
2026-10-04T13:44:52+00:00,nfl,nfl_prop_reception_yds,Romeo Doubs Over 39.5,0.5137,0.5137,,,,0,,,2026.09.30.1,2026-10-04|nfl|nfl_prop_reception_yds|Romeo Doubs Over 39.5,2026-10-04,573cc0ef39631a4f6673ec843a8bedd4,New England Patriots @ Buffalo Bills,2026-10-04T17:00:00Z,Romeo Doubs,39.5,,,,a_saisir,1.947,,,pinnacle (shin),,,,,0.5137,,,
2026-10-04T13:44:52+00:00,nfl,nfl_prop_reception_yds,Romeo Doubs Under 39.5,0.4863,0.4863,,,,0,,,2026.09.30.1,2026-10-04|nfl|nfl_prop_reception_yds|Romeo Doubs Under 39.5,2026-10-04,573cc0ef39631a4f6673ec843a8bedd4,New England Patriots @ Buffalo Bills,2026-10-04T17:00:00Z,Romeo Doubs,39.5,,,,a_saisir,2.056,,,pinnacle (shin),,,,,0.4863,,,
2026-10-04T13:44:52+00:00,nfl,nfl_prop_reception_yds,TreVeyon Henderson Over 7.5,0.5,0.5,,,,0,,,2026.09.30.1,2026-10-04|nfl|nfl_prop_reception_yds|TreVeyon Henderson Over 7.5,2026-10-04,573cc0ef39631a4f6673ec843a8bedd4,New England Patriots @ Buffalo Bills,2026-10-04T17:00:00Z,TreVeyon Henderson,7.5,,,,a_saisir,2,,,pinnacle (shin),,,,,0.5,,,
2026-10-04T13:44:52+00:00,nfl,nfl_prop_reception_yds,TreVeyon Henderson Under 7.5,0.5,0.5,,,,0,,,2026.09.30.1,2026-10-04|nfl|nfl_prop_reception_yds|TreVeyon Henderson Under 7.5,2026-10-04,573cc0ef39631a4f6673ec843a8bedd4,New England Patriots @ Buffalo Bills,2026-10-04T17:00:00Z,TreVeyon Henderson,7.5,,,,a_saisir,2,,,pinnacle (shin),,,,,0.5,,,
2026-10-04T13:44:52+00:00,nfl,nfl_prop_reception_yds,Ty Johnson Over 11.5,0.5,0.5,,,,0,,,2026.09.30.1,2026-10-04|nfl|nfl_prop_reception_yds|Ty Johnson Over 11.5,2026-10-04,573cc0ef39631a4f6673ec843a8bedd4,New England Patriots @ Buffalo Bills,2026-10-04T17:00:00Z,Ty Johnson,11.5,,,,a_saisir,2,,,pinnacle (shin),,,,,0.5,,,
2026-10-04T13:44:52+00:00,nfl,nfl_prop_reception_yds,Ty Johnson Under 11.5,0.5,0.5,,,,0,,,2026.09.30.1,2026-10-04|nfl|nfl_prop_reception_yds|Ty Johnson Under 11.5,2026-10-04,573cc0ef39631a4f6673ec843a8bedd4,New England Patriots @ Buffalo Bills,2026-10-04T17:00:00Z,Ty Johnson,11.5,,,,a_saisir,2,,,pinnacle (shin),,,,,0.5,,,
2026-10-04T13:44:52+00:00,nfl,nfl_prop_rush_yds,Drake Maye Over 26.5,0.5055,0.5055,,,,0,,,2026.09.30.1,2026-10-04|nfl|nfl_prop_rush_yds|Drake Maye Over 26.5,2026-10-04,573cc0ef39631a4f6673ec843a8bedd4,New England Patriots @ Buffalo Bills,2026-10-04T17:00:00Z,Drake Maye,26.5,,,,a_saisir,1.978,,,pinnacle (shin),,,,,0.5055,,,
2026-10-04T13:44:52+00:00,nfl,nfl_prop_rush_yds,Drake Maye Under 26.5,0.4945,0.4945,,,,0,,,2026.09.30.1,2026-10-04|nfl|nfl_prop_rush_yds|Drake Maye Under 26.5,2026-10-04,573cc0ef39631a4f6673ec843a8bedd4,New England Patriots @ Buffalo Bills,2026-10-04T17:00:00Z,Drake Maye,26.5,,,,a_saisir,2.022,,,pinnacle (shin),,,,,0.4945,,,
2026-10-04T13:44:52+00:00,nfl,nfl_prop_rush_yds,James Cook Over 85.5,0.5,0.5,,,,0,,,2026.09.30.1,2026-10-04|nfl|nfl_prop_rush_yds|James Cook Over 85.5,2026-10-04,573cc0ef39631a4f6673ec843a8bedd4,New England Patriots @ Buffalo Bills,2026-10-04T17:00:00Z,James Cook,85.5,,,,a_saisir,2,,,mediane sharp shin (betonlineag),,,,,0.5,,,
2026-10-04T13:44:52+00:00,nfl,nfl_prop_rush_yds,James Cook Under 85.5,0.5,0.5,,,,0,,,2026.09.30.1,2026-10-04|nfl|nfl_prop_rush_yds|James Cook Under 85.5,2026-10-04,573cc0ef39631a4f6673ec843a8bedd4,New England Patriots @ Buffalo Bills,2026-10-04T17:00:00Z,James Cook,85.5,,,,a_saisir,2,,,mediane sharp shin (betonlineag),,,,,0.5,,,
2026-10-04T13:44:52+00:00,nfl,nfl_prop_rush_yds,Josh Allen Over 31.5,0.5027,0.5027,,,,0,,,2026.09.30.1,2026-10-04|nfl|nfl_prop_rush_yds|Josh Allen Over 31.5,2026-10-04,573cc0ef39631a4f6673ec843a8bedd4,New England Patriots @ Buffalo Bills,2026-10-04T17:00:00Z,Josh Allen,31.5,,,,a_saisir,1.989,,,pinnacle (shin),,,,,0.5027,,,
2026-10-04T13:44:52+00:00,nfl,nfl_prop_rush_yds,Josh Allen Under 31.5,0.4973,0.4973,,,,0,,,2026.09.30.1,2026-10-04|nfl|nfl_prop_rush_yds|Josh Allen Under 31.5,2026-10-04,573cc0ef39631a4f6673ec843a8bedd4,New England Patriots @ Buffalo Bills,2026-10-04T17:00:00Z,Josh Allen,31.5,,,,a_saisir,2.011,,,pinnacle (shin),,,,,0.4973,,,
2026-10-04T13:44:52+00:00,nfl,nfl_prop_rush_yds,Rhamondre Stevenson Over 32.5,0.5055,0.5055,,,,0,,,2026.09.30.1,2026-10-04|nfl|nfl_prop_rush_yds|Rhamondre Stevenson Over 32.5,2026-10-04,573cc0ef39631a4f6673ec843a8bedd4,New England Patriots @ Buffalo Bills,2026-10-04T17:00:00Z,Rhamondre Stevenson,32.5,,,,a_saisir,1.978,,,pinnacle (shin),,,,,0.5055,,,
2026-10-04T13:44:52+00:00,nfl,nfl_prop_rush_yds,Rhamondre Stevenson Under 32.5,0.4945,0.4945,,,,0,,,2026.09.30.1,2026-10-04|nfl|nfl_prop_rush_yds|Rhamondre Stevenson Under 32.5,2026-10-04,573cc0ef39631a4f6673ec843a8bedd4,New England Patriots @ Buffalo Bills,2026-10-04T17:00:00Z,Rhamondre Stevenson,32.5,,,,a_saisir,2.022,,,pinnacle (shin),,,,,0.4945,,,
2026-10-04T13:44:52+00:00,nfl,nfl_prop_rush_yds,TreVeyon Henderson Over 39.5,0.5,0.5,,,,0,,,2026.09.30.1,2026-10-04|nfl|nfl_prop_rush_yds|TreVeyon Henderson Over 39.5,2026-10-04,573cc0ef39631a4f6673ec843a8bedd4,New England Patriots @ Buffalo Bills,2026-10-04T17:00:00Z,TreVeyon Henderson,39.5,,,,a_saisir,2,,,pinnacle (shin),,,,,0.5,,,
2026-10-04T13:44:52+00:00,nfl,nfl_prop_rush_yds,TreVeyon Henderson Under 39.5,0.5,0.5,,,,0,,,2026.09.30.1,2026-10-04|nfl|nfl_prop_rush_yds|TreVeyon Henderson Under 39.5,2026-10-04,573cc0ef39631a4f6673ec843a8bedd4,New England Patriots @ Buffalo Bills,2026-10-04T17:00:00Z,TreVeyon Henderson,39.5,,,,a_saisir,2,,,pinnacle (shin),,,,,0.5,,,
2026-10-04T13:44:52+00:00,nfl,nfl_prop_rush_yds,Ty Johnson Over 4.5,0.5082,0.5082,,,,0,,,2026.09.30.1,2026-10-04|nfl|nfl_prop_rush_yds|Ty Johnson Over 4.5,2026-10-04,573cc0ef39631a4f6673ec843a8bedd4,New England Patriots @ Buffalo Bills,2026-10-04T17:00:00Z,Ty Johnson,4.5,,,,a_saisir,1.968,,,pinnacle (shin),,,,,0.5082,,,
2026-10-04T13:44:52+00:00,nfl,nfl_prop_rush_yds,Ty Johnson Under 4.5,0.4918,0.4918,,,,0,,,2026.09.30.1,2026-10-04|nfl|nfl_prop_rush_yds|Ty Johnson Under 4.5,2026-10-04,573cc0ef39631a4f6673ec843a8bedd4,New England Patriots @ Buffalo Bills,2026-10-04T17:00:00Z,Ty Johnson,4.5,,,,a_saisir,2.033,,,pinnacle (shin),,,,,0.4918,,,
2026-10-04T13:44:52+00:00,nfl,nfl_prop_pass_yds,Bo Nix Over 221.5,0.5137,0.5137,,,,0,,,2026.09.30.1,2026-10-04|nfl|nfl_prop_pass_yds|Bo Nix Over 221.5,2026-10-04,a7e7efb75a9792ac63480ae6328dca18,Denver Broncos @ San Francisco 49ers,2026-10-04T20:25:00Z,Bo Nix,221.5,,,,a_saisir,1.947,,,pinnacle (shin),,,,,0.5137,,,
2026-10-04T13:44:52+00:00,nfl,nfl_prop_pass_yds,Bo Nix Under 221.5,0.4863,0.4863,,,,0,,,2026.09.30.1,2026-10-04|nfl|nfl_prop_pass_yds|Bo Nix Under 221.5,2026-10-04,a7e7efb75a9792ac63480ae6328dca18,Denver Broncos @ San Francisco 49ers,2026-10-04T20:25:00Z,Bo Nix,221.5,,,,a_saisir,2.056,,,pinnacle (shin),,,,,0.4863,,,
2026-10-04T13:44:52+00:00,nfl,nfl_prop_pass_yds,Brock Purdy Over 233.5,0.5,0.5,,,,0,,,2026.09.30.1,2026-10-04|nfl|nfl_prop_pass_yds|Brock Purdy Over 233.5,2026-10-04,a7e7efb75a9792ac63480ae6328dca18,Denver Broncos @ San Francisco 49ers,2026-10-04T20:25:00Z,Brock Purdy,233.5,,,,a_saisir,2,,,pinnacle (shin),,,,,0.5,,,
2026-10-04T13:44:52+00:00,nfl,nfl_prop_pass_yds,Brock Purdy Under 233.5,0.5,0.5,,,,0,,,2026.09.30.1,2026-10-04|nfl|nfl_prop_pass_yds|Brock Purdy Under 233.5,2026-10-04,a7e7efb75a9792ac63480ae6328dca18,Denver Broncos @ San Francisco 49ers,2026-10-04T20:25:00Z,Brock Purdy,233.5,,,,a_saisir,2,,,pinnacle (shin),,,,,0.5,,,
2026-10-04T13:44:52+00:00,nfl,nfl_prop_reception_yds,Adam Trautman Over 5.5,0.5,0.5,,,,0,,,2026.09.30.1,2026-10-04|nfl|nfl_prop_reception_yds|Adam Trautman Over 5.5,2026-10-04,a7e7efb75a9792ac63480ae6328dca18,Denver Broncos @ San Francisco 49ers,2026-10-04T20:25:00Z,Adam Trautman,5.5,,,,a_saisir,2,,,pinnacle (shin),,,,,0.5,,,
2026-10-04T13:44:52+00:00,nfl,nfl_prop_reception_yds,Adam Trautman Under 5.5,0.5,0.5,,,,0,,,2026.09.30.1,2026-10-04|nfl|nfl_prop_reception_yds|Adam Trautman Under 5.5,2026-10-04,a7e7efb75a9792ac63480ae6328dca18,Denver Broncos @ San Francisco 49ers,2026-10-04T20:25:00Z,Adam Trautman,5.5,,,,a_saisir,2,,,pinnacle (shin),,,,,0.5,,,
2026-10-04T13:44:52+00:00,nfl,nfl_prop_reception_yds,Christian McCaffrey Over 41.5,0.5,0.5,,,,0,,,2026.09.30.1,2026-10-04|nfl|nfl_prop_reception_yds|Christian McCaffrey Over 41.5,2026-10-04,a7e7efb75a9792ac63480ae6328dca18,Denver Broncos @ San Francisco 49ers,2026-10-04T20:25:00Z,Christian McCaffrey,41.5,,,,a_saisir,2,,,mediane sharp shin (betonlineag),,,,,0.5,,,
2026-10-04T13:44:52+00:00,nfl,nfl_prop_reception_yds,Christian McCaffrey Under 41.5,0.5,0.5,,,,0,,,2026.09.30.1,2026-10-04|nfl|nfl_prop_reception_yds|Christian McCaffrey Under 41.5,2026-10-04,a7e7efb75a9792ac63480ae6328dca18,Denver Broncos @ San Francisco 49ers,2026-10-04T20:25:00Z,Christian McCaffrey,41.5,,,,a_saisir,2,,,mediane sharp shin (betonlineag),,,,,0.5,,,
2026-10-04T13:44:52+00:00,nfl,nfl_prop_reception_yds,Courtland Sutton Over 39.5,0.5,0.5,,,,0,,,2026.09.30.1,2026-10-04|nfl|nfl_prop_reception_yds|Courtland Sutton Over 39.5,2026-10-04,a7e7efb75a9792ac63480ae6328dca18,Denver Broncos @ San Francisco 49ers,2026-10-04T20:25:00Z,Courtland Sutton,39.5,,,,a_saisir,2,,,mediane sharp shin (betonlineag),,,,,0.5,,,
2026-10-04T13:44:52+00:00,nfl,nfl_prop_reception_yds,Courtland Sutton Under 39.5,0.5,0.5,,,,0,,,2026.09.30.1,2026-10-04|nfl|nfl_prop_reception_yds|Courtland Sutton Under 39.5,2026-10-04,a7e7efb75a9792ac63480ae6328dca18,Denver Broncos @ San Francisco 49ers,2026-10-04T20:25:00Z,Courtland Sutton,39.5,,,,a_saisir,2,,,mediane sharp shin (betonlineag),,,,,0.5,,,
2026-10-04T13:44:52+00:00,nfl,nfl_prop_reception_yds,Deebo Samuel Over 34.5,0.5,0.5,,,,0,,,2026.09.30.1,2026-10-04|nfl|nfl_prop_reception_yds|Deebo Samuel Over 34.5,2026-10-04,a7e7efb75a9792ac63480ae6328dca18,Denver Broncos @ San Francisco 49ers,2026-10-04T20:25:00Z,Deebo Samuel,34.5,,,,a_saisir,2,,,pinnacle (shin),,,,,0.5,,,
2026-10-04T13:44:52+00:00,nfl,nfl_prop_reception_yds,Deebo Samuel Under 34.5,0.5,0.5,,,,0,,,2026.09.30.1,2026-10-04|nfl|nfl_prop_reception_yds|Deebo Samuel Under 34.5,2026-10-04,a7e7efb75a9792ac63480ae6328dca18,Denver Broncos @ San Francisco 49ers,2026-10-04T20:25:00Z,Deebo Samuel,34.5,,,,a_saisir,2,,,pinnacle (shin),,,,,0.5,,,
2026-10-04T13:44:52+00:00,nfl,nfl_prop_reception_yds,Evan Engram Over 17.5,0.4701,0.4701,,,,0,,,2026.09.30.1,2026-10-04|nfl|nfl_prop_reception_yds|Evan Engram Over 17.5,2026-10-04,a7e7efb75a9792ac63480ae6328dca18,Denver Broncos @ San Francisco 49ers,2026-10-04T20:25:00Z,Evan Engram,17.5,,,,a_saisir,2.127,,,pinnacle (shin),,,,,0.4701,,,
2026-10-04T13:44:52+00:00,nfl,nfl_prop_reception_yds,Evan Engram Under 17.5,0.5299,0.5299,,,,0,,,2026.09.30.1,2026-10-04|nfl|nfl_prop_reception_yds|Evan Engram Under 17.5,2026-10-04,a7e7efb75a9792ac63480ae6328dca18,Denver Broncos @ San Francisco 49ers,2026-10-04T20:25:00Z,Evan Engram,17.5,,,,a_saisir,1.887,,,pinnacle (shin),,,,,0.5299,,,
2026-10-04T13:44:52+00:00,nfl,nfl_prop_reception_yds,George Kittle Over 64.5,0.4931,0.4931,,,,0,,,2026.09.30.1,2026-10-04|nfl|nfl_prop_reception_yds|George Kittle Over 64.5,2026-10-04,a7e7efb75a9792ac63480ae6328dca18,Denver Broncos @ San Francisco 49ers,2026-10-04T20:25:00Z,George Kittle,64.5,,,,a_saisir,2.028,,,pinnacle (shin),,,,,0.4931,,,
2026-10-04T13:44:52+00:00,nfl,nfl_prop_reception_yds,George Kittle Under 64.5,0.5069,0.5069,,,,0,,,2026.09.30.1,2026-10-04|nfl|nfl_prop_reception_yds|George Kittle Under 64.5,2026-10-04,a7e7efb75a9792ac63480ae6328dca18,Denver Broncos @ San Francisco 49ers,2026-10-04T20:25:00Z,George Kittle,64.5,,,,a_saisir,1.973,,,pinnacle (shin),,,,,0.5069,,,
2026-10-04T13:44:52+00:00,nfl,nfl_prop_reception_yds,Jaylen Waddle Over 56.5,0.5,0.5,,,,0,,,2026.09.30.1,2026-10-04|nfl|nfl_prop_reception_yds|Jaylen Waddle Over 56.5,2026-10-04,a7e7efb75a9792ac63480ae6328dca18,Denver Broncos @ San Francisco 49ers,2026-10-04T20:25:00Z,Jaylen Waddle,56.5,,,,a_saisir,2,,,pinnacle (shin),,,,,0.5,,,
2026-10-04T13:44:52+00:00,nfl,nfl_prop_reception_yds,Jaylen Waddle Under 56.5,0.5,0.5,,,,0,,,2026.09.30.1,2026-10-04|nfl|nfl_prop_reception_yds|Jaylen Waddle Under 56.5,2026-10-04,a7e7efb75a9792ac63480ae6328dca18,Denver Broncos @ San Francisco 49ers,2026-10-04T20:25:00Z,Jaylen Waddle,56.5,,,,a_saisir,2,,,pinnacle (shin),,,,,0.5,,,
2026-10-04T13:44:52+00:00,nfl,nfl_prop_reception_yds,Kyle Juszczyk Over 8.5,0.5,0.5,,,,0,,,2026.09.30.1,2026-10-04|nfl|nfl_prop_reception_yds|Kyle Juszczyk Over 8.5,2026-10-04,a7e7efb75a9792ac63480ae6328dca18,Denver Broncos @ San Francisco 49ers,2026-10-04T20:25:00Z,Kyle Juszczyk,8.5,,,,a_saisir,2,,,pinnacle (shin),,,,,0.5,,,
2026-10-04T13:44:52+00:00,nfl,nfl_prop_reception_yds,Kyle Juszczyk Under 8.5,0.5,0.5,,,,0,,,2026.09.30.1,2026-10-04|nfl|nfl_prop_reception_yds|Kyle Juszczyk Under 8.5,2026-10-04,a7e7efb75a9792ac63480ae6328dca18,Denver Broncos @ San Francisco 49ers,2026-10-04T20:25:00Z,Kyle Juszczyk,8.5,,,,a_saisir,2,,,pinnacle (shin),,,,,0.5,,,
2026-10-04T13:44:52+00:00,nfl,nfl_prop_reception_yds,Pat Bryant Over 22.5,0.5027,0.5027,,,,0,,,2026.09.30.1,2026-10-04|nfl|nfl_prop_reception_yds|Pat Bryant Over 22.5,2026-10-04,a7e7efb75a9792ac63480ae6328dca18,Denver Broncos @ San Francisco 49ers,2026-10-04T20:25:00Z,Pat Bryant,22.5,,,,a_saisir,1.989,,,pinnacle (shin),,,,,0.5027,,,
2026-10-04T13:44:52+00:00,nfl,nfl_prop_reception_yds,Pat Bryant Under 22.5,0.4973,0.4973,,,,0,,,2026.09.30.1,2026-10-04|nfl|nfl_prop_reception_yds|Pat Bryant Under 22.5,2026-10-04,a7e7efb75a9792ac63480ae6328dca18,Denver Broncos @ San Francisco 49ers,2026-10-04T20:25:00Z,Pat Bryant,22.5,,,,a_saisir,2.011,,,pinnacle (shin),,,,,0.4973,,,
2026-10-04T13:44:52+00:00,nfl,nfl_prop_reception_yds,RJ Harvey Over 21.5,0.5,0.5,,,,0,,,2026.09.30.1,2026-10-04|nfl|nfl_prop_reception_yds|RJ Harvey Over 21.5,2026-10-04,a7e7efb75a9792ac63480ae6328dca18,Denver Broncos @ San Francisco 49ers,2026-10-04T20:25:00Z,RJ Harvey,21.5,,,,a_saisir,2,,,pinnacle (shin),,,,,0.5,,,
2026-10-04T13:44:52+00:00,nfl,nfl_prop_reception_yds,RJ Harvey Under 21.5,0.5,0.5,,,,0,,,2026.09.30.1,2026-10-04|nfl|nfl_prop_reception_yds|RJ Harvey Under 21.5,2026-10-04,a7e7efb75a9792ac63480ae6328dca18,Denver Broncos @ San Francisco 49ers,2026-10-04T20:25:00Z,RJ Harvey,21.5,,,,a_saisir,2,,,pinnacle (shin),,,,,0.5,,,
2026-10-04T13:44:52+00:00,nfl,nfl_prop_reception_yds,Troy Franklin Over 5.5,0.5,0.5,,,,0,,,2026.09.30.1,2026-10-04|nfl|nfl_prop_reception_yds|Troy Franklin Over 5.5,2026-10-04,a7e7efb75a9792ac63480ae6328dca18,Denver Broncos @ San Francisco 49ers,2026-10-04T20:25:00Z,Troy Franklin,5.5,,,,a_saisir,2,,,pinnacle (shin),,,,,0.5,,,
2026-10-04T13:44:52+00:00,nfl,nfl_prop_reception_yds,Troy Franklin Under 5.5,0.5,0.5,,,,0,,,2026.09.30.1,2026-10-04|nfl|nfl_prop_reception_yds|Troy Franklin Under 5.5,2026-10-04,a7e7efb75a9792ac63480ae6328dca18,Denver Broncos @ San Francisco 49ers,2026-10-04T20:25:00Z,Troy Franklin,5.5,,,,a_saisir,2,,,pinnacle (shin),,,,,0.5,,,
2026-10-04T13:44:52+00:00,nfl,nfl_prop_rush_yds,Bo Nix Over 16.5,0.4945,0.4945,,,,0,,,2026.09.30.1,2026-10-04|nfl|nfl_prop_rush_yds|Bo Nix Over 16.5,2026-10-04,a7e7efb75a9792ac63480ae6328dca18,Denver Broncos @ San Francisco 49ers,2026-10-04T20:25:00Z,Bo Nix,16.5,,,,a_saisir,2.022,,,pinnacle (shin),,,,,0.4945,,,
2026-10-04T13:44:52+00:00,nfl,nfl_prop_rush_yds,Bo Nix Under 16.5,0.5055,0.5055,,,,0,,,2026.09.30.1,2026-10-04|nfl|nfl_prop_rush_yds|Bo Nix Under 16.5,2026-10-04,a7e7efb75a9792ac63480ae6328dca18,Denver Broncos @ San Francisco 49ers,2026-10-04T20:25:00Z,Bo Nix,16.5,,,,a_saisir,1.978,,,pinnacle (shin),,,,,0.5055,,,
2026-10-04T13:44:52+00:00,nfl,nfl_prop_rush_yds,Brock Purdy Over 17.5,0.5,0.5,,,,0,,,2026.09.30.1,2026-10-04|nfl|nfl_prop_rush_yds|Brock Purdy Over 17.5,2026-10-04,a7e7efb75a9792ac63480ae6328dca18,Denver Broncos @ San Francisco 49ers,2026-10-04T20:25:00Z,Brock Purdy,17.5,,,,a_saisir,2,,,pinnacle (shin),,,,,0.5,,,
2026-10-04T13:44:52+00:00,nfl,nfl_prop_rush_yds,Brock Purdy Under 17.5,0.5,0.5,,,,0,,,2026.09.30.1,2026-10-04|nfl|nfl_prop_rush_yds|Brock Purdy Under 17.5,2026-10-04,a7e7efb75a9792ac63480ae6328dca18,Denver Broncos @ San Francisco 49ers,2026-10-04T20:25:00Z,Brock Purdy,17.5,,,,a_saisir,2,,,pinnacle (shin),,,,,0.5,,,
2026-10-04T13:44:52+00:00,nfl,nfl_prop_rush_yds,Christian McCaffrey Over 64.5,0.5,0.5,,,,0,,,2026.09.30.1,2026-10-04|nfl|nfl_prop_rush_yds|Christian McCaffrey Over 64.5,2026-10-04,a7e7efb75a9792ac63480ae6328dca18,Denver Broncos @ San Francisco 49ers,2026-10-04T20:25:00Z,Christian McCaffrey,64.5,,,,a_saisir,2,,,pinnacle (shin),,,,,0.5,,,
2026-10-04T13:44:52+00:00,nfl,nfl_prop_rush_yds,Christian McCaffrey Under 64.5,0.5,0.5,,,,0,,,2026.09.30.1,2026-10-04|nfl|nfl_prop_rush_yds|Christian McCaffrey Under 64.5,2026-10-04,a7e7efb75a9792ac63480ae6328dca18,Denver Broncos @ San Francisco 49ers,2026-10-04T20:25:00Z,Christian McCaffrey,64.5,,,,a_saisir,2,,,pinnacle (shin),,,,,0.5,,,
2026-10-04T13:44:52+00:00,nfl,nfl_prop_rush_yds,J.K. Dobbins Over 60.5,0.5,0.5,,,,0,,,2026.09.30.1,2026-10-04|nfl|nfl_prop_rush_yds|J.K. Dobbins Over 60.5,2026-10-04,a7e7efb75a9792ac63480ae6328dca18,Denver Broncos @ San Francisco 49ers,2026-10-04T20:25:00Z,J.K. Dobbins,60.5,,,,a_saisir,2,,,mediane sharp shin (betonlineag),,,,,0.5,,,
2026-10-04T13:44:52+00:00,nfl,nfl_prop_rush_yds,J.K. Dobbins Under 60.5,0.5,0.5,,,,0,,,2026.09.30.1,2026-10-04|nfl|nfl_prop_rush_yds|J.K. Dobbins Under 60.5,2026-10-04,a7e7efb75a9792ac63480ae6328dca18,Denver Broncos @ San Francisco 49ers,2026-10-04T20:25:00Z,J.K. Dobbins,60.5,,,,a_saisir,2,,,mediane sharp shin (betonlineag),,,,,0.5,,,
2026-10-04T13:44:52+00:00,nfl,nfl_prop_rush_yds,Kaelon Black Over 22.5,0.4959,0.4959,,,,0,,,2026.09.30.1,2026-10-04|nfl|nfl_prop_rush_yds|Kaelon Black Over 22.5,2026-10-04,a7e7efb75a9792ac63480ae6328dca18,Denver Broncos @ San Francisco 49ers,2026-10-04T20:25:00Z,Kaelon Black,22.5,,,,a_saisir,2.017,,,pinnacle (shin),,,,,0.4959,,,
2026-10-04T13:44:52+00:00,nfl,nfl_prop_rush_yds,Kaelon Black Under 22.5,0.5041,0.5041,,,,0,,,2026.09.30.1,2026-10-04|nfl|nfl_prop_rush_yds|Kaelon Black Under 22.5,2026-10-04,a7e7efb75a9792ac63480ae6328dca18,Denver Broncos @ San Francisco 49ers,2026-10-04T20:25:00Z,Kaelon Black,22.5,,,,a_saisir,1.984,,,pinnacle (shin),,,,,0.5041,,,
2026-10-04T13:44:52+00:00,nfl,nfl_prop_rush_yds,RJ Harvey Over 15.5,0.5,0.5,,,,0,,,2026.09.30.1,2026-10-04|nfl|nfl_prop_rush_yds|RJ Harvey Over 15.5,2026-10-04,a7e7efb75a9792ac63480ae6328dca18,Denver Broncos @ San Francisco 49ers,2026-10-04T20:25:00Z,RJ Harvey,15.5,,,,a_saisir,2,,,pinnacle (shin),,,,,0.5,,,
2026-10-04T13:44:52+00:00,nfl,nfl_prop_rush_yds,RJ Harvey Under 15.5,0.5,0.5,,,,0,,,2026.09.30.1,2026-10-04|nfl|nfl_prop_rush_yds|RJ Harvey Under 15.5,2026-10-04,a7e7efb75a9792ac63480ae6328dca18,Denver Broncos @ San Francisco 49ers,2026-10-04T20:25:00Z,RJ Harvey,15.5,,,,a_saisir,2,,,pinnacle (shin),,,,,0.5,,,
2026-10-04T13:44:52+00:00,nfl,nfl_prop_pass_yds,Kirk Cousins Over 222.5,0.5,0.5,,,,0,,,2026.09.30.1,2026-10-04|nfl|nfl_prop_pass_yds|Kirk Cousins Over 222.5,2026-10-04,e0cbd266dcf997089203a1b33ba0333d,Kansas City Chiefs @ Las Vegas Raiders,2026-10-04T20:25:00Z,Kirk Cousins,222.5,,,,a_saisir,2,,,mediane sharp shin (betonlineag),,,,,0.5,,,
2026-10-04T13:44:52+00:00,nfl,nfl_prop_pass_yds,Kirk Cousins Under 222.5,0.5,0.5,,,,0,,,2026.09.30.1,2026-10-04|nfl|nfl_prop_pass_yds|Kirk Cousins Under 222.5,2026-10-04,e0cbd266dcf997089203a1b33ba0333d,Kansas City Chiefs @ Las Vegas Raiders,2026-10-04T20:25:00Z,Kirk Cousins,222.5,,,,a_saisir,2,,,mediane sharp shin (betonlineag),,,,,0.5,,,
2026-10-04T13:44:52+00:00,nfl,nfl_prop_pass_yds,Patrick Mahomes Over 238.5,0.5,0.5,,,,0,,,2026.09.30.1,2026-10-04|nfl|nfl_prop_pass_yds|Patrick Mahomes Over 238.5,2026-10-04,e0cbd266dcf997089203a1b33ba0333d,Kansas City Chiefs @ Las Vegas Raiders,2026-10-04T20:25:00Z,Patrick Mahomes,238.5,,,,a_saisir,2,,,pinnacle (shin),,,,,0.5,,,
2026-10-04T13:44:52+00:00,nfl,nfl_prop_pass_yds,Patrick Mahomes Under 238.5,0.5,0.5,,,,0,,,2026.09.30.1,2026-10-04|nfl|nfl_prop_pass_yds|Patrick Mahomes Under 238.5,2026-10-04,e0cbd266dcf997089203a1b33ba0333d,Kansas City Chiefs @ Las Vegas Raiders,2026-10-04T20:25:00Z,Patrick Mahomes,238.5,,,,a_saisir,2,,,pinnacle (shin),,,,,0.5,,,
2026-10-04T13:44:52+00:00,nfl,nfl_prop_reception_yds,Ashton Jeanty Over 19.5,0.5,0.5,,,,0,,,2026.09.30.1,2026-10-04|nfl|nfl_prop_reception_yds|Ashton Jeanty Over 19.5,2026-10-04,e0cbd266dcf997089203a1b33ba0333d,Kansas City Chiefs @ Las Vegas Raiders,2026-10-04T20:25:00Z,Ashton Jeanty,19.5,,,,a_saisir,2,,,pinnacle (shin),,,,,0.5,,,
2026-10-04T13:44:52+00:00,nfl,nfl_prop_reception_yds,Ashton Jeanty Under 19.5,0.5,0.5,,,,0,,,2026.09.30.1,2026-10-04|nfl|nfl_prop_reception_yds|Ashton Jeanty Under 19.5,2026-10-04,e0cbd266dcf997089203a1b33ba0333d,Kansas City Chiefs @ Las Vegas Raiders,2026-10-04T20:25:00Z,Ashton Jeanty,19.5,,,,a_saisir,2,,,pinnacle (shin),,,,,0.5,,,
2026-10-04T13:44:52+00:00,nfl,nfl_prop_reception_yds,Brock Bowers Over 72.5,0.5,0.5,,,,0,,,2026.09.30.1,2026-10-04|nfl|nfl_prop_reception_yds|Brock Bowers Over 72.5,2026-10-04,e0cbd266dcf997089203a1b33ba0333d,Kansas City Chiefs @ Las Vegas Raiders,2026-10-04T20:25:00Z,Brock Bowers,72.5,,,,a_saisir,2,,,pinnacle (shin),,,,,0.5,,,
2026-10-04T13:44:52+00:00,nfl,nfl_prop_reception_yds,Brock Bowers Under 72.5,0.5,0.5,,,,0,,,2026.09.30.1,2026-10-04|nfl|nfl_prop_reception_yds|Brock Bowers Under 72.5,2026-10-04,e0cbd266dcf997089203a1b33ba0333d,Kansas City Chiefs @ Las Vegas Raiders,2026-10-04T20:25:00Z,Brock Bowers,72.5,,,,a_saisir,2,,,pinnacle (shin),,,,,0.5,,,
2026-10-04T13:44:52+00:00,nfl,nfl_prop_reception_yds,Cody White Over 9.5,0.5,0.5,,,,0,,,2026.09.30.1,2026-10-04|nfl|nfl_prop_reception_yds|Cody White Over 9.5,2026-10-04,e0cbd266dcf997089203a1b33ba0333d,Kansas City Chiefs @ Las Vegas Raiders,2026-10-04T20:25:00Z,Cody White,9.5,,,,a_saisir,2,,,pinnacle (shin),,,,,0.5,,,
2026-10-04T13:44:52+00:00,nfl,nfl_prop_reception_yds,Cody White Under 9.5,0.5,0.5,,,,0,,,2026.09.30.1,2026-10-04|nfl|nfl_prop_reception_yds|Cody White Under 9.5,2026-10-04,e0cbd266dcf997089203a1b33ba0333d,Kansas City Chiefs @ Las Vegas Raiders,2026-10-04T20:25:00Z,Cody White,9.5,,,,a_saisir,2,,,pinnacle (shin),,,,,0.5,,,
2026-10-04T13:44:52+00:00,nfl,nfl_prop_reception_yds,Emmett Johnson Over 6.5,0.5,0.5,,,,0,,,2026.09.30.1,2026-10-04|nfl|nfl_prop_reception_yds|Emmett Johnson Over 6.5,2026-10-04,e0cbd266dcf997089203a1b33ba0333d,Kansas City Chiefs @ Las Vegas Raiders,2026-10-04T20:25:00Z,Emmett Johnson,6.5,,,,a_saisir,2,,,mediane sharp shin (betonlineag),,,,,0.5,,,
2026-10-04T13:44:52+00:00,nfl,nfl_prop_reception_yds,Emmett Johnson Under 6.5,0.5,0.5,,,,0,,,2026.09.30.1,2026-10-04|nfl|nfl_prop_reception_yds|Emmett Johnson Under 6.5,2026-10-04,e0cbd266dcf997089203a1b33ba0333d,Kansas City Chiefs @ Las Vegas Raiders,2026-10-04T20:25:00Z,Emmett Johnson,6.5,,,,a_saisir,2,,,mediane sharp shin (betonlineag),,,,,0.5,,,
2026-10-04T13:44:52+00:00,nfl,nfl_prop_reception_yds,Jalen Nailor Over 19.5,0.5,0.5,,,,0,,,2026.09.30.1,2026-10-04|nfl|nfl_prop_reception_yds|Jalen Nailor Over 19.5,2026-10-04,e0cbd266dcf997089203a1b33ba0333d,Kansas City Chiefs @ Las Vegas Raiders,2026-10-04T20:25:00Z,Jalen Nailor,19.5,,,,a_saisir,2,,,pinnacle (shin),,,,,0.5,,,
2026-10-04T13:44:52+00:00,nfl,nfl_prop_reception_yds,Jalen Nailor Under 19.5,0.5,0.5,,,,0,,,2026.09.30.1,2026-10-04|nfl|nfl_prop_reception_yds|Jalen Nailor Under 19.5,2026-10-04,e0cbd266dcf997089203a1b33ba0333d,Kansas City Chiefs @ Las Vegas Raiders,2026-10-04T20:25:00Z,Jalen Nailor,19.5,,,,a_saisir,2,,,pinnacle (shin),,,,,0.5,,,
2026-10-04T13:44:52+00:00,nfl,nfl_prop_reception_yds,Kenneth Walker III Over 20.5,0.5,0.5,,,,0,,,2026.09.30.1,2026-10-04|nfl|nfl_prop_reception_yds|Kenneth Walker III Over 20.5,2026-10-04,e0cbd266dcf997089203a1b33ba0333d,Kansas City Chiefs @ Las Vegas Raiders,2026-10-04T20:25:00Z,Kenneth Walker III,20.5,,,,a_saisir,2,,,pinnacle (shin),,,,,0.5,,,
2026-10-04T13:44:52+00:00,nfl,nfl_prop_reception_yds,Kenneth Walker III Under 20.5,0.5,0.5,,,,0,,,2026.09.30.1,2026-10-04|nfl|nfl_prop_reception_yds|Kenneth Walker III Under 20.5,2026-10-04,e0cbd266dcf997089203a1b33ba0333d,Kansas City Chiefs @ Las Vegas Raiders,2026-10-04T20:25:00Z,Kenneth Walker III,20.5,,,,a_saisir,2,,,pinnacle (shin),,,,,0.5,,,
2026-10-04T13:44:52+00:00,nfl,nfl_prop_reception_yds,Michael Mayer Over 23.5,0.5,0.5,,,,0,,,2026.09.30.1,2026-10-04|nfl|nfl_prop_reception_yds|Michael Mayer Over 23.5,2026-10-04,e0cbd266dcf997089203a1b33ba0333d,Kansas City Chiefs @ Las Vegas Raiders,2026-10-04T20:25:00Z,Michael Mayer,23.5,,,,a_saisir,2,,,pinnacle (shin),,,,,0.5,,,
2026-10-04T13:44:52+00:00,nfl,nfl_prop_reception_yds,Michael Mayer Under 23.5,0.5,0.5,,,,0,,,2026.09.30.1,2026-10-04|nfl|nfl_prop_reception_yds|Michael Mayer Under 23.5,2026-10-04,e0cbd266dcf997089203a1b33ba0333d,Kansas City Chiefs @ Las Vegas Raiders,2026-10-04T20:25:00Z,Michael Mayer,23.5,,,,a_saisir,2,,,pinnacle (shin),,,,,0.5,,,
2026-10-04T13:44:52+00:00,nfl,nfl_prop_reception_yds,Noah Gray Over 8.5,0.5,0.5,,,,0,,,2026.09.30.1,2026-10-04|nfl|nfl_prop_reception_yds|Noah Gray Over 8.5,2026-10-04,e0cbd266dcf997089203a1b33ba0333d,Kansas City Chiefs @ Las Vegas Raiders,2026-10-04T20:25:00Z,Noah Gray,8.5,,,,a_saisir,2,,,pinnacle (shin),,,,,0.5,,,
2026-10-04T13:44:52+00:00,nfl,nfl_prop_reception_yds,Noah Gray Under 8.5,0.5,0.5,,,,0,,,2026.09.30.1,2026-10-04|nfl|nfl_prop_reception_yds|Noah Gray Under 8.5,2026-10-04,e0cbd266dcf997089203a1b33ba0333d,Kansas City Chiefs @ Las Vegas Raiders,2026-10-04T20:25:00Z,Noah Gray,8.5,,,,a_saisir,2,,,pinnacle (shin),,,,,0.5,,,
2026-10-04T13:44:52+00:00,nfl,nfl_prop_reception_yds,Rashee Rice Over 58.5,0.5,0.5,,,,0,,,2026.09.30.1,2026-10-04|nfl|nfl_prop_reception_yds|Rashee Rice Over 58.5,2026-10-04,e0cbd266dcf997089203a1b33ba0333d,Kansas City Chiefs @ Las Vegas Raiders,2026-10-04T20:25:00Z,Rashee Rice,58.5,,,,a_saisir,2,,,mediane sharp shin (betonlineag),,,,,0.5,,,
2026-10-04T13:44:52+00:00,nfl,nfl_prop_reception_yds,Rashee Rice Under 58.5,0.5,0.5,,,,0,,,2026.09.30.1,2026-10-04|nfl|nfl_prop_reception_yds|Rashee Rice Under 58.5,2026-10-04,e0cbd266dcf997089203a1b33ba0333d,Kansas City Chiefs @ Las Vegas Raiders,2026-10-04T20:25:00Z,Rashee Rice,58.5,,,,a_saisir,2,,,mediane sharp shin (betonlineag),,,,,0.5,,,
2026-10-04T13:44:52+00:00,nfl,nfl_prop_reception_yds,Travis Kelce Over 47.5,0.5247,0.5247,,,,0,,,2026.09.30.1,2026-10-04|nfl|nfl_prop_reception_yds|Travis Kelce Over 47.5,2026-10-04,e0cbd266dcf997089203a1b33ba0333d,Kansas City Chiefs @ Las Vegas Raiders,2026-10-04T20:25:00Z,Travis Kelce,47.5,,,,a_saisir,1.906,,,pinnacle (shin),,,,,0.5247,,,
2026-10-04T13:44:52+00:00,nfl,nfl_prop_reception_yds,Travis Kelce Under 47.5,0.4753,0.4753,,,,0,,,2026.09.30.1,2026-10-04|nfl|nfl_prop_reception_yds|Travis Kelce Under 47.5,2026-10-04,e0cbd266dcf997089203a1b33ba0333d,Kansas City Chiefs @ Las Vegas Raiders,2026-10-04T20:25:00Z,Travis Kelce,47.5,,,,a_saisir,2.104,,,pinnacle (shin),,,,,0.4753,,,
2026-10-04T13:44:52+00:00,nfl,nfl_prop_reception_yds,Tre Tucker Over 38.5,0.474,0.474,,,,0,,,2026.09.30.1,2026-10-04|nfl|nfl_prop_reception_yds|Tre Tucker Over 38.5,2026-10-04,e0cbd266dcf997089203a1b33ba0333d,Kansas City Chiefs @ Las Vegas Raiders,2026-10-04T20:25:00Z,Tre Tucker,38.5,,,,a_saisir,2.11,,,pinnacle (shin),,,,,0.474,,,
2026-10-04T13:44:52+00:00,nfl,nfl_prop_reception_yds,Tre Tucker Under 38.5,0.526,0.526,,,,0,,,2026.09.30.1,2026-10-04|nfl|nfl_prop_reception_yds|Tre Tucker Under 38.5,2026-10-04,e0cbd266dcf997089203a1b33ba0333d,Kansas City Chiefs @ Las Vegas Raiders,2026-10-04T20:25:00Z,Tre Tucker,38.5,,,,a_saisir,1.901,,,pinnacle (shin),,,,,0.526,,,
2026-10-04T13:44:52+00:00,nfl,nfl_prop_reception_yds,Tyquan Thornton Over 22.5,0.5,0.5,,,,0,,,2026.09.30.1,2026-10-04|nfl|nfl_prop_reception_yds|Tyquan Thornton Over 22.5,2026-10-04,e0cbd266dcf997089203a1b33ba0333d,Kansas City Chiefs @ Las Vegas Raiders,2026-10-04T20:25:00Z,Tyquan Thornton,22.5,,,,a_saisir,2,,,pinnacle (shin),,,,,0.5,,,
2026-10-04T13:44:52+00:00,nfl,nfl_prop_reception_yds,Tyquan Thornton Under 22.5,0.5,0.5,,,,0,,,2026.09.30.1,2026-10-04|nfl|nfl_prop_reception_yds|Tyquan Thornton Under 22.5,2026-10-04,e0cbd266dcf997089203a1b33ba0333d,Kansas City Chiefs @ Las Vegas Raiders,2026-10-04T20:25:00Z,Tyquan Thornton,22.5,,,,a_saisir,2,,,pinnacle (shin),,,,,0.5,,,
2026-10-04T13:44:52+00:00,nfl,nfl_prop_reception_yds,Xavier Worthy Over 33.5,0.5027,0.5027,,,,0,,,2026.09.30.1,2026-10-04|nfl|nfl_prop_reception_yds|Xavier Worthy Over 33.5,2026-10-04,e0cbd266dcf997089203a1b33ba0333d,Kansas City Chiefs @ Las Vegas Raiders,2026-10-04T20:25:00Z,Xavier Worthy,33.5,,,,a_saisir,1.989,,,pinnacle (shin),,,,,0.5027,,,
2026-10-04T13:44:52+00:00,nfl,nfl_prop_reception_yds,Xavier Worthy Under 33.5,0.4973,0.4973,,,,0,,,2026.09.30.1,2026-10-04|nfl|nfl_prop_reception_yds|Xavier Worthy Under 33.5,2026-10-04,e0cbd266dcf997089203a1b33ba0333d,Kansas City Chiefs @ Las Vegas Raiders,2026-10-04T20:25:00Z,Xavier Worthy,33.5,,,,a_saisir,2.011,,,pinnacle (shin),,,,,0.4973,,,
2026-10-04T13:44:52+00:00,nfl,nfl_prop_rush_yds,Ashton Jeanty Over 57.5,0.511,0.511,,,,0,,,2026.09.30.1,2026-10-04|nfl|nfl_prop_rush_yds|Ashton Jeanty Over 57.5,2026-10-04,e0cbd266dcf997089203a1b33ba0333d,Kansas City Chiefs @ Las Vegas Raiders,2026-10-04T20:25:00Z,Ashton Jeanty,57.5,,,,a_saisir,1.957,,,pinnacle (shin),,,,,0.511,,,
2026-10-04T13:44:52+00:00,nfl,nfl_prop_rush_yds,Ashton Jeanty Under 57.5,0.489,0.489,,,,0,,,2026.09.30.1,2026-10-04|nfl|nfl_prop_rush_yds|Ashton Jeanty Under 57.5,2026-10-04,e0cbd266dcf997089203a1b33ba0333d,Kansas City Chiefs @ Las Vegas Raiders,2026-10-04T20:25:00Z,Ashton Jeanty,57.5,,,,a_saisir,2.045,,,pinnacle (shin),,,,,0.489,,,
2026-10-04T13:44:52+00:00,nfl,nfl_prop_rush_yds,Emmett Johnson Over 15.5,0.5057,0.5057,,,,0,,,2026.09.30.1,2026-10-04|nfl|nfl_prop_rush_yds|Emmett Johnson Over 15.5,2026-10-04,e0cbd266dcf997089203a1b33ba0333d,Kansas City Chiefs @ Las Vegas Raiders,2026-10-04T20:25:00Z,Emmett Johnson,15.5,,,,a_saisir,1.977,,,mediane sharp shin (betonlineag),,,,,0.5057,,,
2026-10-04T13:44:52+00:00,nfl,nfl_prop_rush_yds,Emmett Johnson Under 15.5,0.4943,0.4943,,,,0,,,2026.09.30.1,2026-10-04|nfl|nfl_prop_rush_yds|Emmett Johnson Under 15.5,2026-10-04,e0cbd266dcf997089203a1b33ba0333d,Kansas City Chiefs @ Las Vegas Raiders,2026-10-04T20:25:00Z,Emmett Johnson,15.5,,,,a_saisir,2.023,,,mediane sharp shin (betonlineag),,,,,0.4943,,,
2026-10-04T13:44:52+00:00,nfl,nfl_prop_rush_yds,Kenneth Walker III Over 86.5,0.489,0.489,,,,0,,,2026.09.30.1,2026-10-04|nfl|nfl_prop_rush_yds|Kenneth Walker III Over 86.5,2026-10-04,e0cbd266dcf997089203a1b33ba0333d,Kansas City Chiefs @ Las Vegas Raiders,2026-10-04T20:25:00Z,Kenneth Walker III,86.5,,,,a_saisir,2.045,,,pinnacle (shin),,,,,0.489,,,
2026-10-04T13:44:52+00:00,nfl,nfl_prop_rush_yds,Kenneth Walker III Under 86.5,0.511,0.511,,,,0,,,2026.09.30.1,2026-10-04|nfl|nfl_prop_rush_yds|Kenneth Walker III Under 86.5,2026-10-04,e0cbd266dcf997089203a1b33ba0333d,Kansas City Chiefs @ Las Vegas Raiders,2026-10-04T20:25:00Z,Kenneth Walker III,86.5,,,,a_saisir,1.957,,,pinnacle (shin),,,,,0.511,,,
2026-10-04T13:44:52+00:00,nfl,nfl_prop_rush_yds,Kirk Cousins Over 0.5,0.5192,0.5192,,,,0,,,2026.09.30.1,2026-10-04|nfl|nfl_prop_rush_yds|Kirk Cousins Over 0.5,2026-10-04,e0cbd266dcf997089203a1b33ba0333d,Kansas City Chiefs @ Las Vegas Raiders,2026-10-04T20:25:00Z,Kirk Cousins,0.5,,,,a_saisir,1.926,,,pinnacle (shin),,,,,0.5192,,,
2026-10-04T13:44:52+00:00,nfl,nfl_prop_rush_yds,Kirk Cousins Under 0.5,0.4808,0.4808,,,,0,,,2026.09.30.1,2026-10-04|nfl|nfl_prop_rush_yds|Kirk Cousins Under 0.5,2026-10-04,e0cbd266dcf997089203a1b33ba0333d,Kansas City Chiefs @ Las Vegas Raiders,2026-10-04T20:25:00Z,Kirk Cousins,0.5,,,,a_saisir,2.08,,,pinnacle (shin),,,,,0.4808,,,
2026-10-04T13:44:52+00:00,nfl,nfl_prop_rush_yds,Mike Washington Jr. Over 16.5,0.5082,0.5082,,,,0,,,2026.09.30.1,2026-10-04|nfl|nfl_prop_rush_yds|Mike Washington Jr. Over 16.5,2026-10-04,e0cbd266dcf997089203a1b33ba0333d,Kansas City Chiefs @ Las Vegas Raiders,2026-10-04T20:25:00Z,Mike Washington Jr.,16.5,,,,a_saisir,1.968,,,pinnacle (shin),,,,,0.5082,,,
2026-10-04T13:44:52+00:00,nfl,nfl_prop_rush_yds,Mike Washington Jr. Under 16.5,0.4918,0.4918,,,,0,,,2026.09.30.1,2026-10-04|nfl|nfl_prop_rush_yds|Mike Washington Jr. Under 16.5,2026-10-04,e0cbd266dcf997089203a1b33ba0333d,Kansas City Chiefs @ Las Vegas Raiders,2026-10-04T20:25:00Z,Mike Washington Jr.,16.5,,,,a_saisir,2.033,,,pinnacle (shin),,,,,0.4918,,,
2026-10-04T13:44:52+00:00,nfl,nfl_prop_rush_yds,Patrick Mahomes Over 15.5,0.5,0.5,,,,0,,,2026.09.30.1,2026-10-04|nfl|nfl_prop_rush_yds|Patrick Mahomes Over 15.5,2026-10-04,e0cbd266dcf997089203a1b33ba0333d,Kansas City Chiefs @ Las Vegas Raiders,2026-10-04T20:25:00Z,Patrick Mahomes,15.5,,,,a_saisir,2,,,pinnacle (shin),,,,,0.5,,,
2026-10-04T13:44:52+00:00,nfl,nfl_prop_rush_yds,Patrick Mahomes Under 15.5,0.5,0.5,,,,0,,,2026.09.30.1,2026-10-04|nfl|nfl_prop_rush_yds|Patrick Mahomes Under 15.5,2026-10-04,e0cbd266dcf997089203a1b33ba0333d,Kansas City Chiefs @ Las Vegas Raiders,2026-10-04T20:25:00Z,Patrick Mahomes,15.5,,,,a_saisir,2,,,pinnacle (shin),,,,,0.5,,,
2026-10-04T13:44:52+00:00,nfl,nfl_prop_pass_yds,Bryce Young Over 239.5,0.5,0.5,,,,0,,,2026.09.30.1,2026-10-04|nfl|nfl_prop_pass_yds|Bryce Young Over 239.5,2026-10-04,a73a76599a4f3422803e57bd8f61b626,Detroit Lions @ Carolina Panthers,2026-10-05T00:20:00Z,Bryce Young,239.5,,,,a_saisir,2,,,mediane sharp shin (betonlineag),,,,,0.5,,,
2026-10-04T13:44:52+00:00,nfl,nfl_prop_pass_yds,Bryce Young Under 239.5,0.5,0.5,,,,0,,,2026.09.30.1,2026-10-04|nfl|nfl_prop_pass_yds|Bryce Young Under 239.5,2026-10-04,a73a76599a4f3422803e57bd8f61b626,Detroit Lions @ Carolina Panthers,2026-10-05T00:20:00Z,Bryce Young,239.5,,,,a_saisir,2,,,mediane sharp shin (betonlineag),,,,,0.5,,,
2026-10-04T13:44:52+00:00,nfl,nfl_prop_pass_yds,Jared Goff Over 257.5,0.4973,0.4973,,,,0,,,2026.09.30.1,2026-10-04|nfl|nfl_prop_pass_yds|Jared Goff Over 257.5,2026-10-04,a73a76599a4f3422803e57bd8f61b626,Detroit Lions @ Carolina Panthers,2026-10-05T00:20:00Z,Jared Goff,257.5,,,,a_saisir,2.011,,,pinnacle (shin),,,,,0.4973,,,
2026-10-04T13:44:52+00:00,nfl,nfl_prop_pass_yds,Jared Goff Under 257.5,0.5027,0.5027,,,,0,,,2026.09.30.1,2026-10-04|nfl|nfl_prop_pass_yds|Jared Goff Under 257.5,2026-10-04,a73a76599a4f3422803e57bd8f61b626,Detroit Lions @ Carolina Panthers,2026-10-05T00:20:00Z,Jared Goff,257.5,,,,a_saisir,1.989,,,pinnacle (shin),,,,,0.5027,,,
2026-10-04T13:44:52+00:00,nfl,nfl_prop_reception_yds,Amon-Ra St. Brown Over 77.5,0.5028,0.5028,,,,0,,,2026.09.30.1,2026-10-04|nfl|nfl_prop_reception_yds|Amon-Ra St. Brown Over 77.5,2026-10-04,a73a76599a4f3422803e57bd8f61b626,Detroit Lions @ Carolina Panthers,2026-10-05T00:20:00Z,Amon-Ra St. Brown,77.5,,,,a_saisir,1.989,,,mediane sharp shin (betonlineag),,,,,0.5028,,,
2026-10-04T13:44:52+00:00,nfl,nfl_prop_reception_yds,Amon-Ra St. Brown Under 77.5,0.4972,0.4972,,,,0,,,2026.09.30.1,2026-10-04|nfl|nfl_prop_reception_yds|Amon-Ra St. Brown Under 77.5,2026-10-04,a73a76599a4f3422803e57bd8f61b626,Detroit Lions @ Carolina Panthers,2026-10-05T00:20:00Z,Amon-Ra St. Brown,77.5,,,,a_saisir,2.011,,,mediane sharp shin (betonlineag),,,,,0.4972,,,
2026-10-04T13:44:52+00:00,nfl,nfl_prop_reception_yds,Brock Wright Over 5.5,0.4753,0.4753,,,,0,,,2026.09.30.1,2026-10-04|nfl|nfl_prop_reception_yds|Brock Wright Over 5.5,2026-10-04,a73a76599a4f3422803e57bd8f61b626,Detroit Lions @ Carolina Panthers,2026-10-05T00:20:00Z,Brock Wright,5.5,,,,a_saisir,2.104,,,pinnacle (shin),,,,,0.4753,,,
2026-10-04T13:44:52+00:00,nfl,nfl_prop_reception_yds,Brock Wright Under 5.5,0.5247,0.5247,,,,0,,,2026.09.30.1,2026-10-04|nfl|nfl_prop_reception_yds|Brock Wright Under 5.5,2026-10-04,a73a76599a4f3422803e57bd8f61b626,Detroit Lions @ Carolina Panthers,2026-10-05T00:20:00Z,Brock Wright,5.5,,,,a_saisir,1.906,,,pinnacle (shin),,,,,0.5247,,,
2026-10-04T13:44:52+00:00,nfl,nfl_prop_reception_yds,Chuba Hubbard Over 18.5,0.5055,0.5055,,,,0,,,2026.09.30.1,2026-10-04|nfl|nfl_prop_reception_yds|Chuba Hubbard Over 18.5,2026-10-04,a73a76599a4f3422803e57bd8f61b626,Detroit Lions @ Carolina Panthers,2026-10-05T00:20:00Z,Chuba Hubbard,18.5,,,,a_saisir,1.978,,,pinnacle (shin),,,,,0.5055,,,
2026-10-04T13:44:52+00:00,nfl,nfl_prop_reception_yds,Chuba Hubbard Under 18.5,0.4945,0.4945,,,,0,,,2026.09.30.1,2026-10-04|nfl|nfl_prop_reception_yds|Chuba Hubbard Under 18.5,2026-10-04,a73a76599a4f3422803e57bd8f61b626,Detroit Lions @ Carolina Panthers,2026-10-05T00:20:00Z,Chuba Hubbard,18.5,,,,a_saisir,2.022,,,pinnacle (shin),,,,,0.4945,,,
2026-10-04T13:44:52+00:00,nfl,nfl_prop_reception_yds,Darren Waller Over 32.5,0.5,0.5,,,,0,,,2026.09.30.1,2026-10-04|nfl|nfl_prop_reception_yds|Darren Waller Over 32.5,2026-10-04,a73a76599a4f3422803e57bd8f61b626,Detroit Lions @ Carolina Panthers,2026-10-05T00:20:00Z,Darren Waller,32.5,,,,a_saisir,2,,,mediane sharp shin (betonlineag),,,,,0.5,,,
2026-10-04T13:44:52+00:00,nfl,nfl_prop_reception_yds,Darren Waller Under 32.5,0.5,0.5,,,,0,,,2026.09.30.1,2026-10-04|nfl|nfl_prop_reception_yds|Darren Waller Under 32.5,2026-10-04,a73a76599a4f3422803e57bd8f61b626,Detroit Lions @ Carolina Panthers,2026-10-05T00:20:00Z,Darren Waller,32.5,,,,a_saisir,2,,,mediane sharp shin (betonlineag),,,,,0.5,,,
2026-10-04T13:44:52+00:00,nfl,nfl_prop_reception_yds,Isaac TeSlaa Over 17.5,0.5,0.5,,,,0,,,2026.09.30.1,2026-10-04|nfl|nfl_prop_reception_yds|Isaac TeSlaa Over 17.5,2026-10-04,a73a76599a4f3422803e57bd8f61b626,Detroit Lions @ Carolina Panthers,2026-10-05T00:20:00Z,Isaac TeSlaa,17.5,,,,a_saisir,2,,,pinnacle (shin),,,,,0.5,,,
2026-10-04T13:44:52+00:00,nfl,nfl_prop_reception_yds,Isaac TeSlaa Under 17.5,0.5,0.5,,,,0,,,2026.09.30.1,2026-10-04|nfl|nfl_prop_reception_yds|Isaac TeSlaa Under 17.5,2026-10-04,a73a76599a4f3422803e57bd8f61b626,Detroit Lions @ Carolina Panthers,2026-10-05T00:20:00Z,Isaac TeSlaa,17.5,,,,a_saisir,2,,,pinnacle (shin),,,,,0.5,,,
2026-10-04T13:44:52+00:00,nfl,nfl_prop_reception_yds,Jahmyr Gibbs Over 35.5,0.5055,0.5055,,,,0,,,2026.09.30.1,2026-10-04|nfl|nfl_prop_reception_yds|Jahmyr Gibbs Over 35.5,2026-10-04,a73a76599a4f3422803e57bd8f61b626,Detroit Lions @ Carolina Panthers,2026-10-05T00:20:00Z,Jahmyr Gibbs,35.5,,,,a_saisir,1.978,,,pinnacle (shin),,,,,0.5055,,,
2026-10-04T13:44:52+00:00,nfl,nfl_prop_reception_yds,Jahmyr Gibbs Under 35.5,0.4945,0.4945,,,,0,,,2026.09.30.1,2026-10-04|nfl|nfl_prop_reception_yds|Jahmyr Gibbs Under 35.5,2026-10-04,a73a76599a4f3422803e57bd8f61b626,Detroit Lions @ Carolina Panthers,2026-10-05T00:20:00Z,Jahmyr Gibbs,35.5,,,,a_saisir,2.022,,,pinnacle (shin),,,,,0.4945,,,
2026-10-04T13:44:52+00:00,nfl,nfl_prop_reception_yds,Jalen Coker Over 48.5,0.5,0.5,,,,0,,,2026.09.30.1,2026-10-04|nfl|nfl_prop_reception_yds|Jalen Coker Over 48.5,2026-10-04,a73a76599a4f3422803e57bd8f61b626,Detroit Lions @ Carolina Panthers,2026-10-05T00:20:00Z,Jalen Coker,48.5,,,,a_saisir,2,,,pinnacle (shin),,,,,0.5,,,
2026-10-04T13:44:52+00:00,nfl,nfl_prop_reception_yds,Jalen Coker Under 48.5,0.5,0.5,,,,0,,,2026.09.30.1,2026-10-04|nfl|nfl_prop_reception_yds|Jalen Coker Under 48.5,2026-10-04,a73a76599a4f3422803e57bd8f61b626,Detroit Lions @ Carolina Panthers,2026-10-05T00:20:00Z,Jalen Coker,48.5,,,,a_saisir,2,,,pinnacle (shin),,,,,0.5,,,
2026-10-04T13:44:52+00:00,nfl,nfl_prop_reception_yds,Jameson Williams Over 52.5,0.5,0.5,,,,0,,,2026.09.30.1,2026-10-04|nfl|nfl_prop_reception_yds|Jameson Williams Over 52.5,2026-10-04,a73a76599a4f3422803e57bd8f61b626,Detroit Lions @ Carolina Panthers,2026-10-05T00:20:00Z,Jameson Williams,52.5,,,,a_saisir,2,,,mediane sharp shin (betonlineag),,,,,0.5,,,
2026-10-04T13:44:52+00:00,nfl,nfl_prop_reception_yds,Jameson Williams Under 52.5,0.5,0.5,,,,0,,,2026.09.30.1,2026-10-04|nfl|nfl_prop_reception_yds|Jameson Williams Under 52.5,2026-10-04,a73a76599a4f3422803e57bd8f61b626,Detroit Lions @ Carolina Panthers,2026-10-05T00:20:00Z,Jameson Williams,52.5,,,,a_saisir,2,,,mediane sharp shin (betonlineag),,,,,0.5,,,
2026-10-04T13:44:52+00:00,nfl,nfl_prop_reception_yds,Sam LaPorta Over 47.5,0.5,0.5,,,,0,,,2026.09.30.1,2026-10-04|nfl|nfl_prop_reception_yds|Sam LaPorta Over 47.5,2026-10-04,a73a76599a4f3422803e57bd8f61b626,Detroit Lions @ Carolina Panthers,2026-10-05T00:20:00Z,Sam LaPorta,47.5,,,,a_saisir,2,,,pinnacle (shin),,,,,0.5,,,
2026-10-04T13:44:52+00:00,nfl,nfl_prop_reception_yds,Sam LaPorta Under 47.5,0.5,0.5,,,,0,,,2026.09.30.1,2026-10-04|nfl|nfl_prop_reception_yds|Sam LaPorta Under 47.5,2026-10-04,a73a76599a4f3422803e57bd8f61b626,Detroit Lions @ Carolina Panthers,2026-10-05T00:20:00Z,Sam LaPorta,47.5,,,,a_saisir,2,,,pinnacle (shin),,,,,0.5,,,
2026-10-04T13:44:52+00:00,nfl,nfl_prop_reception_yds,Tetairoa McMillan Over 72.5,0.5,0.5,,,,0,,,2026.09.30.1,2026-10-04|nfl|nfl_prop_reception_yds|Tetairoa McMillan Over 72.5,2026-10-04,a73a76599a4f3422803e57bd8f61b626,Detroit Lions @ Carolina Panthers,2026-10-05T00:20:00Z,Tetairoa McMillan,72.5,,,,a_saisir,2,,,pinnacle (shin),,,,,0.5,,,
2026-10-04T13:44:52+00:00,nfl,nfl_prop_reception_yds,Tetairoa McMillan Under 72.5,0.5,0.5,,,,0,,,2026.09.30.1,2026-10-04|nfl|nfl_prop_reception_yds|Tetairoa McMillan Under 72.5,2026-10-04,a73a76599a4f3422803e57bd8f61b626,Detroit Lions @ Carolina Panthers,2026-10-05T00:20:00Z,Tetairoa McMillan,72.5,,,,a_saisir,2,,,pinnacle (shin),,,,,0.5,,,
2026-10-04T13:44:52+00:00,nfl,nfl_prop_reception_yds,Tommy Tremble Over 12.5,0.5,0.5,,,,0,,,2026.09.30.1,2026-10-04|nfl|nfl_prop_reception_yds|Tommy Tremble Over 12.5,2026-10-04,a73a76599a4f3422803e57bd8f61b626,Detroit Lions @ Carolina Panthers,2026-10-05T00:20:00Z,Tommy Tremble,12.5,,,,a_saisir,2,,,mediane sharp shin (betonlineag),,,,,0.5,,,
2026-10-04T13:44:52+00:00,nfl,nfl_prop_reception_yds,Tommy Tremble Under 12.5,0.5,0.5,,,,0,,,2026.09.30.1,2026-10-04|nfl|nfl_prop_reception_yds|Tommy Tremble Under 12.5,2026-10-04,a73a76599a4f3422803e57bd8f61b626,Detroit Lions @ Carolina Panthers,2026-10-05T00:20:00Z,Tommy Tremble,12.5,,,,a_saisir,2,,,mediane sharp shin (betonlineag),,,,,0.5,,,
2026-10-04T13:44:52+00:00,nfl,nfl_prop_rush_yds,AJ Dillon Over 12.5,0.5,0.5,,,,0,,,2026.09.30.1,2026-10-04|nfl|nfl_prop_rush_yds|AJ Dillon Over 12.5,2026-10-04,a73a76599a4f3422803e57bd8f61b626,Detroit Lions @ Carolina Panthers,2026-10-05T00:20:00Z,AJ Dillon,12.5,,,,a_saisir,2,,,pinnacle (shin),,,,,0.5,,,
2026-10-04T13:44:52+00:00,nfl,nfl_prop_rush_yds,AJ Dillon Under 12.5,0.5,0.5,,,,0,,,2026.09.30.1,2026-10-04|nfl|nfl_prop_rush_yds|AJ Dillon Under 12.5,2026-10-04,a73a76599a4f3422803e57bd8f61b626,Detroit Lions @ Carolina Panthers,2026-10-05T00:20:00Z,AJ Dillon,12.5,,,,a_saisir,2,,,pinnacle (shin),,,,,0.5,,,
2026-10-04T13:44:52+00:00,nfl,nfl_prop_rush_yds,Bryce Young Over 12.5,0.5027,0.5027,,,,0,,,2026.09.30.1,2026-10-04|nfl|nfl_prop_rush_yds|Bryce Young Over 12.5,2026-10-04,a73a76599a4f3422803e57bd8f61b626,Detroit Lions @ Carolina Panthers,2026-10-05T00:20:00Z,Bryce Young,12.5,,,,a_saisir,1.989,,,pinnacle (shin),,,,,0.5027,,,
2026-10-04T13:44:52+00:00,nfl,nfl_prop_rush_yds,Bryce Young Under 12.5,0.4973,0.4973,,,,0,,,2026.09.30.1,2026-10-04|nfl|nfl_prop_rush_yds|Bryce Young Under 12.5,2026-10-04,a73a76599a4f3422803e57bd8f61b626,Detroit Lions @ Carolina Panthers,2026-10-05T00:20:00Z,Bryce Young,12.5,,,,a_saisir,2.011,,,pinnacle (shin),,,,,0.4973,,,
2026-10-04T13:44:52+00:00,nfl,nfl_prop_rush_yds,Chuba Hubbard Over 66.5,0.4931,0.4931,,,,0,,,2026.09.30.1,2026-10-04|nfl|nfl_prop_rush_yds|Chuba Hubbard Over 66.5,2026-10-04,a73a76599a4f3422803e57bd8f61b626,Detroit Lions @ Carolina Panthers,2026-10-05T00:20:00Z,Chuba Hubbard,66.5,,,,a_saisir,2.028,,,pinnacle (shin),,,,,0.4931,,,
2026-10-04T13:44:52+00:00,nfl,nfl_prop_rush_yds,Chuba Hubbard Under 66.5,0.5069,0.5069,,,,0,,,2026.09.30.1,2026-10-04|nfl|nfl_prop_rush_yds|Chuba Hubbard Under 66.5,2026-10-04,a73a76599a4f3422803e57bd8f61b626,Detroit Lions @ Carolina Panthers,2026-10-05T00:20:00Z,Chuba Hubbard,66.5,,,,a_saisir,1.973,,,pinnacle (shin),,,,,0.5069,,,
2026-10-04T13:44:52+00:00,nfl,nfl_prop_rush_yds,Jahmyr Gibbs Over 96.5,0.5,0.5,,,,0,,,2026.09.30.1,2026-10-04|nfl|nfl_prop_rush_yds|Jahmyr Gibbs Over 96.5,2026-10-04,a73a76599a4f3422803e57bd8f61b626,Detroit Lions @ Carolina Panthers,2026-10-05T00:20:00Z,Jahmyr Gibbs,96.5,,,,a_saisir,2,,,mediane sharp shin (betonlineag),,,,,0.5,,,
2026-10-04T13:44:52+00:00,nfl,nfl_prop_rush_yds,Jahmyr Gibbs Under 96.5,0.5,0.5,,,,0,,,2026.09.30.1,2026-10-04|nfl|nfl_prop_rush_yds|Jahmyr Gibbs Under 96.5,2026-10-04,a73a76599a4f3422803e57bd8f61b626,Detroit Lions @ Carolina Panthers,2026-10-05T00:20:00Z,Jahmyr Gibbs,96.5,,,,a_saisir,2,,,mediane sharp shin (betonlineag),,,,,0.5,,,
2026-10-04T13:44:52+00:00,nfl,nfl_prop_rush_yds,Jared Goff Over 1.5,0.5027,0.5027,,,,0,,,2026.09.30.1,2026-10-04|nfl|nfl_prop_rush_yds|Jared Goff Over 1.5,2026-10-04,a73a76599a4f3422803e57bd8f61b626,Detroit Lions @ Carolina Panthers,2026-10-05T00:20:00Z,Jared Goff,1.5,,,,a_saisir,1.989,,,pinnacle (shin),,,,,0.5027,,,
2026-10-04T13:44:52+00:00,nfl,nfl_prop_rush_yds,Jared Goff Under 1.5,0.4973,0.4973,,,,0,,,2026.09.30.1,2026-10-04|nfl|nfl_prop_rush_yds|Jared Goff Under 1.5,2026-10-04,a73a76599a4f3422803e57bd8f61b626,Detroit Lions @ Carolina Panthers,2026-10-05T00:20:00Z,Jared Goff,1.5,,,,a_saisir,2.011,,,pinnacle (shin),,,,,0.4973,,,
2026-10-04T13:44:52+00:00,nfl,nfl_prop_rush_yds,Sione Vaki Over 10.5,0.5,0.5,,,,0,,,2026.09.30.1,2026-10-04|nfl|nfl_prop_rush_yds|Sione Vaki Over 10.5,2026-10-04,a73a76599a4f3422803e57bd8f61b626,Detroit Lions @ Carolina Panthers,2026-10-05T00:20:00Z,Sione Vaki,10.5,,,,a_saisir,2,,,pinnacle (shin),,,,,0.5,,,
2026-10-04T13:44:52+00:00,nfl,nfl_prop_rush_yds,Sione Vaki Under 10.5,0.5,0.5,,,,0,,,2026.09.30.1,2026-10-04|nfl|nfl_prop_rush_yds|Sione Vaki Under 10.5,2026-10-04,a73a76599a4f3422803e57bd8f61b626,Detroit Lions @ Carolina Panthers,2026-10-05T00:20:00Z,Sione Vaki,10.5,,,,a_saisir,2,,,pinnacle (shin),,,,,0.5,,,
2026-10-04T13:44:52+00:00,nhl,nhl_sog,Cutter Gauthier Over 3.5 SOG,0.4329,,,,,0,,,2026.09.30.1,2026-10-04|nhl|nhl_sog|Cutter Gauthier Over 3.5 SOG,2026-10-04,2026020037,FLA @ ANA,2026-10-05T00:00:00Z,Cutter Gauthier,3.5,,,,informatif,2.31,,,SOG lambda 3.39 (nb),,,,,0.4329,,8483445,
2026-10-04T13:44:52+00:00,nhl,nhl_sog,Cutter Gauthier Under 3.5 SOG,0.5671,,,,,0,,,2026.09.30.1,2026-10-04|nhl|nhl_sog|Cutter Gauthier Under 3.5 SOG,2026-10-04,2026020037,FLA @ ANA,2026-10-05T00:00:00Z,Cutter Gauthier,3.5,,,,informatif,1.763,,,SOG lambda 3.39 (nb),,,,,0.5671,,8483445,
2026-10-04T13:44:52+00:00,nhl,nhl_sog,Alex DeBrincat Over 3.5 SOG,0.3888,,,,,0,,,2026.09.30.1,2026-10-04|nhl|nhl_sog|Alex DeBrincat Over 3.5 SOG,2026-10-04,2026020035,WPG @ DET,2026-10-04T17:00:00Z,Alex DeBrincat,3.5,,,,informatif,2.572,,,SOG lambda 3.18 (nb),,,,,0.3888,,8479337,
2026-10-04T13:44:52+00:00,nhl,nhl_sog,Alex DeBrincat Under 3.5 SOG,0.6112,,,,,0,,,2026.09.30.1,2026-10-04|nhl|nhl_sog|Alex DeBrincat Under 3.5 SOG,2026-10-04,2026020035,WPG @ DET,2026-10-04T17:00:00Z,Alex DeBrincat,3.5,,,,informatif,1.636,,,SOG lambda 3.18 (nb),,,,,0.6112,,8479337,
2026-10-04T13:44:52+00:00,nhl,nhl_sog,Brady Tkachuk Over 3.5 SOG,0.3544,,,,,0,,,2026.09.30.1,2026-10-04|nhl|nhl_sog|Brady Tkachuk Over 3.5 SOG,2026-10-04,2026020037,FLA @ ANA,2026-10-05T00:00:00Z,Brady Tkachuk,3.5,,,,informatif,2.822,,,SOG lambda 3.01 (nb),,,,,0.3544,,8480801,
2026-10-04T13:44:52+00:00,nhl,nhl_sog,Brady Tkachuk Under 3.5 SOG,0.6456,,,,,0,,,2026.09.30.1,2026-10-04|nhl|nhl_sog|Brady Tkachuk Under 3.5 SOG,2026-10-04,2026020037,FLA @ ANA,2026-10-05T00:00:00Z,Brady Tkachuk,3.5,,,,informatif,1.549,,,SOG lambda 3.01 (nb),,,,,0.6456,,8480801,
2026-10-04T13:44:52+00:00,nhl,nhl_sog,Kyle Connor Over 2.5 SOG,0.534,,,,,0,,,2026.09.30.1,2026-10-04|nhl|nhl_sog|Kyle Connor Over 2.5 SOG,2026-10-04,2026020035,WPG @ DET,2026-10-04T17:00:00Z,Kyle Connor,2.5,,,,informatif,1.873,,,SOG lambda 2.87 (nb),,,,,0.534,,8478398,
2026-10-04T13:44:52+00:00,nhl,nhl_sog,Kyle Connor Under 2.5 SOG,0.466,,,,,0,,,2026.09.30.1,2026-10-04|nhl|nhl_sog|Kyle Connor Under 2.5 SOG,2026-10-04,2026020035,WPG @ DET,2026-10-04T17:00:00Z,Kyle Connor,2.5,,,,informatif,2.146,,,SOG lambda 2.87 (nb),,,,,0.466,,8478398,
2026-10-04T13:44:52+00:00,nhl,nhl_sog,Jack Eichel Over 2.5 SOG,0.5181,,,,,0,,,2026.09.30.1,2026-10-04|nhl|nhl_sog|Jack Eichel Over 2.5 SOG,2026-10-04,2026020039,VGK @ VAN,2026-10-05T01:00:00Z,Jack Eichel,2.5,,,,informatif,1.93,,,SOG lambda 2.80 (nb),,,,,0.5181,,8478403,
2026-10-04T13:44:52+00:00,nhl,nhl_sog,Jack Eichel Under 2.5 SOG,0.4819,,,,,0,,,2026.09.30.1,2026-10-04|nhl|nhl_sog|Jack Eichel Under 2.5 SOG,2026-10-04,2026020039,VGK @ VAN,2026-10-05T01:00:00Z,Jack Eichel,2.5,,,,informatif,2.075,,,SOG lambda 2.80 (nb),,,,,0.4819,,8478403,
2026-10-05T18:14:31+00:00,mlb,props_k,Gavin Williams Over 2.5 K,0.976,,,,,0,,,2026.09.30.1,2026-10-05|mlb|props_k|Gavin Williams Over 2.5 K,2026-10-05,ccd487a87bb73145e3f12dd3a765ad47,Chicago White Sox @ Cleveland Guardians,2026-10-05T21:10:00Z,Gavin Williams,2.5,3,0.976,,informatif,1.025,,,ladder · proj 7.61K,,,,,0.976,,,
2026-10-05T18:14:31+00:00,mlb,props_k,Gavin Williams Over 3.5 K,0.934,,,,,0,,,2026.09.30.1,2026-10-05|mlb|props_k|Gavin Williams Over 3.5 K,2026-10-05,ccd487a87bb73145e3f12dd3a765ad47,Chicago White Sox @ Cleveland Guardians,2026-10-05T21:10:00Z,Gavin Williams,3.5,4,0.934,,informatif,1.071,,,ladder · proj 7.61K,,,,,0.934,,,
2026-10-05T18:14:31+00:00,mlb,props_k,Gavin Williams Over 4.5 K,0.86,,,,,0,,,2026.09.30.1,2026-10-05|mlb|props_k|Gavin Williams Over 4.5 K,2026-10-05,ccd487a87bb73145e3f12dd3a765ad47,Chicago White Sox @ Cleveland Guardians,2026-10-05T21:10:00Z,Gavin Williams,4.5,5,0.86,,informatif,1.163,,,ladder · proj 7.61K,,,,,0.86,,,
2026-10-05T18:14:31+00:00,mlb,props_k,Gavin Williams Over 5.5 K,0.753,,,,,0,,,2026.09.30.1,2026-10-05|mlb|props_k|Gavin Williams Over 5.5 K,2026-10-05,ccd487a87bb73145e3f12dd3a765ad47,Chicago White Sox @ Cleveland Guardians,2026-10-05T21:10:00Z,Gavin Williams,5.5,6,0.753,,informatif,1.328,,,ladder · proj 7.61K,,,,,0.753,,,
2026-10-05T18:14:31+00:00,mlb,props_k,Gavin Williams Over 6.5 K,0.623,,,,,0,,,2026.09.30.1,2026-10-05|mlb|props_k|Gavin Williams Over 6.5 K,2026-10-05,ccd487a87bb73145e3f12dd3a765ad47,Chicago White Sox @ Cleveland Guardians,2026-10-05T21:10:00Z,Gavin Williams,6.5,7,0.623,,informatif,1.605,,,ladder · proj 7.61K,,,,,0.623,,,
2026-10-05T18:14:31+00:00,mlb,props_k,Gavin Williams Over 7.5 K,0.486,,,,,0,,,2026.09.30.1,2026-10-05|mlb|props_k|Gavin Williams Over 7.5 K,2026-10-05,ccd487a87bb73145e3f12dd3a765ad47,Chicago White Sox @ Cleveland Guardians,2026-10-05T21:10:00Z,Gavin Williams,7.5,8,0.486,,informatif,2.058,,,ladder · proj 7.61K,,,,,0.486,,,
2026-10-05T18:14:31+00:00,mlb,props_k,Gavin Williams Over 8.5 K,0.356,,,,,0,,,2026.09.30.1,2026-10-05|mlb|props_k|Gavin Williams Over 8.5 K,2026-10-05,ccd487a87bb73145e3f12dd3a765ad47,Chicago White Sox @ Cleveland Guardians,2026-10-05T21:10:00Z,Gavin Williams,8.5,9,0.356,,informatif,2.809,,,ladder · proj 7.61K,,,,,0.356,,,
2026-10-05T18:14:31+00:00,mlb,props_k,Gavin Williams Over 9.5 K,0.246,,,,,0,,,2026.09.30.1,2026-10-05|mlb|props_k|Gavin Williams Over 9.5 K,2026-10-05,ccd487a87bb73145e3f12dd3a765ad47,Chicago White Sox @ Cleveland Guardians,2026-10-05T21:10:00Z,Gavin Williams,9.5,10,0.246,,informatif,4.065,,,ladder · proj 7.61K,,,,,0.246,,,
2026-10-05T18:14:31+00:00,mlb,props_k,Anthony Kay Over 2.5 K,0.647,,,,,0,,,2026.09.30.1,2026-10-05|mlb|props_k|Anthony Kay Over 2.5 K,2026-10-05,ccd487a87bb73145e3f12dd3a765ad47,Chicago White Sox @ Cleveland Guardians,2026-10-05T21:10:00Z,Anthony Kay,2.5,3,0.647,,informatif,1.546,,,ladder · proj 3.37K,,,,,0.647,,,
2026-10-05T18:14:31+00:00,mlb,props_k,Anthony Kay Over 3.5 K,0.433,,,,,0,,,2026.09.30.1,2026-10-05|mlb|props_k|Anthony Kay Over 3.5 K,2026-10-05,ccd487a87bb73145e3f12dd3a765ad47,Chicago White Sox @ Cleveland Guardians,2026-10-05T21:10:00Z,Anthony Kay,3.5,4,0.433,,informatif,2.309,,,ladder · proj 3.37K,,,,,0.433,,,
2026-10-05T18:14:31+00:00,mlb,props_k,Anthony Kay Over 4.5 K,0.254,,,,,0,,,2026.09.30.1,2026-10-05|mlb|props_k|Anthony Kay Over 4.5 K,2026-10-05,ccd487a87bb73145e3f12dd3a765ad47,Chicago White Sox @ Cleveland Guardians,2026-10-05T21:10:00Z,Anthony Kay,4.5,5,0.254,,informatif,3.937,,,ladder · proj 3.37K,,,,,0.254,,,
2026-10-05T18:14:31+00:00,mlb,props_k,Anthony Kay Over 5.5 K,0.131,,,,,0,,,2026.09.30.1,2026-10-05|mlb|props_k|Anthony Kay Over 5.5 K,2026-10-05,ccd487a87bb73145e3f12dd3a765ad47,Chicago White Sox @ Cleveland Guardians,2026-10-05T21:10:00Z,Anthony Kay,5.5,6,0.131,,informatif,7.634,,,ladder · proj 3.37K,,,,,0.131,,,
2026-10-05T18:14:31+00:00,mlb,props_k,Anthony Kay Over 6.5 K,0.061,,,,,0,,,2026.09.30.1,2026-10-05|mlb|props_k|Anthony Kay Over 6.5 K,2026-10-05,ccd487a87bb73145e3f12dd3a765ad47,Chicago White Sox @ Cleveland Guardians,2026-10-05T21:10:00Z,Anthony Kay,6.5,7,0.061,,informatif,16.393,,,ladder · proj 3.37K,,,,,0.061,,,
2026-10-05T18:14:31+00:00,mlb,props_k,Anthony Kay Over 7.5 K,0.026,,,,,0,,,2026.09.30.1,2026-10-05|mlb|props_k|Anthony Kay Over 7.5 K,2026-10-05,ccd487a87bb73145e3f12dd3a765ad47,Chicago White Sox @ Cleveland Guardians,2026-10-05T21:10:00Z,Anthony Kay,7.5,8,0.026,,informatif,38.462,,,ladder · proj 3.37K,,,,,0.026,,,
2026-10-05T18:14:31+00:00,mlb,props_k,Anthony Kay Over 8.5 K,0.01,,,,,0,,,2026.09.30.1,2026-10-05|mlb|props_k|Anthony Kay Over 8.5 K,2026-10-05,ccd487a87bb73145e3f12dd3a765ad47,Chicago White Sox @ Cleveland Guardians,2026-10-05T21:10:00Z,Anthony Kay,8.5,9,0.01,,informatif,100,,,ladder · proj 3.37K,,,,,0.01,,,
2026-10-05T18:14:31+00:00,mlb,props_k,Anthony Kay Over 9.5 K,0.003,,,,,0,,,2026.09.30.1,2026-10-05|mlb|props_k|Anthony Kay Over 9.5 K,2026-10-05,ccd487a87bb73145e3f12dd3a765ad47,Chicago White Sox @ Cleveland Guardians,2026-10-05T21:10:00Z,Anthony Kay,9.5,10,0.003,,informatif,333.333,,,ladder · proj 3.37K,,,,,0.003,,,
2026-10-05T18:14:56+00:00,mlb,props_k,Freddy Peralta Over 2.5 K,0.839,,,,,0,,,2026.09.30.1,2026-10-05|mlb|props_k|Freddy Peralta Over 2.5 K,2026-10-05,4be245ad03895bcafcdc42d7d926b675,New York Yankees @ Tampa Bay Rays,2026-10-06T00:00:00Z,Freddy Peralta,2.5,3,0.839,,informatif,1.192,,,ladder · proj 4.72K,,,,,0.839,,,
2026-10-05T18:14:56+00:00,mlb,props_k,Freddy Peralta Over 3.5 K,0.683,,,,,0,,,2026.09.30.1,2026-10-05|mlb|props_k|Freddy Peralta Over 3.5 K,2026-10-05,4be245ad03895bcafcdc42d7d926b675,New York Yankees @ Tampa Bay Rays,2026-10-06T00:00:00Z,Freddy Peralta,3.5,4,0.683,,informatif,1.464,,,ladder · proj 4.72K,,,,,0.683,,,
2026-10-05T18:14:56+00:00,mlb,props_k,Freddy Peralta Over 4.5 K,0.504,,,,,0,,,2026.09.30.1,2026-10-05|mlb|props_k|Freddy Peralta Over 4.5 K,2026-10-05,4be245ad03895bcafcdc42d7d926b675,New York Yankees @ Tampa Bay Rays,2026-10-06T00:00:00Z,Freddy Peralta,4.5,5,0.504,,informatif,1.984,,,ladder · proj 4.72K,,,,,0.504,,,
2026-10-05T18:14:56+00:00,mlb,props_k,Freddy Peralta Over 5.5 K,0.337,,,,,0,,,2026.09.30.1,2026-10-05|mlb|props_k|Freddy Peralta Over 5.5 K,2026-10-05,4be245ad03895bcafcdc42d7d926b675,New York Yankees @ Tampa Bay Rays,2026-10-06T00:00:00Z,Freddy Peralta,5.5,6,0.337,,informatif,2.967,,,ladder · proj 4.72K,,,,,0.337,,,
2026-10-05T18:14:56+00:00,mlb,props_k,Freddy Peralta Over 6.5 K,0.205,,,,,0,,,2026.09.30.1,2026-10-05|mlb|props_k|Freddy Peralta Over 6.5 K,2026-10-05,4be245ad03895bcafcdc42d7d926b675,New York Yankees @ Tampa Bay Rays,2026-10-06T00:00:00Z,Freddy Peralta,6.5,7,0.205,,informatif,4.878,,,ladder · proj 4.72K,,,,,0.205,,,
2026-10-05T18:14:56+00:00,mlb,props_k,Freddy Peralta Over 7.5 K,0.114,,,,,0,,,2026.09.30.1,2026-10-05|mlb|props_k|Freddy Peralta Over 7.5 K,2026-10-05,4be245ad03895bcafcdc42d7d926b675,New York Yankees @ Tampa Bay Rays,2026-10-06T00:00:00Z,Freddy Peralta,7.5,8,0.114,,informatif,8.772,,,ladder · proj 4.72K,,,,,0.114,,,
2026-10-05T18:14:56+00:00,mlb,props_k,Freddy Peralta Over 8.5 K,0.058,,,,,0,,,2026.09.30.1,2026-10-05|mlb|props_k|Freddy Peralta Over 8.5 K,2026-10-05,4be245ad03895bcafcdc42d7d926b675,New York Yankees @ Tampa Bay Rays,2026-10-06T00:00:00Z,Freddy Peralta,8.5,9,0.058,,informatif,17.241,,,ladder · proj 4.72K,,,,,0.058,,,
2026-10-05T18:14:56+00:00,mlb,props_k,Freddy Peralta Over 9.5 K,0.028,,,,,0,,,2026.09.30.1,2026-10-05|mlb|props_k|Freddy Peralta Over 9.5 K,2026-10-05,4be245ad03895bcafcdc42d7d926b675,New York Yankees @ Tampa Bay Rays,2026-10-06T00:00:00Z,Freddy Peralta,9.5,10,0.028,,informatif,35.714,,,ladder · proj 4.72K,,,,,0.028,,,
2026-10-05T18:14:56+00:00,mlb,props_k,Cam Schlittler Over 2.5 K,0.929,,,,,0,,,2026.09.30.1,2026-10-05|mlb|props_k|Cam Schlittler Over 2.5 K,2026-10-05,4be245ad03895bcafcdc42d7d926b675,New York Yankees @ Tampa Bay Rays,2026-10-06T00:00:00Z,Cam Schlittler,2.5,3,0.929,,informatif,1.076,,,ladder · proj 6.0K,,,,,0.929,,,
2026-10-05T18:14:56+00:00,mlb,props_k,Cam Schlittler Over 3.5 K,0.835,,,,,0,,,2026.09.30.1,2026-10-05|mlb|props_k|Cam Schlittler Over 3.5 K,2026-10-05,4be245ad03895bcafcdc42d7d926b675,New York Yankees @ Tampa Bay Rays,2026-10-06T00:00:00Z,Cam Schlittler,3.5,4,0.835,,informatif,1.198,,,ladder · proj 6.0K,,,,,0.835,,,
2026-10-05T18:14:56+00:00,mlb,props_k,Cam Schlittler Over 4.5 K,0.702,,,,,0,,,2026.09.30.1,2026-10-05|mlb|props_k|Cam Schlittler Over 4.5 K,2026-10-05,4be245ad03895bcafcdc42d7d926b675,New York Yankees @ Tampa Bay Rays,2026-10-06T00:00:00Z,Cam Schlittler,4.5,5,0.702,,informatif,1.425,,,ladder · proj 6.0K,,,,,0.702,,,
2026-10-05T18:14:56+00:00,mlb,props_k,Cam Schlittler Over 5.5 K,0.546,,,,,0,,,2026.09.30.1,2026-10-05|mlb|props_k|Cam Schlittler Over 5.5 K,2026-10-05,4be245ad03895bcafcdc42d7d926b675,New York Yankees @ Tampa Bay Rays,2026-10-06T00:00:00Z,Cam Schlittler,5.5,6,0.546,,informatif,1.832,,,ladder · proj 6.0K,,,,,0.546,,,
2026-10-05T18:14:56+00:00,mlb,props_k,Cam Schlittler Over 6.5 K,0.394,,,,,0,,,2026.09.30.1,2026-10-05|mlb|props_k|Cam Schlittler Over 6.5 K,2026-10-05,4be245ad03895bcafcdc42d7d926b675,New York Yankees @ Tampa Bay Rays,2026-10-06T00:00:00Z,Cam Schlittler,6.5,7,0.394,,informatif,2.538,,,ladder · proj 6.0K,,,,,0.394,,,
2026-10-05T18:14:56+00:00,mlb,props_k,Cam Schlittler Over 7.5 K,0.263,,,,,0,,,2026.09.30.1,2026-10-05|mlb|props_k|Cam Schlittler Over 7.5 K,2026-10-05,4be245ad03895bcafcdc42d7d926b675,New York Yankees @ Tampa Bay Rays,2026-10-06T00:00:00Z,Cam Schlittler,7.5,8,0.263,,informatif,3.802,,,ladder · proj 6.0K,,,,,0.263,,,
2026-10-05T18:14:56+00:00,mlb,props_k,Cam Schlittler Over 8.5 K,0.163,,,,,0,,,2026.09.30.1,2026-10-05|mlb|props_k|Cam Schlittler Over 8.5 K,2026-10-05,4be245ad03895bcafcdc42d7d926b675,New York Yankees @ Tampa Bay Rays,2026-10-06T00:00:00Z,Cam Schlittler,8.5,9,0.163,,informatif,6.135,,,ladder · proj 6.0K,,,,,0.163,,,
2026-10-05T18:14:56+00:00,mlb,props_k,Cam Schlittler Over 9.5 K,0.094,,,,,0,,,2026.09.30.1,2026-10-05|mlb|props_k|Cam Schlittler Over 9.5 K,2026-10-05,4be245ad03895bcafcdc42d7d926b675,New York Yankees @ Tampa Bay Rays,2026-10-06T00:00:00Z,Cam Schlittler,9.5,10,0.094,,informatif,10.638,,,ladder · proj 6.0K,,,,,0.094,,,
2026-10-05T18:15:55+00:00,mlb,mlb_rl,Cleveland Guardians -1.5,0.446,0.377,,,,0,,,2026.09.30.1,2026-10-05|mlb|mlb_rl|Cleveland Guardians -1.5,2026-10-05,ccd487a87bb73145e3f12dd3a765ad47,Chicago White Sox @ Cleveland Guardians,2026-10-05T21:00:00Z,,,,,,a_saisir,2.519,,,🔴 passe,2.54,,0,,0.397,,,
2026-10-05T18:15:55+00:00,mlb,mlb_ml,Chicago White Sox ML,0.404,0.4177,,,,0,,,2026.09.30.1,2026-10-05|mlb|mlb_ml|Chicago White Sox ML,2026-10-05,ccd487a87bb73145e3f12dd3a765ad47,Chicago White Sox @ Cleveland Guardians,2026-10-05T21:00:00Z,,,,,,a_saisir,2.415,,,🔴 passe,2.39,,0,,0.414,,,
2026-10-05T18:15:55+00:00,mlb,mlb_ml,Cleveland Guardians ML,0.596,0.5823,,,,0,,,2026.09.30.1,2026-10-05|mlb|mlb_ml|Cleveland Guardians ML,2026-10-05,ccd487a87bb73145e3f12dd3a765ad47,Chicago White Sox @ Cleveland Guardians,2026-10-05T21:00:00Z,,,,,,a_saisir,1.706,,,🔴 passe,1.68,,0,,0.586,,,
2026-10-05T18:15:55+00:00,mlb,mlb_ml,New York Yankees ML,0.554,0.5332,,,,0,,,2026.09.30.1,2026-10-05|mlb|mlb_ml|New York Yankees ML,2026-10-05,4be245ad03895bcafcdc42d7d926b675,New York Yankees @ Tampa Bay Rays,2026-10-06T00:00:00Z,,,,,,a_saisir,1.852,,,🔴 passe,1.83,,0,,0.54,,,
2026-10-05T18:15:55+00:00,mlb,mlb_rl,New York Yankees -1.5,0.401,0.377,,,,0,,,2026.09.30.1,2026-10-05|mlb|mlb_rl|New York Yankees -1.5,2026-10-05,4be245ad03895bcafcdc42d7d926b675,New York Yankees @ Tampa Bay Rays,2026-10-06T00:00:00Z,,,,,,a_saisir,2.604,,,🔴 passe,2.54,,0,,0.384,,,
2026-10-05T18:15:55+00:00,mlb,mlb_ml,Tampa Bay Rays ML,0.446,0.4668,,,,0,,,2026.09.30.1,2026-10-05|mlb|mlb_ml|Tampa Bay Rays ML,2026-10-05,4be245ad03895bcafcdc42d7d926b675,New York Yankees @ Tampa Bay Rays,2026-10-06T00:00:00Z,,,,,,a_saisir,2.174,,,🔴 passe,2.1,,0,,0.46,,,
2026-10-05T18:15:55+00:00,nhl,nhl_ml,Boston Bruins ML,0.7467,0.4803,,,,0,,,2026.09.30.1,2026-10-05|nhl|nhl_ml|Boston Bruins ML,2026-10-05,65b60049b3c77a94c346f74d8b897e4b,Ottawa Senators @ Boston Bruins,2026-10-05T23:40:00Z,,,,,,a_saisir,1.785,,,melange w=0.3,,,,,0.5602,,,
2026-10-05T18:15:55+00:00,nhl,nhl_ml,Ottawa Senators ML,0.2533,0.5197,,,,0,,,2026.09.30.1,2026-10-05|nhl|nhl_ml|Ottawa Senators ML,2026-10-05,65b60049b3c77a94c346f74d8b897e4b,Ottawa Senators @ Boston Bruins,2026-10-05T23:40:00Z,,,,,,a_saisir,2.274,,,melange w=0.3,,,,,0.4398,,,
2026-10-05T18:15:55+00:00,nhl,nhl_puck,Boston Bruins -1.5,0.5755,,,,,0,,,2026.09.30.1,2026-10-05|nhl|nhl_puck|Boston Bruins -1.5,2026-10-05,65b60049b3c77a94c346f74d8b897e4b,Ottawa Senators @ Boston Bruins,2026-10-05T23:40:00Z,,,,,,a_saisir,1.738,,,modele seul (pas de marche),,,,,0.5755,,,
2026-10-05T18:15:55+00:00,nhl,nhl_puck,Ottawa Senators +1.5,0.4245,,,,,0,,,2026.09.30.1,2026-10-05|nhl|nhl_puck|Ottawa Senators +1.5,2026-10-05,65b60049b3c77a94c346f74d8b897e4b,Ottawa Senators @ Boston Bruins,2026-10-05T23:40:00Z,,,,,,a_saisir,2.356,,,modele seul (pas de marche),,,,,0.4245,,,
2026-10-05T18:15:55+00:00,nhl,nhl_puck,Ottawa Senators -1.5,0.1295,0.2915,,,,0,,,2026.09.30.1,2026-10-05|nhl|nhl_puck|Ottawa Senators -1.5,2026-10-05,65b60049b3c77a94c346f74d8b897e4b,Ottawa Senators @ Boston Bruins,2026-10-05T23:40:00Z,,,,,,a_saisir,4.117,,,melange w=0.3,,,,,0.2429,,,
2026-10-05T18:15:55+00:00,nhl,nhl_puck,Boston Bruins +1.5,0.8705,0.7085,,,,0,,,2026.09.30.1,2026-10-05|nhl|nhl_puck|Boston Bruins +1.5,2026-10-05,65b60049b3c77a94c346f74d8b897e4b,Ottawa Senators @ Boston Bruins,2026-10-05T23:40:00Z,,,,,,a_saisir,1.321,,,melange w=0.3,,,,,0.7571,,,
2026-10-05T18:15:55+00:00,nhl,nhl_total,Over 5.5,0.3743,,,,,0,,,2026.09.30.1,2026-10-05|nhl|nhl_total|Over 5.5,2026-10-05,db6ecbc6d2657c39084510cf3e94f510,San Jose Sharks @ Dallas Stars,2026-10-06T00:10:00Z,,,,,,a_saisir,2.671,,,modele seul (pas de marche),,,,,0.3743,,,
2026-10-05T18:15:55+00:00,nhl,nhl_total,Under 5.5,0.6257,,,,,0,,,2026.09.30.1,2026-10-05|nhl|nhl_total|Under 5.5,2026-10-05,db6ecbc6d2657c39084510cf3e94f510,San Jose Sharks @ Dallas Stars,2026-10-06T00:10:00Z,,,,,,a_saisir,1.598,,,modele seul (pas de marche),,,,,0.6257,,,
2026-10-05T18:15:55+00:00,nhl,nhl_total,Over 6.5,0.2718,0.4801,,,,0,,,2026.09.30.1,2026-10-05|nhl|nhl_total|Over 6.5,2026-10-05,db6ecbc6d2657c39084510cf3e94f510,San Jose Sharks @ Dallas Stars,2026-10-06T00:10:00Z,,,,,,a_saisir,2.395,,,melange w=0.3,,,,,0.4176,,,
2026-10-05T18:15:55+00:00,nhl,nhl_total,Under 6.5,0.7282,0.5199,,,,0,,,2026.09.30.1,2026-10-05|nhl|nhl_total|Under 6.5,2026-10-05,db6ecbc6d2657c39084510cf3e94f510,San Jose Sharks @ Dallas Stars,2026-10-06T00:10:00Z,,,,,,a_saisir,1.717,,,melange w=0.3,,,,,0.5824,,,
2026-10-05T18:15:55+00:00,nhl,nhl_ml,Pittsburgh Penguins ML,0.6294,0.6247,,,,0,,,2026.09.30.1,2026-10-05|nhl|nhl_ml|Pittsburgh Penguins ML,2026-10-05,3da179dc46d7f7a5f06637fcd97ce367,Winnipeg Jets @ Pittsburgh Penguins,2026-10-05T23:40:00Z,,,,,,a_saisir,1.597,,,melange w=0.3,,,,,0.6261,,,
2026-10-05T18:15:55+00:00,nhl,nhl_ml,Winnipeg Jets ML,0.3706,0.3753,,,,0,,,2026.09.30.1,2026-10-05|nhl|nhl_ml|Winnipeg Jets ML,2026-10-05,3da179dc46d7f7a5f06637fcd97ce367,Winnipeg Jets @ Pittsburgh Penguins,2026-10-05T23:40:00Z,,,,,,a_saisir,2.675,,,melange w=0.3,,,,,0.3739,,,
2026-10-05T18:15:55+00:00,nhl,nhl_puck,Pittsburgh Penguins -1.5,0.4588,0.398,,,,0,,,2026.09.30.1,2026-10-05|nhl|nhl_puck|Pittsburgh Penguins -1.5,2026-10-05,3da179dc46d7f7a5f06637fcd97ce367,Winnipeg Jets @ Pittsburgh Penguins,2026-10-05T23:40:00Z,,,,,,a_saisir,2.403,,,melange w=0.3,,,,,0.4162,,,
2026-10-05T18:15:55+00:00,nhl,nhl_puck,Winnipeg Jets +1.5,0.5412,0.602,,,,0,,,2026.09.30.1,2026-10-05|nhl|nhl_puck|Winnipeg Jets +1.5,2026-10-05,3da179dc46d7f7a5f06637fcd97ce367,Winnipeg Jets @ Pittsburgh Penguins,2026-10-05T23:40:00Z,,,,,,a_saisir,1.713,,,melange w=0.3,,,,,0.5838,,,
2026-10-05T18:15:55+00:00,nhl,nhl_puck,Winnipeg Jets -1.5,0.2257,,,,,0,,,2026.09.30.1,2026-10-05|nhl|nhl_puck|Winnipeg Jets -1.5,2026-10-05,3da179dc46d7f7a5f06637fcd97ce367,Winnipeg Jets @ Pittsburgh Penguins,2026-10-05T23:40:00Z,,,,,,a_saisir,4.431,,,modele seul (pas de marche),,,,,0.2257,,,
2026-10-05T18:15:55+00:00,nhl,nhl_puck,Pittsburgh Penguins +1.5,0.7743,,,,,0,,,2026.09.30.1,2026-10-05|nhl|nhl_puck|Pittsburgh Penguins +1.5,2026-10-05,3da179dc46d7f7a5f06637fcd97ce367,Winnipeg Jets @ Pittsburgh Penguins,2026-10-05T23:40:00Z,,,,,,a_saisir,1.291,,,modele seul (pas de marche),,,,,0.7743,,,
2026-10-05T18:15:55+00:00,nhl,nhl_ml,Dallas Stars ML,0.554,0.6486,,,,0,,,2026.09.30.1,2026-10-05|nhl|nhl_ml|Dallas Stars ML,2026-10-05,db6ecbc6d2657c39084510cf3e94f510,San Jose Sharks @ Dallas Stars,2026-10-06T00:10:00Z,,,,,,a_saisir,1.612,,,melange w=0.3,,,,,0.6202,,,
2026-10-05T18:15:55+00:00,nhl,nhl_ml,San Jose Sharks ML,0.446,0.3514,,,,0,,,2026.09.30.1,2026-10-05|nhl|nhl_ml|San Jose Sharks ML,2026-10-05,db6ecbc6d2657c39084510cf3e94f510,San Jose Sharks @ Dallas Stars,2026-10-06T00:10:00Z,,,,,,a_saisir,2.633,,,melange w=0.3,,,,,0.3798,,,
2026-10-05T18:15:55+00:00,nhl,nhl_puck,Dallas Stars -1.5,0.3632,0.4088,,,,0,,,2026.09.30.1,2026-10-05|nhl|nhl_puck|Dallas Stars -1.5,2026-10-05,db6ecbc6d2657c39084510cf3e94f510,San Jose Sharks @ Dallas Stars,2026-10-06T00:10:00Z,,,,,,a_saisir,2.531,,,melange w=0.3,,,,,0.3951,,,
2026-10-05T18:15:55+00:00,nhl,nhl_puck,San Jose Sharks +1.5,0.6368,0.5912,,,,0,,,2026.09.30.1,2026-10-05|nhl|nhl_puck|San Jose Sharks +1.5,2026-10-05,db6ecbc6d2657c39084510cf3e94f510,San Jose Sharks @ Dallas Stars,2026-10-06T00:10:00Z,,,,,,a_saisir,1.653,,,melange w=0.3,,,,,0.6049,,,
2026-10-05T18:15:55+00:00,nhl,nhl_puck,San Jose Sharks -1.5,0.2713,,,,,0,,,2026.09.30.1,2026-10-05|nhl|nhl_puck|San Jose Sharks -1.5,2026-10-05,db6ecbc6d2657c39084510cf3e94f510,San Jose Sharks @ Dallas Stars,2026-10-06T00:10:00Z,,,,,,a_saisir,3.686,,,modele seul (pas de marche),,,,,0.2713,,,
2026-10-05T18:15:55+00:00,nhl,nhl_puck,Dallas Stars +1.5,0.7287,,,,,0,,,2026.09.30.1,2026-10-05|nhl|nhl_puck|Dallas Stars +1.5,2026-10-05,db6ecbc6d2657c39084510cf3e94f510,San Jose Sharks @ Dallas Stars,2026-10-06T00:10:00Z,,,,,,a_saisir,1.372,,,modele seul (pas de marche),,,,,0.7287,,,
2026-10-05T18:15:55+00:00,nhl,nhl_sog,Brandon Hagel Over 3.5 SOG,0.4728,,2.4,bet365,13.47,2,,,2026.09.30.1,2026-10-05|nhl|nhl_sog|Brandon Hagel Over 3.5 SOG,2026-10-05,2026020040,PHI @ TBL,2026-10-05T23:00:00Z,Brandon Hagel,3.5,,,,informatif,2.115,,,SOG lambda 3.59 (nb),,,,,0.4728,,8479542,
2026-10-05T18:15:55+00:00,nhl,nhl_sog,Brandon Hagel Under 3.5 SOG,0.5272,,,,,0,,,2026.09.30.1,2026-10-05|nhl|nhl_sog|Brandon Hagel Under 3.5 SOG,2026-10-05,2026020040,PHI @ TBL,2026-10-05T23:00:00Z,Brandon Hagel,3.5,,,,informatif,1.897,,,SOG lambda 3.59 (nb),,,,,0.5272,,8479542,
2026-10-05T18:15:55+00:00,nhl,nhl_sog,Jason Robertson Over 3.5 SOG,0.4121,,2.5,bet365,3.03,1,,,2026.09.30.1,2026-10-05|nhl|nhl_sog|Jason Robertson Over 3.5 SOG,2026-10-05,2026020043,SJS @ DAL,2026-10-06T00:00:00Z,Jason Robertson,3.5,,,,informatif,2.427,,,SOG lambda 3.29 (nb),,,,,0.4121,,8480027,
2026-10-05T18:15:55+00:00,nhl,nhl_sog,Jason Robertson Under 3.5 SOG,0.5879,,,,,0,,,2026.09.30.1,2026-10-05|nhl|nhl_sog|Jason Robertson Under 3.5 SOG,2026-10-05,2026020043,SJS @ DAL,2026-10-06T00:00:00Z,Jason Robertson,3.5,,,,informatif,1.701,,,SOG lambda 3.29 (nb),,,,,0.5879,,8480027,
2026-10-05T18:15:55+00:00,nhl,nhl_sog,David Pastrnak Over 3.5 SOG,0.4103,,,,,0,,,2026.09.30.1,2026-10-05|nhl|nhl_sog|David Pastrnak Over 3.5 SOG,2026-10-05,2026020041,OTT @ BOS,2026-10-05T23:30:00Z,David Pastrnak,3.5,,,,informatif,2.437,,,SOG lambda 3.28 (nb),,,,,0.4103,,8477956,
2026-10-05T18:15:55+00:00,nhl,nhl_sog,David Pastrnak Under 3.5 SOG,0.5897,,,,,0,,,2026.09.30.1,2026-10-05|nhl|nhl_sog|David Pastrnak Under 3.5 SOG,2026-10-05,2026020041,OTT @ BOS,2026-10-05T23:30:00Z,David Pastrnak,3.5,,,,informatif,1.696,,,SOG lambda 3.28 (nb),,,,,0.5897,,8477956,
2026-10-05T18:15:55+00:00,nhl,nhl_sog,Nikita Kucherov Over 3.5 SOG,0.3576,,,,,0,,,2026.09.30.1,2026-10-05|nhl|nhl_sog|Nikita Kucherov Over 3.5 SOG,2026-10-05,2026020040,PHI @ TBL,2026-10-05T23:00:00Z,Nikita Kucherov,3.5,,,,informatif,2.796,,,SOG lambda 3.02 (nb),,,,,0.3576,,8476453,
2026-10-05T18:15:55+00:00,nhl,nhl_sog,Nikita Kucherov Under 3.5 SOG,0.6424,,,,,0,,,2026.09.30.1,2026-10-05|nhl|nhl_sog|Nikita Kucherov Under 3.5 SOG,2026-10-05,2026020040,PHI @ TBL,2026-10-05T23:00:00Z,Nikita Kucherov,3.5,,,,informatif,1.557,,,SOG lambda 3.02 (nb),,,,,0.6424,,8476453,
2026-10-05T18:15:55+00:00,nhl,nhl_sog,Macklin Celebrini Over 2.5 SOG,0.532,,,,,0,,,2026.09.30.1,2026-10-05|nhl|nhl_sog|Macklin Celebrini Over 2.5 SOG,2026-10-05,2026020043,SJS @ DAL,2026-10-06T00:00:00Z,Macklin Celebrini,2.5,,,,informatif,1.88,,,SOG lambda 2.86 (nb),,,,,0.532,,8484801,
2026-10-05T18:15:55+00:00,nhl,nhl_sog,Macklin Celebrini Under 2.5 SOG,0.468,,,,,0,,,2026.09.30.1,2026-10-05|nhl|nhl_sog|Macklin Celebrini Under 2.5 SOG,2026-10-05,2026020043,SJS @ DAL,2026-10-06T00:00:00Z,Macklin Celebrini,2.5,,,,informatif,2.137,,,SOG lambda 2.86 (nb),,,,,0.468,,8484801,
2026-10-05T18:15:55+00:00,nhl,nhl_sog,Kyle Connor Over 2.5 SOG,0.4521,,,,,0,,,2026.09.30.1,2026-10-05|nhl|nhl_sog|Kyle Connor Over 2.5 SOG,2026-10-05,2026020042,WPG @ PIT,2026-10-05T23:30:00Z,Kyle Connor,2.5,,,,informatif,2.212,,,SOG lambda 2.51 (nb),,,,,0.4521,,8478398,
2026-10-05T18:15:55+00:00,nhl,nhl_sog,Kyle Connor Under 2.5 SOG,0.5479,,,,,0,,,2026.09.30.1,2026-10-05|nhl|nhl_sog|Kyle Connor Under 2.5 SOG,2026-10-05,2026020042,WPG @ PIT,2026-10-05T23:30:00Z,Kyle Connor,2.5,,,,informatif,1.825,,,SOG lambda 2.51 (nb),,,,,0.5479,,8478398,
